idx,0,LOG_TIME,2023-04-23T19:40:08,2023-04-23T14:40:08
NAME,CPU(cores),CPU%,MEMORY(bytes),MEMORY%,
kind-control-plane,359m,4%,1325Mi,16%,
kind-worker,53m,0%,385Mi,4%,
kind-worker2,91m,1%,239Mi,3%,
kind-worker3,45m,0%,269Mi,3%,
idx,1,LOG_TIME,2023-04-23T19:40:08,2023-04-23T14:40:08
NAME,CPU(cores),CPU%,MEMORY(bytes),MEMORY%,
kind-control-plane,359m,4%,1325Mi,16%,
kind-worker,53m,0%,385Mi,4%,
kind-worker2,91m,1%,239Mi,3%,
kind-worker3,45m,0%,269Mi,3%,
idx,2,LOG_TIME,2023-04-23T19:40:08,2023-04-23T14:40:08
NAME,CPU(cores),CPU%,MEMORY(bytes),MEMORY%,
kind-control-plane,359m,4%,1325Mi,16%,
kind-worker,53m,0%,385Mi,4%,
kind-worker2,91m,1%,239Mi,3%,
kind-worker3,45m,0%,269Mi,3%,
idx,3,LOG_TIME,2023-04-23T19:40:08,2023-04-23T14:40:08
NAME,CPU(cores),CPU%,MEMORY(bytes),MEMORY%,
kind-control-plane,359m,4%,1325Mi,16%,
kind-worker,53m,0%,385Mi,4%,
kind-worker2,91m,1%,239Mi,3%,
kind-worker3,45m,0%,269Mi,3%,
idx,4,LOG_TIME,2023-04-23T19:40:08,2023-04-23T14:40:08
NAME,CPU(cores),CPU%,MEMORY(bytes),MEMORY%,
kind-control-plane,475m,5%,1334Mi,16%,
kind-worker,105m,1%,370Mi,4%,
kind-worker2,40m,0%,240Mi,3%,
kind-worker3,90m,1%,253Mi,3%,
idx,5,LOG_TIME,2023-04-23T19:40:08,2023-04-23T14:40:08
NAME,CPU(cores),CPU%,MEMORY(bytes),MEMORY%,
kind-control-plane,475m,5%,1334Mi,16%,
kind-worker,105m,1%,370Mi,4%,
kind-worker2,40m,0%,240Mi,3%,
kind-worker3,90m,1%,253Mi,3%,
idx,6,LOG_TIME,2023-04-23T19:40:08,2023-04-23T14:40:08
NAME,CPU(cores),CPU%,MEMORY(bytes),MEMORY%,
kind-control-plane,475m,5%,1334Mi,16%,
kind-worker,105m,1%,370Mi,4%,
kind-worker2,40m,0%,240Mi,3%,
kind-worker3,90m,1%,253Mi,3%,
idx,7,LOG_TIME,2023-04-23T19:40:08,2023-04-23T14:40:08
NAME,CPU(cores),CPU%,MEMORY(bytes),MEMORY%,
kind-control-plane,475m,5%,1334Mi,16%,
kind-worker,105m,1%,370Mi,4%,
kind-worker2,40m,0%,240Mi,3%,
kind-worker3,90m,1%,253Mi,3%,
idx,8,LOG_TIME,2023-04-23T19:40:08,2023-04-23T14:40:08
NAME,CPU(cores),CPU%,MEMORY(bytes),MEMORY%,
kind-control-plane,475m,5%,1334Mi,16%,
kind-worker,105m,1%,370Mi,4%,
kind-worker2,40m,0%,240Mi,3%,
kind-worker3,90m,1%,253Mi,3%,
idx,9,LOG_TIME,2023-04-23T19:40:08,2023-04-23T14:40:08
NAME,CPU(cores),CPU%,MEMORY(bytes),MEMORY%,
kind-control-plane,475m,5%,1334Mi,16%,
kind-worker,105m,1%,370Mi,4%,
kind-worker2,40m,0%,240Mi,3%,
kind-worker3,90m,1%,253Mi,3%,
idx,10,LOG_TIME,2023-04-23T19:40:08,2023-04-23T14:40:08
NAME,CPU(cores),CPU%,MEMORY(bytes),MEMORY%,
kind-control-plane,475m,5%,1334Mi,16%,
kind-worker,105m,1%,370Mi,4%,
kind-worker2,40m,0%,240Mi,3%,
kind-worker3,90m,1%,253Mi,3%,
idx,11,LOG_TIME,2023-04-23T19:40:08,2023-04-23T14:40:08
NAME,CPU(cores),CPU%,MEMORY(bytes),MEMORY%,
kind-control-plane,475m,5%,1334Mi,16%,
kind-worker,105m,1%,370Mi,4%,
kind-worker2,40m,0%,240Mi,3%,
kind-worker3,90m,1%,253Mi,3%,
idx,12,LOG_TIME,2023-04-23T19:40:08,2023-04-23T14:40:08
NAME,CPU(cores),CPU%,MEMORY(bytes),MEMORY%,
kind-control-plane,475m,5%,1334Mi,16%,
kind-worker,105m,1%,370Mi,4%,
kind-worker2,40m,0%,240Mi,3%,
kind-worker3,90m,1%,253Mi,3%,
idx,13,LOG_TIME,2023-04-23T19:40:08,2023-04-23T14:40:08
NAME,CPU(cores),CPU%,MEMORY(bytes),MEMORY%,
kind-control-plane,475m,5%,1334Mi,16%,
kind-worker,105m,1%,370Mi,4%,
kind-worker2,40m,0%,240Mi,3%,
kind-worker3,90m,1%,253Mi,3%,
idx,14,LOG_TIME,2023-04-23T19:40:08,2023-04-23T14:40:08
NAME,CPU(cores),CPU%,MEMORY(bytes),MEMORY%,
kind-control-plane,475m,5%,1334Mi,16%,
kind-worker,105m,1%,370Mi,4%,
kind-worker2,40m,0%,240Mi,3%,
kind-worker3,90m,1%,253Mi,3%,
idx,15,LOG_TIME,2023-04-23T19:40:08,2023-04-23T14:40:08
NAME,CPU(cores),CPU%,MEMORY(bytes),MEMORY%,
kind-control-plane,475m,5%,1334Mi,16%,
kind-worker,105m,1%,370Mi,4%,
kind-worker2,40m,0%,240Mi,3%,
kind-worker3,90m,1%,253Mi,3%,
idx,16,LOG_TIME,2023-04-23T19:40:08,2023-04-23T14:40:08
NAME,CPU(cores),CPU%,MEMORY(bytes),MEMORY%,
kind-control-plane,475m,5%,1334Mi,16%,
kind-worker,105m,1%,370Mi,4%,
kind-worker2,40m,0%,240Mi,3%,
kind-worker3,90m,1%,253Mi,3%,
idx,17,LOG_TIME,2023-04-23T19:40:08,2023-04-23T14:40:08
NAME,CPU(cores),CPU%,MEMORY(bytes),MEMORY%,
kind-control-plane,475m,5%,1334Mi,16%,
kind-worker,105m,1%,370Mi,4%,
kind-worker2,40m,0%,240Mi,3%,
kind-worker3,90m,1%,253Mi,3%,
idx,18,LOG_TIME,2023-04-23T19:40:08,2023-04-23T14:40:08
NAME,CPU(cores),CPU%,MEMORY(bytes),MEMORY%,
kind-control-plane,953m,11%,1336Mi,16%,
kind-worker,95m,1%,373Mi,4%,
kind-worker2,96m,1%,256Mi,3%,
kind-worker3,82m,1%,258Mi,3%,
idx,19,LOG_TIME,2023-04-23T19:40:08,2023-04-23T14:40:08
NAME,CPU(cores),CPU%,MEMORY(bytes),MEMORY%,
kind-control-plane,953m,11%,1336Mi,16%,
kind-worker,95m,1%,373Mi,4%,
kind-worker2,96m,1%,256Mi,3%,
kind-worker3,82m,1%,258Mi,3%,
idx,20,LOG_TIME,2023-04-23T19:40:08,2023-04-23T14:40:08
NAME,CPU(cores),CPU%,MEMORY(bytes),MEMORY%,
kind-control-plane,953m,11%,1336Mi,16%,
kind-worker,95m,1%,373Mi,4%,
kind-worker2,96m,1%,256Mi,3%,
kind-worker3,82m,1%,258Mi,3%,
idx,21,LOG_TIME,2023-04-23T19:40:08,2023-04-23T14:40:08
NAME,CPU(cores),CPU%,MEMORY(bytes),MEMORY%,
kind-control-plane,953m,11%,1336Mi,16%,
kind-worker,95m,1%,373Mi,4%,
kind-worker2,96m,1%,256Mi,3%,
kind-worker3,82m,1%,258Mi,3%,
idx,22,LOG_TIME,2023-04-23T19:40:08,2023-04-23T14:40:08
NAME,CPU(cores),CPU%,MEMORY(bytes),MEMORY%,
kind-control-plane,953m,11%,1336Mi,16%,
kind-worker,95m,1%,373Mi,4%,
kind-worker2,96m,1%,256Mi,3%,
kind-worker3,82m,1%,258Mi,3%,
idx,23,LOG_TIME,2023-04-23T19:40:08,2023-04-23T14:40:08
NAME,CPU(cores),CPU%,MEMORY(bytes),MEMORY%,
kind-control-plane,953m,11%,1336Mi,16%,
kind-worker,95m,1%,373Mi,4%,
kind-worker2,96m,1%,256Mi,3%,
kind-worker3,82m,1%,258Mi,3%,
idx,24,LOG_TIME,2023-04-23T19:40:08,2023-04-23T14:40:08
NAME,CPU(cores),CPU%,MEMORY(bytes),MEMORY%,
kind-control-plane,953m,11%,1336Mi,16%,
kind-worker,95m,1%,373Mi,4%,
kind-worker2,96m,1%,256Mi,3%,
kind-worker3,82m,1%,258Mi,3%,
idx,25,LOG_TIME,2023-04-23T19:40:08,2023-04-23T14:40:08
NAME,CPU(cores),CPU%,MEMORY(bytes),MEMORY%,
kind-control-plane,953m,11%,1336Mi,16%,
kind-worker,95m,1%,373Mi,4%,
kind-worker2,96m,1%,256Mi,3%,
kind-worker3,82m,1%,258Mi,3%,
idx,26,LOG_TIME,2023-04-23T19:40:08,2023-04-23T14:40:08
NAME,CPU(cores),CPU%,MEMORY(bytes),MEMORY%,
kind-control-plane,953m,11%,1336Mi,16%,
kind-worker,95m,1%,373Mi,4%,
kind-worker2,96m,1%,256Mi,3%,
kind-worker3,82m,1%,258Mi,3%,
idx,27,LOG_TIME,2023-04-23T19:40:08,2023-04-23T14:40:08
NAME,CPU(cores),CPU%,MEMORY(bytes),MEMORY%,
kind-control-plane,953m,11%,1336Mi,16%,
kind-worker,95m,1%,373Mi,4%,
kind-worker2,96m,1%,256Mi,3%,
kind-worker3,82m,1%,258Mi,3%,
idx,28,LOG_TIME,2023-04-23T19:40:08,2023-04-23T14:40:08
NAME,CPU(cores),CPU%,MEMORY(bytes),MEMORY%,
kind-control-plane,953m,11%,1336Mi,16%,
kind-worker,95m,1%,373Mi,4%,
kind-worker2,96m,1%,256Mi,3%,
kind-worker3,82m,1%,258Mi,3%,
idx,29,LOG_TIME,2023-04-23T19:40:08,2023-04-23T14:40:08
NAME,CPU(cores),CPU%,MEMORY(bytes),MEMORY%,
kind-control-plane,953m,11%,1336Mi,16%,
kind-worker,95m,1%,373Mi,4%,
kind-worker2,96m,1%,256Mi,3%,
kind-worker3,82m,1%,258Mi,3%,
idx,30,LOG_TIME,2023-04-23T19:40:08,2023-04-23T14:40:08
NAME,CPU(cores),CPU%,MEMORY(bytes),MEMORY%,
kind-control-plane,953m,11%,1336Mi,16%,
kind-worker,95m,1%,373Mi,4%,
kind-worker2,96m,1%,256Mi,3%,
kind-worker3,82m,1%,258Mi,3%,
idx,31,LOG_TIME,2023-04-23T19:40:08,2023-04-23T14:40:08
NAME,CPU(cores),CPU%,MEMORY(bytes),MEMORY%,
kind-control-plane,953m,11%,1336Mi,16%,
kind-worker,95m,1%,373Mi,4%,
kind-worker2,96m,1%,256Mi,3%,
kind-worker3,82m,1%,258Mi,3%,
idx,32,LOG_TIME,2023-04-23T19:40:08,2023-04-23T14:40:08
NAME,CPU(cores),CPU%,MEMORY(bytes),MEMORY%,
kind-control-plane,953m,11%,1336Mi,16%,
kind-worker,95m,1%,373Mi,4%,
kind-worker2,96m,1%,256Mi,3%,
kind-worker3,82m,1%,258Mi,3%,
idx,33,LOG_TIME,2023-04-23T19:40:08,2023-04-23T14:40:08
NAME,CPU(cores),CPU%,MEMORY(bytes),MEMORY%,
kind-control-plane,952m,11%,1339Mi,16%,
kind-worker,90m,1%,385Mi,4%,
kind-worker2,42m,0%,255Mi,3%,
kind-worker3,86m,1%,259Mi,3%,
idx,34,LOG_TIME,2023-04-23T19:40:08,2023-04-23T14:40:08
NAME,CPU(cores),CPU%,MEMORY(bytes),MEMORY%,
kind-control-plane,952m,11%,1339Mi,16%,
kind-worker,90m,1%,385Mi,4%,
kind-worker2,42m,0%,255Mi,3%,
kind-worker3,86m,1%,259Mi,3%,
idx,35,LOG_TIME,2023-04-23T19:40:08,2023-04-23T14:40:08
NAME,CPU(cores),CPU%,MEMORY(bytes),MEMORY%,
kind-control-plane,952m,11%,1339Mi,16%,
kind-worker,90m,1%,385Mi,4%,
kind-worker2,42m,0%,255Mi,3%,
kind-worker3,86m,1%,259Mi,3%,
idx,36,LOG_TIME,2023-04-23T19:40:08,2023-04-23T14:40:08
NAME,CPU(cores),CPU%,MEMORY(bytes),MEMORY%,
kind-control-plane,952m,11%,1339Mi,16%,
kind-worker,90m,1%,385Mi,4%,
kind-worker2,42m,0%,255Mi,3%,
kind-worker3,86m,1%,259Mi,3%,
idx,37,LOG_TIME,2023-04-23T19:40:08,2023-04-23T14:40:08
NAME,CPU(cores),CPU%,MEMORY(bytes),MEMORY%,
kind-control-plane,952m,11%,1339Mi,16%,
kind-worker,90m,1%,385Mi,4%,
kind-worker2,42m,0%,255Mi,3%,
kind-worker3,86m,1%,259Mi,3%,
idx,38,LOG_TIME,2023-04-23T19:40:08,2023-04-23T14:40:08
NAME,CPU(cores),CPU%,MEMORY(bytes),MEMORY%,
kind-control-plane,952m,11%,1339Mi,16%,
kind-worker,90m,1%,385Mi,4%,
kind-worker2,42m,0%,255Mi,3%,
kind-worker3,86m,1%,259Mi,3%,
idx,39,LOG_TIME,2023-04-23T19:40:08,2023-04-23T14:40:08
NAME,CPU(cores),CPU%,MEMORY(bytes),MEMORY%,
kind-control-plane,952m,11%,1339Mi,16%,
kind-worker,90m,1%,385Mi,4%,
kind-worker2,42m,0%,255Mi,3%,
kind-worker3,86m,1%,259Mi,3%,
idx,40,LOG_TIME,2023-04-23T19:40:08,2023-04-23T14:40:08
NAME,CPU(cores),CPU%,MEMORY(bytes),MEMORY%,
kind-control-plane,952m,11%,1339Mi,16%,
kind-worker,90m,1%,385Mi,4%,
kind-worker2,42m,0%,255Mi,3%,
kind-worker3,86m,1%,259Mi,3%,
idx,41,LOG_TIME,2023-04-23T19:40:08,2023-04-23T14:40:08
NAME,CPU(cores),CPU%,MEMORY(bytes),MEMORY%,
kind-control-plane,952m,11%,1339Mi,16%,
kind-worker,90m,1%,385Mi,4%,
kind-worker2,42m,0%,255Mi,3%,
kind-worker3,86m,1%,259Mi,3%,
idx,42,LOG_TIME,2023-04-23T19:40:08,2023-04-23T14:40:08
NAME,CPU(cores),CPU%,MEMORY(bytes),MEMORY%,
kind-control-plane,952m,11%,1339Mi,16%,
kind-worker,90m,1%,385Mi,4%,
kind-worker2,42m,0%,255Mi,3%,
kind-worker3,86m,1%,259Mi,3%,
idx,43,LOG_TIME,2023-04-23T19:40:08,2023-04-23T14:40:08
NAME,CPU(cores),CPU%,MEMORY(bytes),MEMORY%,
kind-control-plane,952m,11%,1339Mi,16%,
kind-worker,90m,1%,385Mi,4%,
kind-worker2,42m,0%,255Mi,3%,
kind-worker3,86m,1%,259Mi,3%,
idx,44,LOG_TIME,2023-04-23T19:40:08,2023-04-23T14:40:08
NAME,CPU(cores),CPU%,MEMORY(bytes),MEMORY%,
kind-control-plane,952m,11%,1339Mi,16%,
kind-worker,90m,1%,385Mi,4%,
kind-worker2,42m,0%,255Mi,3%,
kind-worker3,86m,1%,259Mi,3%,
idx,45,LOG_TIME,2023-04-23T19:40:08,2023-04-23T14:40:08
NAME,CPU(cores),CPU%,MEMORY(bytes),MEMORY%,
kind-control-plane,952m,11%,1339Mi,16%,
kind-worker,90m,1%,385Mi,4%,
kind-worker2,42m,0%,255Mi,3%,
kind-worker3,86m,1%,259Mi,3%,
idx,46,LOG_TIME,2023-04-23T19:40:08,2023-04-23T14:40:08
NAME,CPU(cores),CPU%,MEMORY(bytes),MEMORY%,
kind-control-plane,952m,11%,1339Mi,16%,
kind-worker,90m,1%,385Mi,4%,
kind-worker2,42m,0%,255Mi,3%,
kind-worker3,86m,1%,259Mi,3%,
idx,47,LOG_TIME,2023-04-23T19:40:08,2023-04-23T14:40:08
NAME,CPU(cores),CPU%,MEMORY(bytes),MEMORY%,
kind-control-plane,952m,11%,1339Mi,16%,
kind-worker,90m,1%,385Mi,4%,
kind-worker2,42m,0%,255Mi,3%,
kind-worker3,86m,1%,259Mi,3%,
idx,48,LOG_TIME,2023-04-23T19:40:08,2023-04-23T14:40:08
NAME,CPU(cores),CPU%,MEMORY(bytes),MEMORY%,
kind-control-plane,1001m,12%,1337Mi,16%,
kind-worker,94m,1%,386Mi,4%,
kind-worker2,107m,1%,271Mi,3%,
kind-worker3,109m,1%,254Mi,3%,
idx,49,LOG_TIME,2023-04-23T19:40:08,2023-04-23T14:40:08
NAME,CPU(cores),CPU%,MEMORY(bytes),MEMORY%,
kind-control-plane,1001m,12%,1337Mi,16%,
kind-worker,94m,1%,386Mi,4%,
kind-worker2,107m,1%,271Mi,3%,
kind-worker3,109m,1%,254Mi,3%,
idx,50,LOG_TIME,2023-04-23T19:40:08,2023-04-23T14:40:08
NAME,CPU(cores),CPU%,MEMORY(bytes),MEMORY%,
kind-control-plane,1001m,12%,1337Mi,16%,
kind-worker,94m,1%,386Mi,4%,
kind-worker2,107m,1%,271Mi,3%,
kind-worker3,109m,1%,254Mi,3%,
idx,51,LOG_TIME,2023-04-23T19:40:08,2023-04-23T14:40:08
NAME,CPU(cores),CPU%,MEMORY(bytes),MEMORY%,
kind-control-plane,1001m,12%,1337Mi,16%,
kind-worker,94m,1%,386Mi,4%,
kind-worker2,107m,1%,271Mi,3%,
kind-worker3,109m,1%,254Mi,3%,
idx,52,LOG_TIME,2023-04-23T19:40:08,2023-04-23T14:40:08
NAME,CPU(cores),CPU%,MEMORY(bytes),MEMORY%,
kind-control-plane,1001m,12%,1337Mi,16%,
kind-worker,94m,1%,386Mi,4%,
kind-worker2,107m,1%,271Mi,3%,
kind-worker3,109m,1%,254Mi,3%,
idx,53,LOG_TIME,2023-04-23T19:40:08,2023-04-23T14:40:08
NAME,CPU(cores),CPU%,MEMORY(bytes),MEMORY%,
kind-control-plane,1001m,12%,1337Mi,16%,
kind-worker,94m,1%,386Mi,4%,
kind-worker2,107m,1%,271Mi,3%,
kind-worker3,109m,1%,254Mi,3%,
idx,54,LOG_TIME,2023-04-23T19:40:08,2023-04-23T14:40:08
NAME,CPU(cores),CPU%,MEMORY(bytes),MEMORY%,
kind-control-plane,1001m,12%,1337Mi,16%,
kind-worker,94m,1%,386Mi,4%,
kind-worker2,107m,1%,271Mi,3%,
kind-worker3,109m,1%,254Mi,3%,
idx,55,LOG_TIME,2023-04-23T19:40:08,2023-04-23T14:40:08
NAME,CPU(cores),CPU%,MEMORY(bytes),MEMORY%,
kind-control-plane,1001m,12%,1337Mi,16%,
kind-worker,94m,1%,386Mi,4%,
kind-worker2,107m,1%,271Mi,3%,
kind-worker3,109m,1%,254Mi,3%,
idx,56,LOG_TIME,2023-04-23T19:40:08,2023-04-23T14:40:08
NAME,CPU(cores),CPU%,MEMORY(bytes),MEMORY%,
kind-control-plane,1001m,12%,1337Mi,16%,
kind-worker,94m,1%,386Mi,4%,
kind-worker2,107m,1%,271Mi,3%,
kind-worker3,109m,1%,254Mi,3%,
idx,57,LOG_TIME,2023-04-23T19:40:08,2023-04-23T14:40:08
NAME,CPU(cores),CPU%,MEMORY(bytes),MEMORY%,
kind-control-plane,1001m,12%,1337Mi,16%,
kind-worker,94m,1%,386Mi,4%,
kind-worker2,107m,1%,271Mi,3%,
kind-worker3,109m,1%,254Mi,3%,
idx,58,LOG_TIME,2023-04-23T19:40:08,2023-04-23T14:40:08
NAME,CPU(cores),CPU%,MEMORY(bytes),MEMORY%,
kind-control-plane,1001m,12%,1337Mi,16%,
kind-worker,94m,1%,386Mi,4%,
kind-worker2,107m,1%,271Mi,3%,
kind-worker3,109m,1%,254Mi,3%,
idx,59,LOG_TIME,2023-04-23T19:40:08,2023-04-23T14:40:08
NAME,CPU(cores),CPU%,MEMORY(bytes),MEMORY%,
kind-control-plane,1001m,12%,1337Mi,16%,
kind-worker,94m,1%,386Mi,4%,
kind-worker2,107m,1%,271Mi,3%,
kind-worker3,109m,1%,254Mi,3%,
idx,60,LOG_TIME,2023-04-23T19:40:08,2023-04-23T14:40:08
NAME,CPU(cores),CPU%,MEMORY(bytes),MEMORY%,
kind-control-plane,1001m,12%,1337Mi,16%,
kind-worker,94m,1%,386Mi,4%,
kind-worker2,107m,1%,271Mi,3%,
kind-worker3,109m,1%,254Mi,3%,
idx,61,LOG_TIME,2023-04-23T19:40:08,2023-04-23T14:40:08
NAME,CPU(cores),CPU%,MEMORY(bytes),MEMORY%,
kind-control-plane,1001m,12%,1337Mi,16%,
kind-worker,94m,1%,386Mi,4%,
kind-worker2,107m,1%,271Mi,3%,
kind-worker3,109m,1%,254Mi,3%,
idx,62,LOG_TIME,2023-04-23T19:40:08,2023-04-23T14:40:08
NAME,CPU(cores),CPU%,MEMORY(bytes),MEMORY%,
kind-control-plane,1000m,12%,1341Mi,16%,
kind-worker,52m,0%,385Mi,4%,
kind-worker2,44m,0%,272Mi,3%,
kind-worker3,35m,0%,255Mi,3%,
idx,63,LOG_TIME,2023-04-23T19:40:08,2023-04-23T14:40:08
NAME,CPU(cores),CPU%,MEMORY(bytes),MEMORY%,
kind-control-plane,1000m,12%,1341Mi,16%,
kind-worker,52m,0%,385Mi,4%,
kind-worker2,44m,0%,272Mi,3%,
kind-worker3,35m,0%,255Mi,3%,
idx,64,LOG_TIME,2023-04-23T19:40:08,2023-04-23T14:40:08
NAME,CPU(cores),CPU%,MEMORY(bytes),MEMORY%,
kind-control-plane,1000m,12%,1341Mi,16%,
kind-worker,52m,0%,385Mi,4%,
kind-worker2,44m,0%,272Mi,3%,
kind-worker3,35m,0%,255Mi,3%,
idx,65,LOG_TIME,2023-04-23T19:40:08,2023-04-23T14:40:08
NAME,CPU(cores),CPU%,MEMORY(bytes),MEMORY%,
kind-control-plane,1000m,12%,1341Mi,16%,
kind-worker,52m,0%,385Mi,4%,
kind-worker2,44m,0%,272Mi,3%,
kind-worker3,35m,0%,255Mi,3%,
idx,66,LOG_TIME,2023-04-23T19:40:08,2023-04-23T14:40:08
NAME,CPU(cores),CPU%,MEMORY(bytes),MEMORY%,
kind-control-plane,1000m,12%,1341Mi,16%,
kind-worker,52m,0%,385Mi,4%,
kind-worker2,44m,0%,272Mi,3%,
kind-worker3,35m,0%,255Mi,3%,
idx,67,LOG_TIME,2023-04-23T19:40:08,2023-04-23T14:40:08
NAME,CPU(cores),CPU%,MEMORY(bytes),MEMORY%,
kind-control-plane,1000m,12%,1341Mi,16%,
kind-worker,52m,0%,385Mi,4%,
kind-worker2,44m,0%,272Mi,3%,
kind-worker3,35m,0%,255Mi,3%,
idx,68,LOG_TIME,2023-04-23T19:40:08,2023-04-23T14:40:08
NAME,CPU(cores),CPU%,MEMORY(bytes),MEMORY%,
kind-control-plane,1000m,12%,1341Mi,16%,
kind-worker,52m,0%,385Mi,4%,
kind-worker2,44m,0%,272Mi,3%,
kind-worker3,35m,0%,255Mi,3%,
idx,69,LOG_TIME,2023-04-23T19:40:08,2023-04-23T14:40:08
NAME,CPU(cores),CPU%,MEMORY(bytes),MEMORY%,
kind-control-plane,1000m,12%,1341Mi,16%,
kind-worker,52m,0%,385Mi,4%,
kind-worker2,44m,0%,272Mi,3%,
kind-worker3,35m,0%,255Mi,3%,
idx,70,LOG_TIME,2023-04-23T19:40:08,2023-04-23T14:40:08
NAME,CPU(cores),CPU%,MEMORY(bytes),MEMORY%,
kind-control-plane,1000m,12%,1341Mi,16%,
kind-worker,52m,0%,385Mi,4%,
kind-worker2,44m,0%,272Mi,3%,
kind-worker3,35m,0%,255Mi,3%,
idx,71,LOG_TIME,2023-04-23T19:40:08,2023-04-23T14:40:08
NAME,CPU(cores),CPU%,MEMORY(bytes),MEMORY%,
kind-control-plane,1000m,12%,1341Mi,16%,
kind-worker,52m,0%,385Mi,4%,
kind-worker2,44m,0%,272Mi,3%,
kind-worker3,35m,0%,255Mi,3%,
idx,72,LOG_TIME,2023-04-23T19:40:08,2023-04-23T14:40:08
NAME,CPU(cores),CPU%,MEMORY(bytes),MEMORY%,
kind-control-plane,1000m,12%,1341Mi,16%,
kind-worker,52m,0%,385Mi,4%,
kind-worker2,44m,0%,272Mi,3%,
kind-worker3,35m,0%,255Mi,3%,
idx,73,LOG_TIME,2023-04-23T19:40:08,2023-04-23T14:40:08
NAME,CPU(cores),CPU%,MEMORY(bytes),MEMORY%,
kind-control-plane,1000m,12%,1341Mi,16%,
kind-worker,52m,0%,385Mi,4%,
kind-worker2,44m,0%,272Mi,3%,
kind-worker3,35m,0%,255Mi,3%,
idx,74,LOG_TIME,2023-04-23T19:40:08,2023-04-23T14:40:08
NAME,CPU(cores),CPU%,MEMORY(bytes),MEMORY%,
kind-control-plane,1000m,12%,1341Mi,16%,
kind-worker,52m,0%,385Mi,4%,
kind-worker2,44m,0%,272Mi,3%,
kind-worker3,35m,0%,255Mi,3%,
idx,75,LOG_TIME,2023-04-23T19:40:08,2023-04-23T14:40:08
NAME,CPU(cores),CPU%,MEMORY(bytes),MEMORY%,
kind-control-plane,1000m,12%,1341Mi,16%,
kind-worker,52m,0%,385Mi,4%,
kind-worker2,44m,0%,272Mi,3%,
kind-worker3,35m,0%,255Mi,3%,
idx,76,LOG_TIME,2023-04-23T19:40:08,2023-04-23T14:40:08
NAME,CPU(cores),CPU%,MEMORY(bytes),MEMORY%,
kind-control-plane,1000m,12%,1341Mi,16%,
kind-worker,52m,0%,385Mi,4%,
kind-worker2,44m,0%,272Mi,3%,
kind-worker3,35m,0%,255Mi,3%,
idx,77,LOG_TIME,2023-04-23T19:40:08,2023-04-23T14:40:08
NAME,CPU(cores),CPU%,MEMORY(bytes),MEMORY%,
kind-control-plane,934m,11%,1341Mi,16%,
kind-worker,50m,0%,386Mi,4%,
kind-worker2,106m,1%,240Mi,3%,
kind-worker3,34m,0%,255Mi,3%,
idx,78,LOG_TIME,2023-04-23T19:40:08,2023-04-23T14:40:08
NAME,CPU(cores),CPU%,MEMORY(bytes),MEMORY%,
kind-control-plane,934m,11%,1341Mi,16%,
kind-worker,50m,0%,386Mi,4%,
kind-worker2,106m,1%,240Mi,3%,
kind-worker3,34m,0%,255Mi,3%,
idx,79,LOG_TIME,2023-04-23T19:40:08,2023-04-23T14:40:08
NAME,CPU(cores),CPU%,MEMORY(bytes),MEMORY%,
kind-control-plane,934m,11%,1341Mi,16%,
kind-worker,50m,0%,386Mi,4%,
kind-worker2,106m,1%,240Mi,3%,
kind-worker3,34m,0%,255Mi,3%,
idx,80,LOG_TIME,2023-04-23T19:40:08,2023-04-23T14:40:08
NAME,CPU(cores),CPU%,MEMORY(bytes),MEMORY%,
kind-control-plane,934m,11%,1341Mi,16%,
kind-worker,50m,0%,386Mi,4%,
kind-worker2,106m,1%,240Mi,3%,
kind-worker3,34m,0%,255Mi,3%,
idx,81,LOG_TIME,2023-04-23T19:40:08,2023-04-23T14:40:08
NAME,CPU(cores),CPU%,MEMORY(bytes),MEMORY%,
kind-control-plane,934m,11%,1341Mi,16%,
kind-worker,50m,0%,386Mi,4%,
kind-worker2,106m,1%,240Mi,3%,
kind-worker3,34m,0%,255Mi,3%,
idx,82,LOG_TIME,2023-04-23T19:40:08,2023-04-23T14:40:08
NAME,CPU(cores),CPU%,MEMORY(bytes),MEMORY%,
kind-control-plane,934m,11%,1341Mi,16%,
kind-worker,50m,0%,386Mi,4%,
kind-worker2,106m,1%,240Mi,3%,
kind-worker3,34m,0%,255Mi,3%,
idx,83,LOG_TIME,2023-04-23T19:40:08,2023-04-23T14:40:08
NAME,CPU(cores),CPU%,MEMORY(bytes),MEMORY%,
kind-control-plane,934m,11%,1341Mi,16%,
kind-worker,50m,0%,386Mi,4%,
kind-worker2,106m,1%,240Mi,3%,
kind-worker3,34m,0%,255Mi,3%,
idx,84,LOG_TIME,2023-04-23T19:40:08,2023-04-23T14:40:08
NAME,CPU(cores),CPU%,MEMORY(bytes),MEMORY%,
kind-control-plane,934m,11%,1341Mi,16%,
kind-worker,50m,0%,386Mi,4%,
kind-worker2,106m,1%,240Mi,3%,
kind-worker3,34m,0%,255Mi,3%,
idx,85,LOG_TIME,2023-04-23T19:40:08,2023-04-23T14:40:08
NAME,CPU(cores),CPU%,MEMORY(bytes),MEMORY%,
kind-control-plane,934m,11%,1341Mi,16%,
kind-worker,50m,0%,386Mi,4%,
kind-worker2,106m,1%,240Mi,3%,
kind-worker3,34m,0%,255Mi,3%,
idx,86,LOG_TIME,2023-04-23T19:40:08,2023-04-23T14:40:08
NAME,CPU(cores),CPU%,MEMORY(bytes),MEMORY%,
kind-control-plane,934m,11%,1341Mi,16%,
kind-worker,50m,0%,386Mi,4%,
kind-worker2,106m,1%,240Mi,3%,
kind-worker3,34m,0%,255Mi,3%,
idx,87,LOG_TIME,2023-04-23T19:40:08,2023-04-23T14:40:08
NAME,CPU(cores),CPU%,MEMORY(bytes),MEMORY%,
kind-control-plane,934m,11%,1341Mi,16%,
kind-worker,50m,0%,386Mi,4%,
kind-worker2,106m,1%,240Mi,3%,
kind-worker3,34m,0%,255Mi,3%,
idx,88,LOG_TIME,2023-04-23T19:40:08,2023-04-23T14:40:08
NAME,CPU(cores),CPU%,MEMORY(bytes),MEMORY%,
kind-control-plane,934m,11%,1341Mi,16%,
kind-worker,50m,0%,386Mi,4%,
kind-worker2,106m,1%,240Mi,3%,
kind-worker3,34m,0%,255Mi,3%,
idx,89,LOG_TIME,2023-04-23T19:40:08,2023-04-23T14:40:08
NAME,CPU(cores),CPU%,MEMORY(bytes),MEMORY%,
kind-control-plane,934m,11%,1341Mi,16%,
kind-worker,50m,0%,386Mi,4%,
kind-worker2,106m,1%,240Mi,3%,
kind-worker3,34m,0%,255Mi,3%,
idx,90,LOG_TIME,2023-04-23T19:40:08,2023-04-23T14:40:08
NAME,CPU(cores),CPU%,MEMORY(bytes),MEMORY%,
kind-control-plane,934m,11%,1341Mi,16%,
kind-worker,50m,0%,386Mi,4%,
kind-worker2,106m,1%,240Mi,3%,
kind-worker3,34m,0%,255Mi,3%,
idx,91,LOG_TIME,2023-04-23T19:40:08,2023-04-23T14:40:08
NAME,CPU(cores),CPU%,MEMORY(bytes),MEMORY%,
kind-control-plane,934m,11%,1341Mi,16%,
kind-worker,50m,0%,386Mi,4%,
kind-worker2,106m,1%,240Mi,3%,
kind-worker3,34m,0%,255Mi,3%,
idx,92,LOG_TIME,2023-04-23T19:40:08,2023-04-23T14:40:08
NAME,CPU(cores),CPU%,MEMORY(bytes),MEMORY%,
kind-control-plane,972m,12%,1345Mi,16%,
kind-worker,81m,1%,387Mi,4%,
kind-worker2,47m,0%,242Mi,3%,
kind-worker3,155m,1%,285Mi,3%,
idx,93,LOG_TIME,2023-04-23T19:40:08,2023-04-23T14:40:08
NAME,CPU(cores),CPU%,MEMORY(bytes),MEMORY%,
kind-control-plane,972m,12%,1345Mi,16%,
kind-worker,81m,1%,387Mi,4%,
kind-worker2,47m,0%,242Mi,3%,
kind-worker3,155m,1%,285Mi,3%,
idx,94,LOG_TIME,2023-04-23T19:40:08,2023-04-23T14:40:08
NAME,CPU(cores),CPU%,MEMORY(bytes),MEMORY%,
kind-control-plane,972m,12%,1345Mi,16%,
kind-worker,81m,1%,387Mi,4%,
kind-worker2,47m,0%,242Mi,3%,
kind-worker3,155m,1%,285Mi,3%,
idx,95,LOG_TIME,2023-04-23T19:40:08,2023-04-23T14:40:08
NAME,CPU(cores),CPU%,MEMORY(bytes),MEMORY%,
kind-control-plane,972m,12%,1345Mi,16%,
kind-worker,81m,1%,387Mi,4%,
kind-worker2,47m,0%,242Mi,3%,
kind-worker3,155m,1%,285Mi,3%,
idx,96,LOG_TIME,2023-04-23T19:40:08,2023-04-23T14:40:08
NAME,CPU(cores),CPU%,MEMORY(bytes),MEMORY%,
kind-control-plane,972m,12%,1345Mi,16%,
kind-worker,81m,1%,387Mi,4%,
kind-worker2,47m,0%,242Mi,3%,
kind-worker3,155m,1%,285Mi,3%,
idx,97,LOG_TIME,2023-04-23T19:40:08,2023-04-23T14:40:08
NAME,CPU(cores),CPU%,MEMORY(bytes),MEMORY%,
kind-control-plane,972m,12%,1345Mi,16%,
kind-worker,81m,1%,387Mi,4%,
kind-worker2,47m,0%,242Mi,3%,
kind-worker3,155m,1%,285Mi,3%,
idx,98,LOG_TIME,2023-04-23T19:40:08,2023-04-23T14:40:08
NAME,CPU(cores),CPU%,MEMORY(bytes),MEMORY%,
kind-control-plane,972m,12%,1345Mi,16%,
kind-worker,81m,1%,387Mi,4%,
kind-worker2,47m,0%,242Mi,3%,
kind-worker3,155m,1%,285Mi,3%,
idx,99,LOG_TIME,2023-04-23T19:40:08,2023-04-23T14:40:08
NAME,CPU(cores),CPU%,MEMORY(bytes),MEMORY%,
kind-control-plane,972m,12%,1345Mi,16%,
kind-worker,81m,1%,387Mi,4%,
kind-worker2,47m,0%,242Mi,3%,
kind-worker3,155m,1%,285Mi,3%,
idx,100,LOG_TIME,2023-04-23T19:40:08,2023-04-23T14:40:08
NAME,CPU(cores),CPU%,MEMORY(bytes),MEMORY%,
kind-control-plane,972m,12%,1345Mi,16%,
kind-worker,81m,1%,387Mi,4%,
kind-worker2,47m,0%,242Mi,3%,
kind-worker3,155m,1%,285Mi,3%,
idx,101,LOG_TIME,2023-04-23T19:40:08,2023-04-23T14:40:08
NAME,CPU(cores),CPU%,MEMORY(bytes),MEMORY%,
kind-control-plane,972m,12%,1345Mi,16%,
kind-worker,81m,1%,387Mi,4%,
kind-worker2,47m,0%,242Mi,3%,
kind-worker3,155m,1%,285Mi,3%,
idx,102,LOG_TIME,2023-04-23T19:40:08,2023-04-23T14:40:08
NAME,CPU(cores),CPU%,MEMORY(bytes),MEMORY%,
kind-control-plane,972m,12%,1345Mi,16%,
kind-worker,81m,1%,387Mi,4%,
kind-worker2,47m,0%,242Mi,3%,
kind-worker3,155m,1%,285Mi,3%,
idx,103,LOG_TIME,2023-04-23T19:40:08,2023-04-23T14:40:08
NAME,CPU(cores),CPU%,MEMORY(bytes),MEMORY%,
kind-control-plane,972m,12%,1345Mi,16%,
kind-worker,81m,1%,387Mi,4%,
kind-worker2,47m,0%,242Mi,3%,
kind-worker3,155m,1%,285Mi,3%,
idx,104,LOG_TIME,2023-04-23T19:40:08,2023-04-23T14:40:08
NAME,CPU(cores),CPU%,MEMORY(bytes),MEMORY%,
kind-control-plane,972m,12%,1345Mi,16%,
kind-worker,81m,1%,387Mi,4%,
kind-worker2,47m,0%,242Mi,3%,
kind-worker3,155m,1%,285Mi,3%,
idx,105,LOG_TIME,2023-04-23T19:40:08,2023-04-23T14:40:08
NAME,CPU(cores),CPU%,MEMORY(bytes),MEMORY%,
kind-control-plane,972m,12%,1345Mi,16%,
kind-worker,81m,1%,387Mi,4%,
kind-worker2,47m,0%,242Mi,3%,
kind-worker3,155m,1%,285Mi,3%,
idx,106,LOG_TIME,2023-04-23T19:40:08,2023-04-23T14:40:08
NAME,CPU(cores),CPU%,MEMORY(bytes),MEMORY%,
kind-control-plane,972m,12%,1345Mi,16%,
kind-worker,81m,1%,387Mi,4%,
kind-worker2,47m,0%,242Mi,3%,
kind-worker3,155m,1%,285Mi,3%,
idx,107,LOG_TIME,2023-04-23T19:40:08,2023-04-23T14:40:08
NAME,CPU(cores),CPU%,MEMORY(bytes),MEMORY%,
kind-control-plane,987m,12%,1343Mi,16%,
kind-worker,54m,0%,387Mi,4%,
kind-worker2,47m,0%,240Mi,3%,
kind-worker3,39m,0%,288Mi,3%,
idx,108,LOG_TIME,2023-04-23T19:40:08,2023-04-23T14:40:08
NAME,CPU(cores),CPU%,MEMORY(bytes),MEMORY%,
kind-control-plane,987m,12%,1343Mi,16%,
kind-worker,54m,0%,387Mi,4%,
kind-worker2,47m,0%,240Mi,3%,
kind-worker3,39m,0%,288Mi,3%,
idx,109,LOG_TIME,2023-04-23T19:40:08,2023-04-23T14:40:08
NAME,CPU(cores),CPU%,MEMORY(bytes),MEMORY%,
kind-control-plane,987m,12%,1343Mi,16%,
kind-worker,54m,0%,387Mi,4%,
kind-worker2,47m,0%,240Mi,3%,
kind-worker3,39m,0%,288Mi,3%,
idx,110,LOG_TIME,2023-04-23T19:40:08,2023-04-23T14:40:08
NAME,CPU(cores),CPU%,MEMORY(bytes),MEMORY%,
kind-control-plane,987m,12%,1343Mi,16%,
kind-worker,54m,0%,387Mi,4%,
kind-worker2,47m,0%,240Mi,3%,
kind-worker3,39m,0%,288Mi,3%,
idx,111,LOG_TIME,2023-04-23T19:40:08,2023-04-23T14:40:08
NAME,CPU(cores),CPU%,MEMORY(bytes),MEMORY%,
kind-control-plane,987m,12%,1343Mi,16%,
kind-worker,54m,0%,387Mi,4%,
kind-worker2,47m,0%,240Mi,3%,
kind-worker3,39m,0%,288Mi,3%,
idx,112,LOG_TIME,2023-04-23T19:40:08,2023-04-23T14:40:08
NAME,CPU(cores),CPU%,MEMORY(bytes),MEMORY%,
kind-control-plane,987m,12%,1343Mi,16%,
kind-worker,54m,0%,387Mi,4%,
kind-worker2,47m,0%,240Mi,3%,
kind-worker3,39m,0%,288Mi,3%,
idx,113,LOG_TIME,2023-04-23T19:40:08,2023-04-23T14:40:08
NAME,CPU(cores),CPU%,MEMORY(bytes),MEMORY%,
kind-control-plane,987m,12%,1343Mi,16%,
kind-worker,54m,0%,387Mi,4%,
kind-worker2,47m,0%,240Mi,3%,
kind-worker3,39m,0%,288Mi,3%,
idx,114,LOG_TIME,2023-04-23T19:40:08,2023-04-23T14:40:08
NAME,CPU(cores),CPU%,MEMORY(bytes),MEMORY%,
kind-control-plane,987m,12%,1343Mi,16%,
kind-worker,54m,0%,387Mi,4%,
kind-worker2,47m,0%,240Mi,3%,
kind-worker3,39m,0%,288Mi,3%,
idx,115,LOG_TIME,2023-04-23T19:40:08,2023-04-23T14:40:08
NAME,CPU(cores),CPU%,MEMORY(bytes),MEMORY%,
kind-control-plane,987m,12%,1343Mi,16%,
kind-worker,54m,0%,387Mi,4%,
kind-worker2,47m,0%,240Mi,3%,
kind-worker3,39m,0%,288Mi,3%,
idx,116,LOG_TIME,2023-04-23T19:40:08,2023-04-23T14:40:08
idx,117,LOG_TIME,2023-04-23T19:40:08,2023-04-23T14:40:08
idx,118,LOG_TIME,2023-04-23T19:40:08,2023-04-23T14:40:08
idx,119,LOG_TIME,2023-04-23T19:40:08,2023-04-23T14:40:08
idx,120,LOG_TIME,2023-04-23T19:40:08,2023-04-23T14:40:08
idx,121,LOG_TIME,2023-04-23T19:40:08,2023-04-23T14:40:08
idx,122,LOG_TIME,2023-04-23T19:40:08,2023-04-23T14:40:08
idx,123,LOG_TIME,2023-04-23T19:40:08,2023-04-23T14:40:08
idx,124,LOG_TIME,2023-04-23T19:40:08,2023-04-23T14:40:08
idx,125,LOG_TIME,2023-04-23T19:40:08,2023-04-23T14:40:08
idx,126,LOG_TIME,2023-04-23T19:40:08,2023-04-23T14:40:08
idx,127,LOG_TIME,2023-04-23T19:40:08,2023-04-23T14:40:08
idx,128,LOG_TIME,2023-04-23T19:40:08,2023-04-23T14:40:08
idx,129,LOG_TIME,2023-04-23T19:40:08,2023-04-23T14:40:08
idx,130,LOG_TIME,2023-04-23T19:40:08,2023-04-23T14:40:08
idx,131,LOG_TIME,2023-04-23T19:40:08,2023-04-23T14:40:08
idx,132,LOG_TIME,2023-04-23T19:40:08,2023-04-23T14:40:08
idx,133,LOG_TIME,2023-04-23T19:40:08,2023-04-23T14:40:08
idx,134,LOG_TIME,2023-04-23T19:40:08,2023-04-23T14:40:08
idx,135,LOG_TIME,2023-04-23T19:40:08,2023-04-23T14:40:08
idx,136,LOG_TIME,2023-04-23T19:40:08,2023-04-23T14:40:08
idx,137,LOG_TIME,2023-04-23T19:40:08,2023-04-23T14:40:08
