idx,0,LOG_TIME,2024-01-13T22:41:19,2024-01-13T16:41:19
NAME,CPU(cores),MEMORY(bytes),
h1-app-bb599cf94-8r9q6,101m,15Mi,
idx,1,LOG_TIME,2024-01-13T22:41:20,2024-01-13T16:41:20
NAME,CPU(cores),MEMORY(bytes),
h1-app-bb599cf94-8r9q6,101m,15Mi,
idx,2,LOG_TIME,2024-01-13T22:41:21,2024-01-13T16:41:21
NAME,CPU(cores),MEMORY(bytes),
h1-app-bb599cf94-8r9q6,101m,15Mi,
idx,3,LOG_TIME,2024-01-13T22:41:22,2024-01-13T16:41:22
NAME,CPU(cores),MEMORY(bytes),
h1-app-bb599cf94-8r9q6,101m,15Mi,
idx,4,LOG_TIME,2024-01-13T22:41:23,2024-01-13T16:41:23
NAME,CPU(cores),MEMORY(bytes),
h1-app-bb599cf94-8r9q6,101m,15Mi,
idx,5,LOG_TIME,2024-01-13T22:41:24,2024-01-13T16:41:24
NAME,CPU(cores),MEMORY(bytes),
h1-app-bb599cf94-8r9q6,101m,15Mi,
idx,6,LOG_TIME,2024-01-13T22:41:25,2024-01-13T16:41:25
NAME,CPU(cores),MEMORY(bytes),
h1-app-bb599cf94-8r9q6,96m,15Mi,
idx,7,LOG_TIME,2024-01-13T22:41:26,2024-01-13T16:41:26
NAME,CPU(cores),MEMORY(bytes),
h1-app-bb599cf94-8r9q6,96m,15Mi,
idx,8,LOG_TIME,2024-01-13T22:41:27,2024-01-13T16:41:27
NAME,CPU(cores),MEMORY(bytes),
h1-app-bb599cf94-8r9q6,96m,15Mi,
idx,9,LOG_TIME,2024-01-13T22:41:28,2024-01-13T16:41:28
NAME,CPU(cores),MEMORY(bytes),
h1-app-bb599cf94-8r9q6,96m,15Mi,
idx,10,LOG_TIME,2024-01-13T22:41:29,2024-01-13T16:41:29
NAME,CPU(cores),MEMORY(bytes),
h1-app-bb599cf94-8r9q6,96m,15Mi,
idx,11,LOG_TIME,2024-01-13T22:41:30,2024-01-13T16:41:30
NAME,CPU(cores),MEMORY(bytes),
h1-app-bb599cf94-8r9q6,96m,15Mi,
idx,12,LOG_TIME,2024-01-13T22:41:31,2024-01-13T16:41:31
NAME,CPU(cores),MEMORY(bytes),
h1-app-bb599cf94-8r9q6,96m,15Mi,
idx,13,LOG_TIME,2024-01-13T22:41:32,2024-01-13T16:41:32
NAME,CPU(cores),MEMORY(bytes),
h1-app-bb599cf94-8r9q6,96m,15Mi,
idx,14,LOG_TIME,2024-01-13T22:41:33,2024-01-13T16:41:33
NAME,CPU(cores),MEMORY(bytes),
h1-app-bb599cf94-8r9q6,96m,15Mi,
idx,15,LOG_TIME,2024-01-13T22:41:34,2024-01-13T16:41:34
NAME,CPU(cores),MEMORY(bytes),
h1-app-bb599cf94-8r9q6,96m,15Mi,
idx,16,LOG_TIME,2024-01-13T22:41:35,2024-01-13T16:41:35
NAME,CPU(cores),MEMORY(bytes),
h1-app-bb599cf94-8r9q6,101m,15Mi,
idx,17,LOG_TIME,2024-01-13T22:41:36,2024-01-13T16:41:36
NAME,CPU(cores),MEMORY(bytes),
h1-app-bb599cf94-8r9q6,101m,15Mi,
idx,18,LOG_TIME,2024-01-13T22:41:38,2024-01-13T16:41:38
NAME,CPU(cores),MEMORY(bytes),
h1-app-bb599cf94-8r9q6,101m,15Mi,
idx,19,LOG_TIME,2024-01-13T22:41:39,2024-01-13T16:41:39
NAME,CPU(cores),MEMORY(bytes),
h1-app-bb599cf94-8r9q6,101m,15Mi,
idx,20,LOG_TIME,2024-01-13T22:41:40,2024-01-13T16:41:40
NAME,CPU(cores),MEMORY(bytes),
h1-app-bb599cf94-8r9q6,101m,15Mi,
idx,21,LOG_TIME,2024-01-13T22:41:41,2024-01-13T16:41:41
NAME,CPU(cores),MEMORY(bytes),
h1-app-bb599cf94-8r9q6,101m,15Mi,
idx,22,LOG_TIME,2024-01-13T22:41:42,2024-01-13T16:41:42
NAME,CPU(cores),MEMORY(bytes),
h1-app-bb599cf94-8r9q6,101m,15Mi,
idx,23,LOG_TIME,2024-01-13T22:41:43,2024-01-13T16:41:43
NAME,CPU(cores),MEMORY(bytes),
h1-app-bb599cf94-8r9q6,101m,15Mi,
idx,24,LOG_TIME,2024-01-13T22:41:44,2024-01-13T16:41:44
NAME,CPU(cores),MEMORY(bytes),
h1-app-bb599cf94-8r9q6,101m,15Mi,
idx,25,LOG_TIME,2024-01-13T22:41:45,2024-01-13T16:41:45
NAME,CPU(cores),MEMORY(bytes),
h1-app-bb599cf94-8r9q6,100m,15Mi,
idx,26,LOG_TIME,2024-01-13T22:41:46,2024-01-13T16:41:46
NAME,CPU(cores),MEMORY(bytes),
h1-app-bb599cf94-8r9q6,100m,15Mi,
idx,27,LOG_TIME,2024-01-13T22:41:47,2024-01-13T16:41:47
NAME,CPU(cores),MEMORY(bytes),
h1-app-bb599cf94-8r9q6,100m,15Mi,
idx,28,LOG_TIME,2024-01-13T22:41:48,2024-01-13T16:41:48
NAME,CPU(cores),MEMORY(bytes),
h1-app-bb599cf94-8r9q6,100m,15Mi,
idx,29,LOG_TIME,2024-01-13T22:41:49,2024-01-13T16:41:49
NAME,CPU(cores),MEMORY(bytes),
h1-app-bb599cf94-8r9q6,100m,15Mi,
idx,30,LOG_TIME,2024-01-13T22:41:50,2024-01-13T16:41:50
NAME,CPU(cores),MEMORY(bytes),
h1-app-bb599cf94-8r9q6,100m,15Mi,
idx,31,LOG_TIME,2024-01-13T22:41:51,2024-01-13T16:41:51
NAME,CPU(cores),MEMORY(bytes),
h1-app-bb599cf94-8r9q6,100m,15Mi,
idx,32,LOG_TIME,2024-01-13T22:41:52,2024-01-13T16:41:52
NAME,CPU(cores),MEMORY(bytes),
h1-app-bb599cf94-8r9q6,100m,15Mi,
idx,33,LOG_TIME,2024-01-13T22:41:53,2024-01-13T16:41:53
NAME,CPU(cores),MEMORY(bytes),
h1-app-bb599cf94-8r9q6,100m,15Mi,
idx,34,LOG_TIME,2024-01-13T22:41:54,2024-01-13T16:41:54
NAME,CPU(cores),MEMORY(bytes),
h1-app-bb599cf94-8r9q6,100m,15Mi,
idx,35,LOG_TIME,2024-01-13T22:41:55,2024-01-13T16:41:55
NAME,CPU(cores),MEMORY(bytes),
h1-app-bb599cf94-49f74,101m,16Mi,
h1-app-bb599cf94-8r9q6,100m,15Mi,
h1-app-bb599cf94-hcnrt,102m,15Mi,
idx,36,LOG_TIME,2024-01-13T22:41:56,2024-01-13T16:41:56
NAME,CPU(cores),MEMORY(bytes),
h1-app-bb599cf94-49f74,101m,16Mi,
h1-app-bb599cf94-8r9q6,100m,15Mi,
h1-app-bb599cf94-hcnrt,102m,15Mi,
idx,37,LOG_TIME,2024-01-13T22:41:57,2024-01-13T16:41:57
NAME,CPU(cores),MEMORY(bytes),
h1-app-bb599cf94-49f74,101m,16Mi,
h1-app-bb599cf94-8r9q6,100m,15Mi,
h1-app-bb599cf94-hcnrt,102m,15Mi,
idx,38,LOG_TIME,2024-01-13T22:41:58,2024-01-13T16:41:58
NAME,CPU(cores),MEMORY(bytes),
h1-app-bb599cf94-49f74,101m,16Mi,
h1-app-bb599cf94-8r9q6,100m,15Mi,
h1-app-bb599cf94-hcnrt,102m,15Mi,
idx,39,LOG_TIME,2024-01-13T22:41:59,2024-01-13T16:41:59
NAME,CPU(cores),MEMORY(bytes),
h1-app-bb599cf94-49f74,101m,16Mi,
h1-app-bb599cf94-8r9q6,100m,15Mi,
h1-app-bb599cf94-hcnrt,102m,15Mi,
idx,40,LOG_TIME,2024-01-13T22:42:00,2024-01-13T16:42:00
NAME,CPU(cores),MEMORY(bytes),
h1-app-bb599cf94-49f74,101m,16Mi,
h1-app-bb599cf94-8r9q6,100m,15Mi,
h1-app-bb599cf94-hcnrt,102m,15Mi,
idx,41,LOG_TIME,2024-01-13T22:42:01,2024-01-13T16:42:01
NAME,CPU(cores),MEMORY(bytes),
h1-app-bb599cf94-49f74,101m,16Mi,
h1-app-bb599cf94-8r9q6,100m,15Mi,
h1-app-bb599cf94-hcnrt,102m,15Mi,
idx,42,LOG_TIME,2024-01-13T22:42:02,2024-01-13T16:42:02
NAME,CPU(cores),MEMORY(bytes),
h1-app-bb599cf94-49f74,101m,16Mi,
h1-app-bb599cf94-8r9q6,100m,15Mi,
h1-app-bb599cf94-hcnrt,102m,15Mi,
idx,43,LOG_TIME,2024-01-13T22:42:03,2024-01-13T16:42:03
NAME,CPU(cores),MEMORY(bytes),
h1-app-bb599cf94-49f74,101m,16Mi,
h1-app-bb599cf94-8r9q6,100m,15Mi,
h1-app-bb599cf94-hcnrt,102m,15Mi,
idx,44,LOG_TIME,2024-01-13T22:42:04,2024-01-13T16:42:04
NAME,CPU(cores),MEMORY(bytes),
h1-app-bb599cf94-49f74,101m,16Mi,
h1-app-bb599cf94-8r9q6,100m,15Mi,
h1-app-bb599cf94-hcnrt,102m,15Mi,
idx,45,LOG_TIME,2024-01-13T22:42:05,2024-01-13T16:42:05
NAME,CPU(cores),MEMORY(bytes),
h1-app-bb599cf94-49f74,101m,16Mi,
h1-app-bb599cf94-8r9q6,101m,15Mi,
h1-app-bb599cf94-hcnrt,102m,15Mi,
idx,46,LOG_TIME,2024-01-13T22:42:06,2024-01-13T16:42:06
NAME,CPU(cores),MEMORY(bytes),
h1-app-bb599cf94-49f74,101m,16Mi,
h1-app-bb599cf94-8r9q6,101m,15Mi,
h1-app-bb599cf94-hcnrt,102m,15Mi,
idx,47,LOG_TIME,2024-01-13T22:42:07,2024-01-13T16:42:07
NAME,CPU(cores),MEMORY(bytes),
h1-app-bb599cf94-49f74,101m,16Mi,
h1-app-bb599cf94-8r9q6,101m,15Mi,
h1-app-bb599cf94-hcnrt,102m,15Mi,
idx,48,LOG_TIME,2024-01-13T22:42:08,2024-01-13T16:42:08
NAME,CPU(cores),MEMORY(bytes),
h1-app-bb599cf94-49f74,101m,16Mi,
h1-app-bb599cf94-8r9q6,101m,15Mi,
h1-app-bb599cf94-hcnrt,102m,15Mi,
idx,49,LOG_TIME,2024-01-13T22:42:09,2024-01-13T16:42:09
NAME,CPU(cores),MEMORY(bytes),
h1-app-bb599cf94-49f74,101m,16Mi,
h1-app-bb599cf94-8r9q6,101m,15Mi,
h1-app-bb599cf94-hcnrt,102m,15Mi,
idx,50,LOG_TIME,2024-01-13T22:42:10,2024-01-13T16:42:10
NAME,CPU(cores),MEMORY(bytes),
h1-app-bb599cf94-49f74,101m,16Mi,
h1-app-bb599cf94-8r9q6,101m,15Mi,
h1-app-bb599cf94-hcnrt,102m,15Mi,
idx,51,LOG_TIME,2024-01-13T22:42:11,2024-01-13T16:42:11
NAME,CPU(cores),MEMORY(bytes),
h1-app-bb599cf94-49f74,101m,16Mi,
h1-app-bb599cf94-8r9q6,101m,15Mi,
h1-app-bb599cf94-hcnrt,102m,15Mi,
idx,52,LOG_TIME,2024-01-13T22:42:12,2024-01-13T16:42:12
NAME,CPU(cores),MEMORY(bytes),
h1-app-bb599cf94-49f74,101m,16Mi,
h1-app-bb599cf94-8r9q6,101m,15Mi,
h1-app-bb599cf94-hcnrt,102m,15Mi,
idx,53,LOG_TIME,2024-01-13T22:42:13,2024-01-13T16:42:13
NAME,CPU(cores),MEMORY(bytes),
h1-app-bb599cf94-49f74,101m,16Mi,
h1-app-bb599cf94-8r9q6,101m,15Mi,
h1-app-bb599cf94-hcnrt,102m,15Mi,
idx,54,LOG_TIME,2024-01-13T22:42:14,2024-01-13T16:42:14
NAME,CPU(cores),MEMORY(bytes),
h1-app-bb599cf94-49f74,101m,16Mi,
h1-app-bb599cf94-8r9q6,101m,15Mi,
h1-app-bb599cf94-hcnrt,102m,15Mi,
idx,55,LOG_TIME,2024-01-13T22:42:15,2024-01-13T16:42:15
NAME,CPU(cores),MEMORY(bytes),
h1-app-bb599cf94-49f74,100m,16Mi,
h1-app-bb599cf94-8r9q6,101m,15Mi,
h1-app-bb599cf94-hcnrt,100m,15Mi,
idx,56,LOG_TIME,2024-01-13T22:42:16,2024-01-13T16:42:16
NAME,CPU(cores),MEMORY(bytes),
h1-app-bb599cf94-49f74,100m,16Mi,
h1-app-bb599cf94-8r9q6,101m,15Mi,
h1-app-bb599cf94-hcnrt,100m,15Mi,
idx,57,LOG_TIME,2024-01-13T22:42:17,2024-01-13T16:42:17
NAME,CPU(cores),MEMORY(bytes),
h1-app-bb599cf94-49f74,100m,16Mi,
h1-app-bb599cf94-8r9q6,101m,15Mi,
h1-app-bb599cf94-hcnrt,100m,15Mi,
idx,58,LOG_TIME,2024-01-13T22:42:18,2024-01-13T16:42:18
NAME,CPU(cores),MEMORY(bytes),
h1-app-bb599cf94-49f74,100m,16Mi,
h1-app-bb599cf94-8r9q6,101m,15Mi,
h1-app-bb599cf94-hcnrt,100m,15Mi,
idx,59,LOG_TIME,2024-01-13T22:42:19,2024-01-13T16:42:19
NAME,CPU(cores),MEMORY(bytes),
h1-app-bb599cf94-49f74,100m,16Mi,
h1-app-bb599cf94-8r9q6,101m,15Mi,
h1-app-bb599cf94-hcnrt,100m,15Mi,
idx,60,LOG_TIME,2024-01-13T22:42:20,2024-01-13T16:42:20
NAME,CPU(cores),MEMORY(bytes),
h1-app-bb599cf94-49f74,100m,16Mi,
h1-app-bb599cf94-8r9q6,101m,15Mi,
h1-app-bb599cf94-hcnrt,100m,15Mi,
idx,61,LOG_TIME,2024-01-13T22:42:22,2024-01-13T16:42:22
NAME,CPU(cores),MEMORY(bytes),
h1-app-bb599cf94-49f74,100m,16Mi,
h1-app-bb599cf94-8r9q6,101m,15Mi,
h1-app-bb599cf94-hcnrt,100m,15Mi,
idx,62,LOG_TIME,2024-01-13T22:42:23,2024-01-13T16:42:23
NAME,CPU(cores),MEMORY(bytes),
h1-app-bb599cf94-49f74,100m,16Mi,
h1-app-bb599cf94-8r9q6,101m,15Mi,
h1-app-bb599cf94-hcnrt,100m,15Mi,
idx,63,LOG_TIME,2024-01-13T22:42:24,2024-01-13T16:42:24
NAME,CPU(cores),MEMORY(bytes),
h1-app-bb599cf94-49f74,100m,16Mi,
h1-app-bb599cf94-8r9q6,101m,15Mi,
h1-app-bb599cf94-hcnrt,100m,15Mi,
idx,64,LOG_TIME,2024-01-13T22:42:25,2024-01-13T16:42:25
NAME,CPU(cores),MEMORY(bytes),
h1-app-bb599cf94-49f74,101m,16Mi,
h1-app-bb599cf94-8r9q6,100m,15Mi,
h1-app-bb599cf94-hcnrt,101m,15Mi,
h1-app-bb599cf94-k5v7f,99m,16Mi,
h1-app-bb599cf94-k7jj8,101m,16Mi,
idx,65,LOG_TIME,2024-01-13T22:42:26,2024-01-13T16:42:26
NAME,CPU(cores),MEMORY(bytes),
h1-app-bb599cf94-49f74,101m,16Mi,
h1-app-bb599cf94-8r9q6,100m,15Mi,
h1-app-bb599cf94-hcnrt,101m,15Mi,
h1-app-bb599cf94-k5v7f,99m,16Mi,
h1-app-bb599cf94-k7jj8,101m,16Mi,
idx,66,LOG_TIME,2024-01-13T22:42:27,2024-01-13T16:42:27
NAME,CPU(cores),MEMORY(bytes),
h1-app-bb599cf94-49f74,101m,16Mi,
h1-app-bb599cf94-8r9q6,100m,15Mi,
h1-app-bb599cf94-hcnrt,101m,15Mi,
h1-app-bb599cf94-k5v7f,99m,16Mi,
h1-app-bb599cf94-k7jj8,101m,16Mi,
idx,67,LOG_TIME,2024-01-13T22:42:28,2024-01-13T16:42:28
NAME,CPU(cores),MEMORY(bytes),
h1-app-bb599cf94-49f74,101m,16Mi,
h1-app-bb599cf94-8r9q6,100m,15Mi,
h1-app-bb599cf94-hcnrt,101m,15Mi,
h1-app-bb599cf94-k5v7f,99m,16Mi,
h1-app-bb599cf94-k7jj8,101m,16Mi,
idx,68,LOG_TIME,2024-01-13T22:42:29,2024-01-13T16:42:29
NAME,CPU(cores),MEMORY(bytes),
h1-app-bb599cf94-49f74,101m,16Mi,
h1-app-bb599cf94-8r9q6,100m,15Mi,
h1-app-bb599cf94-hcnrt,101m,15Mi,
h1-app-bb599cf94-k5v7f,99m,16Mi,
h1-app-bb599cf94-k7jj8,101m,16Mi,
idx,69,LOG_TIME,2024-01-13T22:42:30,2024-01-13T16:42:30
NAME,CPU(cores),MEMORY(bytes),
h1-app-bb599cf94-49f74,101m,16Mi,
h1-app-bb599cf94-8r9q6,100m,15Mi,
h1-app-bb599cf94-hcnrt,101m,15Mi,
h1-app-bb599cf94-k5v7f,99m,16Mi,
h1-app-bb599cf94-k7jj8,101m,16Mi,
idx,70,LOG_TIME,2024-01-13T22:42:31,2024-01-13T16:42:31
NAME,CPU(cores),MEMORY(bytes),
h1-app-bb599cf94-49f74,101m,16Mi,
h1-app-bb599cf94-8r9q6,100m,15Mi,
h1-app-bb599cf94-hcnrt,101m,15Mi,
h1-app-bb599cf94-k5v7f,99m,16Mi,
h1-app-bb599cf94-k7jj8,101m,16Mi,
idx,71,LOG_TIME,2024-01-13T22:42:32,2024-01-13T16:42:32
NAME,CPU(cores),MEMORY(bytes),
h1-app-bb599cf94-49f74,101m,16Mi,
h1-app-bb599cf94-8r9q6,100m,15Mi,
h1-app-bb599cf94-hcnrt,101m,15Mi,
h1-app-bb599cf94-k5v7f,99m,16Mi,
h1-app-bb599cf94-k7jj8,101m,16Mi,
idx,72,LOG_TIME,2024-01-13T22:42:33,2024-01-13T16:42:33
NAME,CPU(cores),MEMORY(bytes),
h1-app-bb599cf94-49f74,101m,16Mi,
h1-app-bb599cf94-8r9q6,100m,15Mi,
h1-app-bb599cf94-hcnrt,101m,15Mi,
h1-app-bb599cf94-k5v7f,99m,16Mi,
h1-app-bb599cf94-k7jj8,101m,16Mi,
idx,73,LOG_TIME,2024-01-13T22:42:34,2024-01-13T16:42:34
NAME,CPU(cores),MEMORY(bytes),
h1-app-bb599cf94-49f74,101m,16Mi,
h1-app-bb599cf94-8r9q6,100m,15Mi,
h1-app-bb599cf94-hcnrt,101m,15Mi,
h1-app-bb599cf94-k5v7f,99m,16Mi,
h1-app-bb599cf94-k7jj8,101m,16Mi,
idx,74,LOG_TIME,2024-01-13T22:42:35,2024-01-13T16:42:35
NAME,CPU(cores),MEMORY(bytes),
h1-app-bb599cf94-49f74,101m,16Mi,
h1-app-bb599cf94-8r9q6,100m,15Mi,
h1-app-bb599cf94-hcnrt,101m,15Mi,
h1-app-bb599cf94-k5v7f,101m,16Mi,
h1-app-bb599cf94-k7jj8,101m,16Mi,
h1-app-bb599cf94-lhwcf,102m,15Mi,
idx,75,LOG_TIME,2024-01-13T22:42:36,2024-01-13T16:42:36
NAME,CPU(cores),MEMORY(bytes),
h1-app-bb599cf94-49f74,101m,16Mi,
h1-app-bb599cf94-8r9q6,100m,15Mi,
h1-app-bb599cf94-hcnrt,101m,15Mi,
h1-app-bb599cf94-k5v7f,101m,16Mi,
h1-app-bb599cf94-k7jj8,101m,16Mi,
h1-app-bb599cf94-lhwcf,102m,15Mi,
idx,76,LOG_TIME,2024-01-13T22:42:37,2024-01-13T16:42:37
NAME,CPU(cores),MEMORY(bytes),
h1-app-bb599cf94-49f74,101m,16Mi,
h1-app-bb599cf94-8r9q6,100m,15Mi,
h1-app-bb599cf94-hcnrt,101m,15Mi,
h1-app-bb599cf94-k5v7f,101m,16Mi,
h1-app-bb599cf94-k7jj8,101m,16Mi,
h1-app-bb599cf94-lhwcf,102m,15Mi,
idx,77,LOG_TIME,2024-01-13T22:42:38,2024-01-13T16:42:38
NAME,CPU(cores),MEMORY(bytes),
h1-app-bb599cf94-49f74,101m,16Mi,
h1-app-bb599cf94-8r9q6,100m,15Mi,
h1-app-bb599cf94-hcnrt,101m,15Mi,
h1-app-bb599cf94-k5v7f,101m,16Mi,
h1-app-bb599cf94-k7jj8,101m,16Mi,
h1-app-bb599cf94-lhwcf,102m,15Mi,
idx,78,LOG_TIME,2024-01-13T22:42:39,2024-01-13T16:42:39
NAME,CPU(cores),MEMORY(bytes),
h1-app-bb599cf94-49f74,101m,16Mi,
h1-app-bb599cf94-8r9q6,100m,15Mi,
h1-app-bb599cf94-hcnrt,101m,15Mi,
h1-app-bb599cf94-k5v7f,101m,16Mi,
h1-app-bb599cf94-k7jj8,101m,16Mi,
h1-app-bb599cf94-lhwcf,102m,15Mi,
idx,79,LOG_TIME,2024-01-13T22:42:40,2024-01-13T16:42:40
NAME,CPU(cores),MEMORY(bytes),
h1-app-bb599cf94-49f74,101m,16Mi,
h1-app-bb599cf94-8r9q6,100m,15Mi,
h1-app-bb599cf94-hcnrt,101m,15Mi,
h1-app-bb599cf94-k5v7f,101m,16Mi,
h1-app-bb599cf94-k7jj8,101m,16Mi,
h1-app-bb599cf94-lhwcf,102m,15Mi,
idx,80,LOG_TIME,2024-01-13T22:42:41,2024-01-13T16:42:41
NAME,CPU(cores),MEMORY(bytes),
h1-app-bb599cf94-49f74,101m,16Mi,
h1-app-bb599cf94-8r9q6,100m,15Mi,
h1-app-bb599cf94-hcnrt,101m,15Mi,
h1-app-bb599cf94-k5v7f,101m,16Mi,
h1-app-bb599cf94-k7jj8,101m,16Mi,
h1-app-bb599cf94-lhwcf,102m,15Mi,
idx,81,LOG_TIME,2024-01-13T22:42:42,2024-01-13T16:42:42
NAME,CPU(cores),MEMORY(bytes),
h1-app-bb599cf94-49f74,101m,16Mi,
h1-app-bb599cf94-8r9q6,100m,15Mi,
h1-app-bb599cf94-hcnrt,101m,15Mi,
h1-app-bb599cf94-k5v7f,101m,16Mi,
h1-app-bb599cf94-k7jj8,101m,16Mi,
h1-app-bb599cf94-lhwcf,102m,15Mi,
idx,82,LOG_TIME,2024-01-13T22:42:43,2024-01-13T16:42:43
NAME,CPU(cores),MEMORY(bytes),
h1-app-bb599cf94-49f74,101m,16Mi,
h1-app-bb599cf94-8r9q6,100m,15Mi,
h1-app-bb599cf94-hcnrt,101m,15Mi,
h1-app-bb599cf94-k5v7f,101m,16Mi,
h1-app-bb599cf94-k7jj8,101m,16Mi,
h1-app-bb599cf94-lhwcf,102m,15Mi,
idx,83,LOG_TIME,2024-01-13T22:42:44,2024-01-13T16:42:44
NAME,CPU(cores),MEMORY(bytes),
h1-app-bb599cf94-49f74,101m,16Mi,
h1-app-bb599cf94-8r9q6,100m,15Mi,
h1-app-bb599cf94-hcnrt,101m,15Mi,
h1-app-bb599cf94-k5v7f,101m,16Mi,
h1-app-bb599cf94-k7jj8,101m,16Mi,
h1-app-bb599cf94-lhwcf,102m,15Mi,
idx,84,LOG_TIME,2024-01-13T22:42:45,2024-01-13T16:42:45
NAME,CPU(cores),MEMORY(bytes),
h1-app-bb599cf94-49f74,100m,16Mi,
h1-app-bb599cf94-8r9q6,101m,15Mi,
h1-app-bb599cf94-hcnrt,100m,15Mi,
h1-app-bb599cf94-k5v7f,101m,16Mi,
h1-app-bb599cf94-k7jj8,100m,16Mi,
h1-app-bb599cf94-lhwcf,102m,15Mi,
idx,85,LOG_TIME,2024-01-13T22:42:46,2024-01-13T16:42:46
NAME,CPU(cores),MEMORY(bytes),
h1-app-bb599cf94-49f74,100m,16Mi,
h1-app-bb599cf94-8r9q6,101m,15Mi,
h1-app-bb599cf94-hcnrt,100m,15Mi,
h1-app-bb599cf94-k5v7f,101m,16Mi,
h1-app-bb599cf94-k7jj8,100m,16Mi,
h1-app-bb599cf94-lhwcf,102m,15Mi,
idx,86,LOG_TIME,2024-01-13T22:42:47,2024-01-13T16:42:47
NAME,CPU(cores),MEMORY(bytes),
h1-app-bb599cf94-49f74,100m,16Mi,
h1-app-bb599cf94-8r9q6,101m,15Mi,
h1-app-bb599cf94-hcnrt,100m,15Mi,
h1-app-bb599cf94-k5v7f,101m,16Mi,
h1-app-bb599cf94-k7jj8,100m,16Mi,
h1-app-bb599cf94-lhwcf,102m,15Mi,
idx,87,LOG_TIME,2024-01-13T22:42:48,2024-01-13T16:42:48
NAME,CPU(cores),MEMORY(bytes),
h1-app-bb599cf94-49f74,100m,16Mi,
h1-app-bb599cf94-8r9q6,101m,15Mi,
h1-app-bb599cf94-hcnrt,100m,15Mi,
h1-app-bb599cf94-k5v7f,101m,16Mi,
h1-app-bb599cf94-k7jj8,100m,16Mi,
h1-app-bb599cf94-lhwcf,102m,15Mi,
idx,88,LOG_TIME,2024-01-13T22:42:49,2024-01-13T16:42:49
NAME,CPU(cores),MEMORY(bytes),
h1-app-bb599cf94-49f74,100m,16Mi,
h1-app-bb599cf94-8r9q6,101m,15Mi,
h1-app-bb599cf94-hcnrt,100m,15Mi,
h1-app-bb599cf94-k5v7f,101m,16Mi,
h1-app-bb599cf94-k7jj8,100m,16Mi,
h1-app-bb599cf94-lhwcf,102m,15Mi,
idx,89,LOG_TIME,2024-01-13T22:42:50,2024-01-13T16:42:50
NAME,CPU(cores),MEMORY(bytes),
h1-app-bb599cf94-49f74,100m,16Mi,
h1-app-bb599cf94-8r9q6,101m,15Mi,
h1-app-bb599cf94-hcnrt,100m,15Mi,
h1-app-bb599cf94-k5v7f,101m,16Mi,
h1-app-bb599cf94-k7jj8,100m,16Mi,
h1-app-bb599cf94-lhwcf,102m,15Mi,
idx,90,LOG_TIME,2024-01-13T22:42:51,2024-01-13T16:42:51
NAME,CPU(cores),MEMORY(bytes),
h1-app-bb599cf94-49f74,100m,16Mi,
h1-app-bb599cf94-8r9q6,101m,15Mi,
h1-app-bb599cf94-hcnrt,100m,15Mi,
h1-app-bb599cf94-k5v7f,101m,16Mi,
h1-app-bb599cf94-k7jj8,100m,16Mi,
h1-app-bb599cf94-lhwcf,102m,15Mi,
idx,91,LOG_TIME,2024-01-13T22:42:52,2024-01-13T16:42:52
NAME,CPU(cores),MEMORY(bytes),
h1-app-bb599cf94-49f74,100m,16Mi,
h1-app-bb599cf94-8r9q6,101m,15Mi,
h1-app-bb599cf94-hcnrt,100m,15Mi,
h1-app-bb599cf94-k5v7f,101m,16Mi,
h1-app-bb599cf94-k7jj8,100m,16Mi,
h1-app-bb599cf94-lhwcf,102m,15Mi,
idx,92,LOG_TIME,2024-01-13T22:42:53,2024-01-13T16:42:53
NAME,CPU(cores),MEMORY(bytes),
h1-app-bb599cf94-49f74,100m,16Mi,
h1-app-bb599cf94-8r9q6,101m,15Mi,
h1-app-bb599cf94-hcnrt,100m,15Mi,
h1-app-bb599cf94-k5v7f,101m,16Mi,
h1-app-bb599cf94-k7jj8,100m,16Mi,
h1-app-bb599cf94-lhwcf,102m,15Mi,
idx,93,LOG_TIME,2024-01-13T22:42:54,2024-01-13T16:42:54
NAME,CPU(cores),MEMORY(bytes),
h1-app-bb599cf94-49f74,100m,16Mi,
h1-app-bb599cf94-8r9q6,101m,15Mi,
h1-app-bb599cf94-hcnrt,100m,15Mi,
h1-app-bb599cf94-k5v7f,101m,16Mi,
h1-app-bb599cf94-k7jj8,100m,16Mi,
h1-app-bb599cf94-lhwcf,102m,15Mi,
idx,94,LOG_TIME,2024-01-13T22:42:55,2024-01-13T16:42:55
NAME,CPU(cores),MEMORY(bytes),
h1-app-bb599cf94-49f74,100m,16Mi,
h1-app-bb599cf94-8r9q6,101m,15Mi,
h1-app-bb599cf94-hcnrt,100m,15Mi,
h1-app-bb599cf94-k5v7f,101m,16Mi,
h1-app-bb599cf94-k7jj8,100m,16Mi,
h1-app-bb599cf94-lhwcf,100m,15Mi,
idx,95,LOG_TIME,2024-01-13T22:42:56,2024-01-13T16:42:56
NAME,CPU(cores),MEMORY(bytes),
h1-app-bb599cf94-49f74,100m,16Mi,
h1-app-bb599cf94-8r9q6,101m,15Mi,
h1-app-bb599cf94-hcnrt,100m,15Mi,
h1-app-bb599cf94-k5v7f,101m,16Mi,
h1-app-bb599cf94-k7jj8,100m,16Mi,
h1-app-bb599cf94-lhwcf,100m,15Mi,
idx,96,LOG_TIME,2024-01-13T22:42:58,2024-01-13T16:42:58
NAME,CPU(cores),MEMORY(bytes),
h1-app-bb599cf94-49f74,100m,16Mi,
h1-app-bb599cf94-8r9q6,101m,15Mi,
h1-app-bb599cf94-hcnrt,100m,15Mi,
h1-app-bb599cf94-k5v7f,101m,16Mi,
h1-app-bb599cf94-k7jj8,100m,16Mi,
h1-app-bb599cf94-lhwcf,100m,15Mi,
idx,97,LOG_TIME,2024-01-13T22:42:59,2024-01-13T16:42:59
NAME,CPU(cores),MEMORY(bytes),
h1-app-bb599cf94-49f74,100m,16Mi,
h1-app-bb599cf94-8r9q6,101m,15Mi,
h1-app-bb599cf94-hcnrt,100m,15Mi,
h1-app-bb599cf94-k5v7f,101m,16Mi,
h1-app-bb599cf94-k7jj8,100m,16Mi,
h1-app-bb599cf94-lhwcf,100m,15Mi,
idx,98,LOG_TIME,2024-01-13T22:43:00,2024-01-13T16:43:00
NAME,CPU(cores),MEMORY(bytes),
h1-app-bb599cf94-49f74,100m,16Mi,
h1-app-bb599cf94-8r9q6,101m,15Mi,
h1-app-bb599cf94-hcnrt,100m,15Mi,
h1-app-bb599cf94-k5v7f,101m,16Mi,
h1-app-bb599cf94-k7jj8,100m,16Mi,
h1-app-bb599cf94-lhwcf,100m,15Mi,
idx,99,LOG_TIME,2024-01-13T22:43:01,2024-01-13T16:43:01
NAME,CPU(cores),MEMORY(bytes),
h1-app-bb599cf94-49f74,100m,16Mi,
h1-app-bb599cf94-8r9q6,101m,15Mi,
h1-app-bb599cf94-hcnrt,100m,15Mi,
h1-app-bb599cf94-k5v7f,101m,16Mi,
h1-app-bb599cf94-k7jj8,100m,16Mi,
h1-app-bb599cf94-lhwcf,100m,15Mi,
idx,100,LOG_TIME,2024-01-13T22:43:02,2024-01-13T16:43:02
NAME,CPU(cores),MEMORY(bytes),
h1-app-bb599cf94-49f74,100m,16Mi,
h1-app-bb599cf94-8r9q6,101m,15Mi,
h1-app-bb599cf94-hcnrt,100m,15Mi,
h1-app-bb599cf94-k5v7f,101m,16Mi,
h1-app-bb599cf94-k7jj8,100m,16Mi,
h1-app-bb599cf94-lhwcf,100m,15Mi,
idx,101,LOG_TIME,2024-01-13T22:43:03,2024-01-13T16:43:03
NAME,CPU(cores),MEMORY(bytes),
h1-app-bb599cf94-49f74,100m,16Mi,
h1-app-bb599cf94-8r9q6,101m,15Mi,
h1-app-bb599cf94-hcnrt,100m,15Mi,
h1-app-bb599cf94-k5v7f,101m,16Mi,
h1-app-bb599cf94-k7jj8,100m,16Mi,
h1-app-bb599cf94-lhwcf,100m,15Mi,
idx,102,LOG_TIME,2024-01-13T22:43:04,2024-01-13T16:43:04
NAME,CPU(cores),MEMORY(bytes),
h1-app-bb599cf94-49f74,100m,16Mi,
h1-app-bb599cf94-8r9q6,101m,15Mi,
h1-app-bb599cf94-hcnrt,100m,15Mi,
h1-app-bb599cf94-k5v7f,101m,16Mi,
h1-app-bb599cf94-k7jj8,100m,16Mi,
h1-app-bb599cf94-lhwcf,100m,15Mi,
idx,103,LOG_TIME,2024-01-13T22:43:05,2024-01-13T16:43:05
NAME,CPU(cores),MEMORY(bytes),
h1-app-bb599cf94-49f74,106m,16Mi,
h1-app-bb599cf94-8r9q6,100m,15Mi,
h1-app-bb599cf94-hcnrt,101m,15Mi,
h1-app-bb599cf94-k5v7f,100m,16Mi,
h1-app-bb599cf94-k7jj8,101m,16Mi,
h1-app-bb599cf94-lhwcf,100m,15Mi,
idx,104,LOG_TIME,2024-01-13T22:43:06,2024-01-13T16:43:06
NAME,CPU(cores),MEMORY(bytes),
h1-app-bb599cf94-49f74,106m,16Mi,
h1-app-bb599cf94-8r9q6,100m,15Mi,
h1-app-bb599cf94-hcnrt,101m,15Mi,
h1-app-bb599cf94-k5v7f,100m,16Mi,
h1-app-bb599cf94-k7jj8,101m,16Mi,
h1-app-bb599cf94-lhwcf,100m,15Mi,
idx,105,LOG_TIME,2024-01-13T22:43:07,2024-01-13T16:43:07
NAME,CPU(cores),MEMORY(bytes),
h1-app-bb599cf94-49f74,106m,16Mi,
h1-app-bb599cf94-8r9q6,100m,15Mi,
h1-app-bb599cf94-hcnrt,101m,15Mi,
h1-app-bb599cf94-k5v7f,100m,16Mi,
h1-app-bb599cf94-k7jj8,101m,16Mi,
h1-app-bb599cf94-lhwcf,100m,15Mi,
idx,106,LOG_TIME,2024-01-13T22:43:08,2024-01-13T16:43:08
NAME,CPU(cores),MEMORY(bytes),
h1-app-bb599cf94-49f74,106m,16Mi,
h1-app-bb599cf94-8r9q6,100m,15Mi,
h1-app-bb599cf94-hcnrt,101m,15Mi,
h1-app-bb599cf94-k5v7f,100m,16Mi,
h1-app-bb599cf94-k7jj8,101m,16Mi,
h1-app-bb599cf94-lhwcf,100m,15Mi,
idx,107,LOG_TIME,2024-01-13T22:43:09,2024-01-13T16:43:09
NAME,CPU(cores),MEMORY(bytes),
h1-app-bb599cf94-49f74,106m,16Mi,
h1-app-bb599cf94-8r9q6,100m,15Mi,
h1-app-bb599cf94-hcnrt,101m,15Mi,
h1-app-bb599cf94-k5v7f,100m,16Mi,
h1-app-bb599cf94-k7jj8,101m,16Mi,
h1-app-bb599cf94-lhwcf,100m,15Mi,
idx,108,LOG_TIME,2024-01-13T22:43:10,2024-01-13T16:43:10
NAME,CPU(cores),MEMORY(bytes),
h1-app-bb599cf94-49f74,106m,16Mi,
h1-app-bb599cf94-8r9q6,100m,15Mi,
h1-app-bb599cf94-hcnrt,101m,15Mi,
h1-app-bb599cf94-k5v7f,100m,16Mi,
h1-app-bb599cf94-k7jj8,101m,16Mi,
h1-app-bb599cf94-lhwcf,100m,15Mi,
idx,109,LOG_TIME,2024-01-13T22:43:11,2024-01-13T16:43:11
NAME,CPU(cores),MEMORY(bytes),
h1-app-bb599cf94-49f74,106m,16Mi,
h1-app-bb599cf94-8r9q6,100m,15Mi,
h1-app-bb599cf94-hcnrt,101m,15Mi,
h1-app-bb599cf94-k5v7f,100m,16Mi,
h1-app-bb599cf94-k7jj8,101m,16Mi,
h1-app-bb599cf94-lhwcf,100m,15Mi,
idx,110,LOG_TIME,2024-01-13T22:43:12,2024-01-13T16:43:12
NAME,CPU(cores),MEMORY(bytes),
h1-app-bb599cf94-49f74,106m,16Mi,
h1-app-bb599cf94-8r9q6,100m,15Mi,
h1-app-bb599cf94-hcnrt,101m,15Mi,
h1-app-bb599cf94-k5v7f,100m,16Mi,
h1-app-bb599cf94-k7jj8,101m,16Mi,
h1-app-bb599cf94-lhwcf,100m,15Mi,
idx,111,LOG_TIME,2024-01-13T22:43:13,2024-01-13T16:43:13
NAME,CPU(cores),MEMORY(bytes),
h1-app-bb599cf94-49f74,106m,16Mi,
h1-app-bb599cf94-8r9q6,100m,15Mi,
h1-app-bb599cf94-hcnrt,101m,15Mi,
h1-app-bb599cf94-k5v7f,100m,16Mi,
h1-app-bb599cf94-k7jj8,101m,16Mi,
h1-app-bb599cf94-lhwcf,100m,15Mi,
idx,112,LOG_TIME,2024-01-13T22:43:14,2024-01-13T16:43:14
NAME,CPU(cores),MEMORY(bytes),
h1-app-bb599cf94-49f74,106m,16Mi,
h1-app-bb599cf94-8r9q6,100m,15Mi,
h1-app-bb599cf94-hcnrt,101m,15Mi,
h1-app-bb599cf94-k5v7f,100m,16Mi,
h1-app-bb599cf94-k7jj8,101m,16Mi,
h1-app-bb599cf94-lhwcf,100m,15Mi,
idx,113,LOG_TIME,2024-01-13T22:43:15,2024-01-13T16:43:15
NAME,CPU(cores),MEMORY(bytes),
h1-app-bb599cf94-49f74,100m,16Mi,
h1-app-bb599cf94-8r9q6,101m,15Mi,
h1-app-bb599cf94-hcnrt,100m,15Mi,
h1-app-bb599cf94-k5v7f,101m,16Mi,
h1-app-bb599cf94-k7jj8,101m,16Mi,
h1-app-bb599cf94-lhwcf,100m,15Mi,
idx,114,LOG_TIME,2024-01-13T22:43:16,2024-01-13T16:43:16
NAME,CPU(cores),MEMORY(bytes),
h1-app-bb599cf94-49f74,100m,16Mi,
h1-app-bb599cf94-8r9q6,101m,15Mi,
h1-app-bb599cf94-hcnrt,100m,15Mi,
h1-app-bb599cf94-k5v7f,101m,16Mi,
h1-app-bb599cf94-k7jj8,101m,16Mi,
h1-app-bb599cf94-lhwcf,100m,15Mi,
idx,115,LOG_TIME,2024-01-13T22:43:17,2024-01-13T16:43:17
NAME,CPU(cores),MEMORY(bytes),
h1-app-bb599cf94-49f74,100m,16Mi,
h1-app-bb599cf94-8r9q6,101m,15Mi,
h1-app-bb599cf94-hcnrt,100m,15Mi,
h1-app-bb599cf94-k5v7f,101m,16Mi,
h1-app-bb599cf94-k7jj8,101m,16Mi,
h1-app-bb599cf94-lhwcf,100m,15Mi,
idx,116,LOG_TIME,2024-01-13T22:43:18,2024-01-13T16:43:18
NAME,CPU(cores),MEMORY(bytes),
h1-app-bb599cf94-49f74,100m,16Mi,
h1-app-bb599cf94-8r9q6,101m,15Mi,
h1-app-bb599cf94-hcnrt,100m,15Mi,
h1-app-bb599cf94-k5v7f,101m,16Mi,
h1-app-bb599cf94-k7jj8,101m,16Mi,
h1-app-bb599cf94-lhwcf,100m,15Mi,
idx,117,LOG_TIME,2024-01-13T22:43:19,2024-01-13T16:43:19
NAME,CPU(cores),MEMORY(bytes),
h1-app-bb599cf94-49f74,100m,16Mi,
h1-app-bb599cf94-8r9q6,101m,15Mi,
h1-app-bb599cf94-hcnrt,100m,15Mi,
h1-app-bb599cf94-k5v7f,101m,16Mi,
h1-app-bb599cf94-k7jj8,101m,16Mi,
h1-app-bb599cf94-lhwcf,100m,15Mi,
idx,118,LOG_TIME,2024-01-13T22:43:20,2024-01-13T16:43:20
NAME,CPU(cores),MEMORY(bytes),
h1-app-bb599cf94-49f74,100m,16Mi,
h1-app-bb599cf94-8r9q6,101m,15Mi,
h1-app-bb599cf94-hcnrt,100m,15Mi,
h1-app-bb599cf94-k5v7f,101m,16Mi,
h1-app-bb599cf94-k7jj8,101m,16Mi,
h1-app-bb599cf94-lhwcf,100m,15Mi,
idx,119,LOG_TIME,2024-01-13T22:43:21,2024-01-13T16:43:21
NAME,CPU(cores),MEMORY(bytes),
h1-app-bb599cf94-49f74,100m,16Mi,
h1-app-bb599cf94-8r9q6,101m,15Mi,
h1-app-bb599cf94-hcnrt,100m,15Mi,
h1-app-bb599cf94-k5v7f,101m,16Mi,
h1-app-bb599cf94-k7jj8,101m,16Mi,
h1-app-bb599cf94-lhwcf,100m,15Mi,
idx,120,LOG_TIME,2024-01-13T22:43:22,2024-01-13T16:43:22
NAME,CPU(cores),MEMORY(bytes),
h1-app-bb599cf94-49f74,100m,16Mi,
h1-app-bb599cf94-8r9q6,101m,15Mi,
h1-app-bb599cf94-hcnrt,100m,15Mi,
h1-app-bb599cf94-k5v7f,101m,16Mi,
h1-app-bb599cf94-k7jj8,101m,16Mi,
h1-app-bb599cf94-lhwcf,100m,15Mi,
idx,121,LOG_TIME,2024-01-13T22:43:23,2024-01-13T16:43:23
NAME,CPU(cores),MEMORY(bytes),
h1-app-bb599cf94-49f74,100m,16Mi,
h1-app-bb599cf94-8r9q6,101m,15Mi,
h1-app-bb599cf94-hcnrt,100m,15Mi,
h1-app-bb599cf94-k5v7f,101m,16Mi,
h1-app-bb599cf94-k7jj8,101m,16Mi,
h1-app-bb599cf94-lhwcf,100m,15Mi,
idx,122,LOG_TIME,2024-01-13T22:43:24,2024-01-13T16:43:24
NAME,CPU(cores),MEMORY(bytes),
h1-app-bb599cf94-49f74,100m,16Mi,
h1-app-bb599cf94-8r9q6,101m,15Mi,
h1-app-bb599cf94-hcnrt,100m,15Mi,
h1-app-bb599cf94-k5v7f,101m,16Mi,
h1-app-bb599cf94-k7jj8,101m,16Mi,
h1-app-bb599cf94-lhwcf,100m,15Mi,
idx,123,LOG_TIME,2024-01-13T22:43:25,2024-01-13T16:43:25
NAME,CPU(cores),MEMORY(bytes),
h1-app-bb599cf94-49f74,100m,16Mi,
h1-app-bb599cf94-8r9q6,10m,2Mi,
h1-app-bb599cf94-hcnrt,100m,15Mi,
h1-app-bb599cf94-k5v7f,101m,16Mi,
h1-app-bb599cf94-k7jj8,101m,16Mi,
h1-app-bb599cf94-lhwcf,100m,15Mi,
idx,124,LOG_TIME,2024-01-13T22:43:26,2024-01-13T16:43:26
NAME,CPU(cores),MEMORY(bytes),
h1-app-bb599cf94-49f74,100m,16Mi,
h1-app-bb599cf94-8r9q6,10m,2Mi,
h1-app-bb599cf94-hcnrt,100m,15Mi,
h1-app-bb599cf94-k5v7f,101m,16Mi,
h1-app-bb599cf94-k7jj8,101m,16Mi,
h1-app-bb599cf94-lhwcf,100m,15Mi,
idx,125,LOG_TIME,2024-01-13T22:43:27,2024-01-13T16:43:27
NAME,CPU(cores),MEMORY(bytes),
h1-app-bb599cf94-49f74,100m,16Mi,
h1-app-bb599cf94-8r9q6,10m,2Mi,
h1-app-bb599cf94-hcnrt,100m,15Mi,
h1-app-bb599cf94-k5v7f,101m,16Mi,
h1-app-bb599cf94-k7jj8,101m,16Mi,
h1-app-bb599cf94-lhwcf,100m,15Mi,
idx,126,LOG_TIME,2024-01-13T22:43:28,2024-01-13T16:43:28
NAME,CPU(cores),MEMORY(bytes),
h1-app-bb599cf94-49f74,100m,16Mi,
h1-app-bb599cf94-8r9q6,10m,2Mi,
h1-app-bb599cf94-hcnrt,100m,15Mi,
h1-app-bb599cf94-k5v7f,101m,16Mi,
h1-app-bb599cf94-k7jj8,101m,16Mi,
h1-app-bb599cf94-lhwcf,100m,15Mi,
idx,127,LOG_TIME,2024-01-13T22:43:29,2024-01-13T16:43:29
NAME,CPU(cores),MEMORY(bytes),
h1-app-bb599cf94-49f74,100m,16Mi,
h1-app-bb599cf94-8r9q6,10m,2Mi,
h1-app-bb599cf94-hcnrt,100m,15Mi,
h1-app-bb599cf94-k5v7f,101m,16Mi,
h1-app-bb599cf94-k7jj8,101m,16Mi,
h1-app-bb599cf94-lhwcf,100m,15Mi,
idx,128,LOG_TIME,2024-01-13T22:43:30,2024-01-13T16:43:30
NAME,CPU(cores),MEMORY(bytes),
h1-app-bb599cf94-49f74,100m,16Mi,
h1-app-bb599cf94-8r9q6,10m,2Mi,
h1-app-bb599cf94-hcnrt,100m,15Mi,
h1-app-bb599cf94-k5v7f,101m,16Mi,
h1-app-bb599cf94-k7jj8,101m,16Mi,
h1-app-bb599cf94-lhwcf,100m,15Mi,
idx,129,LOG_TIME,2024-01-13T22:43:31,2024-01-13T16:43:31
NAME,CPU(cores),MEMORY(bytes),
h1-app-bb599cf94-49f74,100m,16Mi,
h1-app-bb599cf94-8r9q6,10m,2Mi,
h1-app-bb599cf94-hcnrt,100m,15Mi,
h1-app-bb599cf94-k5v7f,101m,16Mi,
h1-app-bb599cf94-k7jj8,101m,16Mi,
h1-app-bb599cf94-lhwcf,100m,15Mi,
idx,130,LOG_TIME,2024-01-13T22:43:32,2024-01-13T16:43:32
NAME,CPU(cores),MEMORY(bytes),
h1-app-bb599cf94-49f74,100m,16Mi,
h1-app-bb599cf94-8r9q6,10m,2Mi,
h1-app-bb599cf94-hcnrt,100m,15Mi,
h1-app-bb599cf94-k5v7f,101m,16Mi,
h1-app-bb599cf94-k7jj8,101m,16Mi,
h1-app-bb599cf94-lhwcf,100m,15Mi,
idx,131,LOG_TIME,2024-01-13T22:43:33,2024-01-13T16:43:33
NAME,CPU(cores),MEMORY(bytes),
h1-app-bb599cf94-49f74,100m,16Mi,
h1-app-bb599cf94-8r9q6,10m,2Mi,
h1-app-bb599cf94-hcnrt,100m,15Mi,
h1-app-bb599cf94-k5v7f,101m,16Mi,
h1-app-bb599cf94-k7jj8,101m,16Mi,
h1-app-bb599cf94-lhwcf,100m,15Mi,
idx,132,LOG_TIME,2024-01-13T22:43:34,2024-01-13T16:43:34
NAME,CPU(cores),MEMORY(bytes),
h1-app-bb599cf94-49f74,100m,16Mi,
h1-app-bb599cf94-8r9q6,10m,2Mi,
h1-app-bb599cf94-hcnrt,100m,15Mi,
h1-app-bb599cf94-k5v7f,101m,16Mi,
h1-app-bb599cf94-k7jj8,101m,16Mi,
h1-app-bb599cf94-lhwcf,100m,15Mi,
idx,133,LOG_TIME,2024-01-13T22:43:35,2024-01-13T16:43:35
NAME,CPU(cores),MEMORY(bytes),
h1-app-bb599cf94-49f74,101m,16Mi,
h1-app-bb599cf94-8r9q6,0m,2Mi,
h1-app-bb599cf94-hcnrt,101m,15Mi,
h1-app-bb599cf94-k5v7f,100m,16Mi,
h1-app-bb599cf94-k7jj8,100m,16Mi,
h1-app-bb599cf94-lhwcf,101m,15Mi,
idx,134,LOG_TIME,2024-01-13T22:43:36,2024-01-13T16:43:36
NAME,CPU(cores),MEMORY(bytes),
h1-app-bb599cf94-49f74,101m,16Mi,
h1-app-bb599cf94-8r9q6,0m,2Mi,
h1-app-bb599cf94-hcnrt,101m,15Mi,
h1-app-bb599cf94-k5v7f,100m,16Mi,
h1-app-bb599cf94-k7jj8,100m,16Mi,
h1-app-bb599cf94-lhwcf,101m,15Mi,
idx,135,LOG_TIME,2024-01-13T22:43:37,2024-01-13T16:43:37
NAME,CPU(cores),MEMORY(bytes),
h1-app-bb599cf94-49f74,101m,16Mi,
h1-app-bb599cf94-8r9q6,0m,2Mi,
h1-app-bb599cf94-hcnrt,101m,15Mi,
h1-app-bb599cf94-k5v7f,100m,16Mi,
h1-app-bb599cf94-k7jj8,100m,16Mi,
h1-app-bb599cf94-lhwcf,101m,15Mi,
idx,136,LOG_TIME,2024-01-13T22:43:38,2024-01-13T16:43:38
NAME,CPU(cores),MEMORY(bytes),
h1-app-bb599cf94-49f74,101m,16Mi,
h1-app-bb599cf94-8r9q6,0m,2Mi,
h1-app-bb599cf94-hcnrt,101m,15Mi,
h1-app-bb599cf94-k5v7f,100m,16Mi,
h1-app-bb599cf94-k7jj8,100m,16Mi,
h1-app-bb599cf94-lhwcf,101m,15Mi,
idx,137,LOG_TIME,2024-01-13T22:43:40,2024-01-13T16:43:40
NAME,CPU(cores),MEMORY(bytes),
h1-app-bb599cf94-49f74,101m,16Mi,
h1-app-bb599cf94-8r9q6,0m,2Mi,
h1-app-bb599cf94-hcnrt,101m,15Mi,
h1-app-bb599cf94-k5v7f,100m,16Mi,
h1-app-bb599cf94-k7jj8,100m,16Mi,
h1-app-bb599cf94-lhwcf,101m,15Mi,
idx,138,LOG_TIME,2024-01-13T22:43:41,2024-01-13T16:43:41
NAME,CPU(cores),MEMORY(bytes),
h1-app-bb599cf94-49f74,101m,16Mi,
h1-app-bb599cf94-8r9q6,0m,2Mi,
h1-app-bb599cf94-hcnrt,101m,15Mi,
h1-app-bb599cf94-k5v7f,100m,16Mi,
h1-app-bb599cf94-k7jj8,100m,16Mi,
h1-app-bb599cf94-lhwcf,101m,15Mi,
idx,139,LOG_TIME,2024-01-13T22:43:42,2024-01-13T16:43:42
NAME,CPU(cores),MEMORY(bytes),
h1-app-bb599cf94-49f74,101m,16Mi,
h1-app-bb599cf94-8r9q6,0m,2Mi,
h1-app-bb599cf94-hcnrt,101m,15Mi,
h1-app-bb599cf94-k5v7f,100m,16Mi,
h1-app-bb599cf94-k7jj8,100m,16Mi,
h1-app-bb599cf94-lhwcf,101m,15Mi,
idx,140,LOG_TIME,2024-01-13T22:43:43,2024-01-13T16:43:43
NAME,CPU(cores),MEMORY(bytes),
h1-app-bb599cf94-49f74,101m,16Mi,
h1-app-bb599cf94-8r9q6,0m,2Mi,
h1-app-bb599cf94-hcnrt,101m,15Mi,
h1-app-bb599cf94-k5v7f,100m,16Mi,
h1-app-bb599cf94-k7jj8,100m,16Mi,
h1-app-bb599cf94-lhwcf,101m,15Mi,
idx,141,LOG_TIME,2024-01-13T22:43:44,2024-01-13T16:43:44
NAME,CPU(cores),MEMORY(bytes),
h1-app-bb599cf94-49f74,101m,16Mi,
h1-app-bb599cf94-8r9q6,0m,2Mi,
h1-app-bb599cf94-hcnrt,101m,15Mi,
h1-app-bb599cf94-k5v7f,100m,16Mi,
h1-app-bb599cf94-k7jj8,100m,16Mi,
h1-app-bb599cf94-lhwcf,101m,15Mi,
idx,142,LOG_TIME,2024-01-13T22:43:45,2024-01-13T16:43:45
NAME,CPU(cores),MEMORY(bytes),
h1-app-bb599cf94-49f74,101m,16Mi,
h1-app-bb599cf94-8r9q6,0m,2Mi,
h1-app-bb599cf94-hcnrt,100m,15Mi,
h1-app-bb599cf94-k5v7f,100m,16Mi,
h1-app-bb599cf94-k7jj8,101m,16Mi,
h1-app-bb599cf94-lhwcf,101m,15Mi,
idx,143,LOG_TIME,2024-01-13T22:43:46,2024-01-13T16:43:46
NAME,CPU(cores),MEMORY(bytes),
h1-app-bb599cf94-49f74,101m,16Mi,
h1-app-bb599cf94-8r9q6,0m,2Mi,
h1-app-bb599cf94-hcnrt,100m,15Mi,
h1-app-bb599cf94-k5v7f,100m,16Mi,
h1-app-bb599cf94-k7jj8,101m,16Mi,
h1-app-bb599cf94-lhwcf,101m,15Mi,
idx,144,LOG_TIME,2024-01-13T22:43:47,2024-01-13T16:43:47
NAME,CPU(cores),MEMORY(bytes),
h1-app-bb599cf94-49f74,101m,16Mi,
h1-app-bb599cf94-8r9q6,0m,2Mi,
h1-app-bb599cf94-hcnrt,100m,15Mi,
h1-app-bb599cf94-k5v7f,100m,16Mi,
h1-app-bb599cf94-k7jj8,101m,16Mi,
h1-app-bb599cf94-lhwcf,101m,15Mi,
idx,145,LOG_TIME,2024-01-13T22:43:48,2024-01-13T16:43:48
NAME,CPU(cores),MEMORY(bytes),
h1-app-bb599cf94-49f74,101m,16Mi,
h1-app-bb599cf94-8r9q6,0m,2Mi,
h1-app-bb599cf94-hcnrt,100m,15Mi,
h1-app-bb599cf94-k5v7f,100m,16Mi,
h1-app-bb599cf94-k7jj8,101m,16Mi,
h1-app-bb599cf94-lhwcf,101m,15Mi,
idx,146,LOG_TIME,2024-01-13T22:43:49,2024-01-13T16:43:49
NAME,CPU(cores),MEMORY(bytes),
h1-app-bb599cf94-49f74,101m,16Mi,
h1-app-bb599cf94-8r9q6,0m,2Mi,
h1-app-bb599cf94-hcnrt,100m,15Mi,
h1-app-bb599cf94-k5v7f,100m,16Mi,
h1-app-bb599cf94-k7jj8,101m,16Mi,
h1-app-bb599cf94-lhwcf,101m,15Mi,
idx,147,LOG_TIME,2024-01-13T22:43:50,2024-01-13T16:43:50
NAME,CPU(cores),MEMORY(bytes),
h1-app-bb599cf94-49f74,101m,16Mi,
h1-app-bb599cf94-8r9q6,0m,2Mi,
h1-app-bb599cf94-hcnrt,100m,15Mi,
h1-app-bb599cf94-k5v7f,100m,16Mi,
h1-app-bb599cf94-k7jj8,101m,16Mi,
h1-app-bb599cf94-lhwcf,101m,15Mi,
idx,148,LOG_TIME,2024-01-13T22:43:51,2024-01-13T16:43:51
NAME,CPU(cores),MEMORY(bytes),
h1-app-bb599cf94-49f74,101m,16Mi,
h1-app-bb599cf94-8r9q6,0m,2Mi,
h1-app-bb599cf94-hcnrt,100m,15Mi,
h1-app-bb599cf94-k5v7f,100m,16Mi,
h1-app-bb599cf94-k7jj8,101m,16Mi,
h1-app-bb599cf94-lhwcf,101m,15Mi,
idx,149,LOG_TIME,2024-01-13T22:43:52,2024-01-13T16:43:52
NAME,CPU(cores),MEMORY(bytes),
h1-app-bb599cf94-49f74,101m,16Mi,
h1-app-bb599cf94-8r9q6,0m,2Mi,
h1-app-bb599cf94-hcnrt,100m,15Mi,
h1-app-bb599cf94-k5v7f,100m,16Mi,
h1-app-bb599cf94-k7jj8,101m,16Mi,
h1-app-bb599cf94-lhwcf,101m,15Mi,
idx,150,LOG_TIME,2024-01-13T22:43:53,2024-01-13T16:43:53
NAME,CPU(cores),MEMORY(bytes),
h1-app-bb599cf94-49f74,101m,16Mi,
h1-app-bb599cf94-8r9q6,0m,2Mi,
h1-app-bb599cf94-hcnrt,100m,15Mi,
h1-app-bb599cf94-k5v7f,100m,16Mi,
h1-app-bb599cf94-k7jj8,101m,16Mi,
h1-app-bb599cf94-lhwcf,101m,15Mi,
idx,151,LOG_TIME,2024-01-13T22:43:54,2024-01-13T16:43:54
NAME,CPU(cores),MEMORY(bytes),
h1-app-bb599cf94-49f74,101m,16Mi,
h1-app-bb599cf94-8r9q6,0m,2Mi,
h1-app-bb599cf94-hcnrt,100m,15Mi,
h1-app-bb599cf94-k5v7f,100m,16Mi,
h1-app-bb599cf94-k7jj8,101m,16Mi,
h1-app-bb599cf94-lhwcf,101m,15Mi,
idx,152,LOG_TIME,2024-01-13T22:43:55,2024-01-13T16:43:55
NAME,CPU(cores),MEMORY(bytes),
h1-app-bb599cf94-49f74,30m,2Mi,
h1-app-bb599cf94-8r9q6,0m,2Mi,
h1-app-bb599cf94-hcnrt,100m,15Mi,
h1-app-bb599cf94-k5v7f,100m,16Mi,
h1-app-bb599cf94-k7jj8,100m,16Mi,
h1-app-bb599cf94-lhwcf,100m,15Mi,
idx,153,LOG_TIME,2024-01-13T22:43:56,2024-01-13T16:43:56
NAME,CPU(cores),MEMORY(bytes),
h1-app-bb599cf94-49f74,30m,2Mi,
h1-app-bb599cf94-8r9q6,0m,2Mi,
h1-app-bb599cf94-hcnrt,100m,15Mi,
h1-app-bb599cf94-k5v7f,100m,16Mi,
h1-app-bb599cf94-k7jj8,100m,16Mi,
h1-app-bb599cf94-lhwcf,100m,15Mi,
idx,154,LOG_TIME,2024-01-13T22:43:57,2024-01-13T16:43:57
NAME,CPU(cores),MEMORY(bytes),
h1-app-bb599cf94-49f74,30m,2Mi,
h1-app-bb599cf94-8r9q6,0m,2Mi,
h1-app-bb599cf94-hcnrt,100m,15Mi,
h1-app-bb599cf94-k5v7f,100m,16Mi,
h1-app-bb599cf94-k7jj8,100m,16Mi,
h1-app-bb599cf94-lhwcf,100m,15Mi,
idx,155,LOG_TIME,2024-01-13T22:43:58,2024-01-13T16:43:58
NAME,CPU(cores),MEMORY(bytes),
h1-app-bb599cf94-49f74,30m,2Mi,
h1-app-bb599cf94-8r9q6,0m,2Mi,
h1-app-bb599cf94-hcnrt,100m,15Mi,
h1-app-bb599cf94-k5v7f,100m,16Mi,
h1-app-bb599cf94-k7jj8,100m,16Mi,
h1-app-bb599cf94-lhwcf,100m,15Mi,
idx,156,LOG_TIME,2024-01-13T22:43:59,2024-01-13T16:43:59
NAME,CPU(cores),MEMORY(bytes),
h1-app-bb599cf94-49f74,30m,2Mi,
h1-app-bb599cf94-8r9q6,0m,2Mi,
h1-app-bb599cf94-hcnrt,100m,15Mi,
h1-app-bb599cf94-k5v7f,100m,16Mi,
h1-app-bb599cf94-k7jj8,100m,16Mi,
h1-app-bb599cf94-lhwcf,100m,15Mi,
idx,157,LOG_TIME,2024-01-13T22:44:00,2024-01-13T16:44:00
NAME,CPU(cores),MEMORY(bytes),
h1-app-bb599cf94-49f74,30m,2Mi,
h1-app-bb599cf94-8r9q6,0m,2Mi,
h1-app-bb599cf94-hcnrt,100m,15Mi,
h1-app-bb599cf94-k5v7f,100m,16Mi,
h1-app-bb599cf94-k7jj8,100m,16Mi,
h1-app-bb599cf94-lhwcf,100m,15Mi,
idx,158,LOG_TIME,2024-01-13T22:44:01,2024-01-13T16:44:01
NAME,CPU(cores),MEMORY(bytes),
h1-app-bb599cf94-49f74,30m,2Mi,
h1-app-bb599cf94-8r9q6,0m,2Mi,
h1-app-bb599cf94-hcnrt,100m,15Mi,
h1-app-bb599cf94-k5v7f,100m,16Mi,
h1-app-bb599cf94-k7jj8,100m,16Mi,
h1-app-bb599cf94-lhwcf,100m,15Mi,
idx,159,LOG_TIME,2024-01-13T22:44:02,2024-01-13T16:44:02
NAME,CPU(cores),MEMORY(bytes),
h1-app-bb599cf94-49f74,30m,2Mi,
h1-app-bb599cf94-8r9q6,0m,2Mi,
h1-app-bb599cf94-hcnrt,100m,15Mi,
h1-app-bb599cf94-k5v7f,100m,16Mi,
h1-app-bb599cf94-k7jj8,100m,16Mi,
h1-app-bb599cf94-lhwcf,100m,15Mi,
idx,160,LOG_TIME,2024-01-13T22:44:03,2024-01-13T16:44:03
NAME,CPU(cores),MEMORY(bytes),
h1-app-bb599cf94-49f74,30m,2Mi,
h1-app-bb599cf94-8r9q6,0m,2Mi,
h1-app-bb599cf94-hcnrt,100m,15Mi,
h1-app-bb599cf94-k5v7f,100m,16Mi,
h1-app-bb599cf94-k7jj8,100m,16Mi,
h1-app-bb599cf94-lhwcf,100m,15Mi,
idx,161,LOG_TIME,2024-01-13T22:44:04,2024-01-13T16:44:04
NAME,CPU(cores),MEMORY(bytes),
h1-app-bb599cf94-49f74,30m,2Mi,
h1-app-bb599cf94-8r9q6,0m,2Mi,
h1-app-bb599cf94-hcnrt,100m,15Mi,
h1-app-bb599cf94-k5v7f,100m,16Mi,
h1-app-bb599cf94-k7jj8,100m,16Mi,
h1-app-bb599cf94-lhwcf,100m,15Mi,
idx,162,LOG_TIME,2024-01-13T22:44:05,2024-01-13T16:44:05
NAME,CPU(cores),MEMORY(bytes),
h1-app-bb599cf94-49f74,0m,2Mi,
h1-app-bb599cf94-8r9q6,0m,2Mi,
h1-app-bb599cf94-hcnrt,11m,2Mi,
h1-app-bb599cf94-k5v7f,102m,16Mi,
h1-app-bb599cf94-k7jj8,100m,16Mi,
h1-app-bb599cf94-lhwcf,100m,15Mi,
idx,163,LOG_TIME,2024-01-13T22:44:06,2024-01-13T16:44:06
NAME,CPU(cores),MEMORY(bytes),
h1-app-bb599cf94-49f74,0m,2Mi,
h1-app-bb599cf94-8r9q6,0m,2Mi,
h1-app-bb599cf94-hcnrt,11m,2Mi,
h1-app-bb599cf94-k5v7f,102m,16Mi,
h1-app-bb599cf94-k7jj8,100m,16Mi,
h1-app-bb599cf94-lhwcf,100m,15Mi,
idx,164,LOG_TIME,2024-01-13T22:44:07,2024-01-13T16:44:07
NAME,CPU(cores),MEMORY(bytes),
h1-app-bb599cf94-49f74,0m,2Mi,
h1-app-bb599cf94-8r9q6,0m,2Mi,
h1-app-bb599cf94-hcnrt,11m,2Mi,
h1-app-bb599cf94-k5v7f,102m,16Mi,
h1-app-bb599cf94-k7jj8,100m,16Mi,
h1-app-bb599cf94-lhwcf,100m,15Mi,
idx,165,LOG_TIME,2024-01-13T22:44:08,2024-01-13T16:44:08
NAME,CPU(cores),MEMORY(bytes),
h1-app-bb599cf94-49f74,0m,2Mi,
h1-app-bb599cf94-8r9q6,0m,2Mi,
h1-app-bb599cf94-hcnrt,11m,2Mi,
h1-app-bb599cf94-k5v7f,102m,16Mi,
h1-app-bb599cf94-k7jj8,100m,16Mi,
h1-app-bb599cf94-lhwcf,100m,15Mi,
idx,166,LOG_TIME,2024-01-13T22:44:09,2024-01-13T16:44:09
NAME,CPU(cores),MEMORY(bytes),
h1-app-bb599cf94-49f74,0m,2Mi,
h1-app-bb599cf94-8r9q6,0m,2Mi,
h1-app-bb599cf94-hcnrt,11m,2Mi,
h1-app-bb599cf94-k5v7f,102m,16Mi,
h1-app-bb599cf94-k7jj8,100m,16Mi,
h1-app-bb599cf94-lhwcf,100m,15Mi,
idx,167,LOG_TIME,2024-01-13T22:44:10,2024-01-13T16:44:10
NAME,CPU(cores),MEMORY(bytes),
h1-app-bb599cf94-49f74,0m,2Mi,
h1-app-bb599cf94-8r9q6,0m,2Mi,
h1-app-bb599cf94-hcnrt,11m,2Mi,
h1-app-bb599cf94-k5v7f,102m,16Mi,
h1-app-bb599cf94-k7jj8,100m,16Mi,
h1-app-bb599cf94-lhwcf,100m,15Mi,
idx,168,LOG_TIME,2024-01-13T22:44:11,2024-01-13T16:44:11
NAME,CPU(cores),MEMORY(bytes),
h1-app-bb599cf94-49f74,0m,2Mi,
h1-app-bb599cf94-8r9q6,0m,2Mi,
h1-app-bb599cf94-hcnrt,11m,2Mi,
h1-app-bb599cf94-k5v7f,102m,16Mi,
h1-app-bb599cf94-k7jj8,100m,16Mi,
h1-app-bb599cf94-lhwcf,100m,15Mi,
idx,169,LOG_TIME,2024-01-13T22:44:12,2024-01-13T16:44:12
NAME,CPU(cores),MEMORY(bytes),
h1-app-bb599cf94-49f74,0m,2Mi,
h1-app-bb599cf94-8r9q6,0m,2Mi,
h1-app-bb599cf94-hcnrt,11m,2Mi,
h1-app-bb599cf94-k5v7f,102m,16Mi,
h1-app-bb599cf94-k7jj8,100m,16Mi,
h1-app-bb599cf94-lhwcf,100m,15Mi,
idx,170,LOG_TIME,2024-01-13T22:44:13,2024-01-13T16:44:13
NAME,CPU(cores),MEMORY(bytes),
h1-app-bb599cf94-49f74,0m,2Mi,
h1-app-bb599cf94-8r9q6,0m,2Mi,
h1-app-bb599cf94-hcnrt,11m,2Mi,
h1-app-bb599cf94-k5v7f,102m,16Mi,
h1-app-bb599cf94-k7jj8,100m,16Mi,
h1-app-bb599cf94-lhwcf,100m,15Mi,
idx,171,LOG_TIME,2024-01-13T22:44:14,2024-01-13T16:44:14
NAME,CPU(cores),MEMORY(bytes),
h1-app-bb599cf94-49f74,0m,2Mi,
h1-app-bb599cf94-8r9q6,0m,2Mi,
h1-app-bb599cf94-hcnrt,11m,2Mi,
h1-app-bb599cf94-k5v7f,102m,16Mi,
h1-app-bb599cf94-k7jj8,100m,16Mi,
h1-app-bb599cf94-lhwcf,100m,15Mi,
idx,172,LOG_TIME,2024-01-13T22:44:15,2024-01-13T16:44:15
NAME,CPU(cores),MEMORY(bytes),
h1-app-bb599cf94-49f74,0m,2Mi,
h1-app-bb599cf94-8r9q6,0m,2Mi,
h1-app-bb599cf94-hcnrt,0m,2Mi,
h1-app-bb599cf94-k5v7f,100m,16Mi,
h1-app-bb599cf94-k7jj8,100m,16Mi,
h1-app-bb599cf94-lhwcf,101m,15Mi,
idx,173,LOG_TIME,2024-01-13T22:44:16,2024-01-13T16:44:16
NAME,CPU(cores),MEMORY(bytes),
h1-app-bb599cf94-49f74,0m,2Mi,
h1-app-bb599cf94-8r9q6,0m,2Mi,
h1-app-bb599cf94-hcnrt,0m,2Mi,
h1-app-bb599cf94-k5v7f,100m,16Mi,
h1-app-bb599cf94-k7jj8,100m,16Mi,
h1-app-bb599cf94-lhwcf,101m,15Mi,
idx,174,LOG_TIME,2024-01-13T22:44:17,2024-01-13T16:44:17
NAME,CPU(cores),MEMORY(bytes),
h1-app-bb599cf94-49f74,0m,2Mi,
h1-app-bb599cf94-8r9q6,0m,2Mi,
h1-app-bb599cf94-hcnrt,0m,2Mi,
h1-app-bb599cf94-k5v7f,100m,16Mi,
h1-app-bb599cf94-k7jj8,100m,16Mi,
h1-app-bb599cf94-lhwcf,101m,15Mi,
idx,175,LOG_TIME,2024-01-13T22:44:18,2024-01-13T16:44:18
NAME,CPU(cores),MEMORY(bytes),
h1-app-bb599cf94-49f74,0m,2Mi,
h1-app-bb599cf94-8r9q6,0m,2Mi,
h1-app-bb599cf94-hcnrt,0m,2Mi,
h1-app-bb599cf94-k5v7f,100m,16Mi,
h1-app-bb599cf94-k7jj8,100m,16Mi,
h1-app-bb599cf94-lhwcf,101m,15Mi,
idx,176,LOG_TIME,2024-01-13T22:44:20,2024-01-13T16:44:20
NAME,CPU(cores),MEMORY(bytes),
h1-app-bb599cf94-49f74,0m,2Mi,
h1-app-bb599cf94-8r9q6,0m,2Mi,
h1-app-bb599cf94-hcnrt,0m,2Mi,
h1-app-bb599cf94-k5v7f,100m,16Mi,
h1-app-bb599cf94-k7jj8,100m,16Mi,
h1-app-bb599cf94-lhwcf,101m,15Mi,
idx,177,LOG_TIME,2024-01-13T22:44:21,2024-01-13T16:44:21
NAME,CPU(cores),MEMORY(bytes),
h1-app-bb599cf94-49f74,0m,2Mi,
h1-app-bb599cf94-8r9q6,0m,2Mi,
h1-app-bb599cf94-hcnrt,0m,2Mi,
h1-app-bb599cf94-k5v7f,100m,16Mi,
h1-app-bb599cf94-k7jj8,100m,16Mi,
h1-app-bb599cf94-lhwcf,101m,15Mi,
idx,178,LOG_TIME,2024-01-13T22:44:22,2024-01-13T16:44:22
NAME,CPU(cores),MEMORY(bytes),
h1-app-bb599cf94-49f74,0m,2Mi,
h1-app-bb599cf94-8r9q6,0m,2Mi,
h1-app-bb599cf94-hcnrt,0m,2Mi,
h1-app-bb599cf94-k5v7f,100m,16Mi,
h1-app-bb599cf94-k7jj8,100m,16Mi,
h1-app-bb599cf94-lhwcf,101m,15Mi,
idx,179,LOG_TIME,2024-01-13T22:44:23,2024-01-13T16:44:23
NAME,CPU(cores),MEMORY(bytes),
h1-app-bb599cf94-49f74,0m,2Mi,
h1-app-bb599cf94-8r9q6,0m,2Mi,
h1-app-bb599cf94-hcnrt,0m,2Mi,
h1-app-bb599cf94-k5v7f,100m,16Mi,
h1-app-bb599cf94-k7jj8,100m,16Mi,
h1-app-bb599cf94-lhwcf,101m,15Mi,
idx,180,LOG_TIME,2024-01-13T22:44:24,2024-01-13T16:44:24
NAME,CPU(cores),MEMORY(bytes),
h1-app-bb599cf94-49f74,0m,2Mi,
h1-app-bb599cf94-8r9q6,0m,2Mi,
h1-app-bb599cf94-hcnrt,0m,2Mi,
h1-app-bb599cf94-k5v7f,100m,16Mi,
h1-app-bb599cf94-k7jj8,100m,16Mi,
h1-app-bb599cf94-lhwcf,101m,15Mi,
idx,181,LOG_TIME,2024-01-13T22:44:25,2024-01-13T16:44:25
NAME,CPU(cores),MEMORY(bytes),
h1-app-bb599cf94-49f74,0m,2Mi,
h1-app-bb599cf94-8r9q6,0m,2Mi,
h1-app-bb599cf94-hcnrt,0m,2Mi,
h1-app-bb599cf94-k5v7f,39m,2Mi,
h1-app-bb599cf94-k7jj8,53m,3Mi,
h1-app-bb599cf94-lhwcf,100m,15Mi,
idx,182,LOG_TIME,2024-01-13T22:44:26,2024-01-13T16:44:26
NAME,CPU(cores),MEMORY(bytes),
h1-app-bb599cf94-49f74,0m,2Mi,
h1-app-bb599cf94-8r9q6,0m,2Mi,
h1-app-bb599cf94-hcnrt,0m,2Mi,
h1-app-bb599cf94-k5v7f,39m,2Mi,
h1-app-bb599cf94-k7jj8,53m,3Mi,
h1-app-bb599cf94-lhwcf,100m,15Mi,
idx,183,LOG_TIME,2024-01-13T22:44:27,2024-01-13T16:44:27
NAME,CPU(cores),MEMORY(bytes),
h1-app-bb599cf94-49f74,0m,2Mi,
h1-app-bb599cf94-8r9q6,0m,2Mi,
h1-app-bb599cf94-hcnrt,0m,2Mi,
h1-app-bb599cf94-k5v7f,39m,2Mi,
h1-app-bb599cf94-k7jj8,53m,3Mi,
h1-app-bb599cf94-lhwcf,100m,15Mi,
idx,184,LOG_TIME,2024-01-13T22:44:28,2024-01-13T16:44:28
NAME,CPU(cores),MEMORY(bytes),
h1-app-bb599cf94-49f74,0m,2Mi,
h1-app-bb599cf94-8r9q6,0m,2Mi,
h1-app-bb599cf94-hcnrt,0m,2Mi,
h1-app-bb599cf94-k5v7f,39m,2Mi,
h1-app-bb599cf94-k7jj8,53m,3Mi,
h1-app-bb599cf94-lhwcf,100m,15Mi,
idx,185,LOG_TIME,2024-01-13T22:44:29,2024-01-13T16:44:29
NAME,CPU(cores),MEMORY(bytes),
h1-app-bb599cf94-49f74,0m,2Mi,
h1-app-bb599cf94-8r9q6,0m,2Mi,
h1-app-bb599cf94-hcnrt,0m,2Mi,
h1-app-bb599cf94-k5v7f,39m,2Mi,
h1-app-bb599cf94-k7jj8,53m,3Mi,
h1-app-bb599cf94-lhwcf,100m,15Mi,
idx,186,LOG_TIME,2024-01-13T22:44:30,2024-01-13T16:44:30
NAME,CPU(cores),MEMORY(bytes),
h1-app-bb599cf94-49f74,0m,2Mi,
h1-app-bb599cf94-8r9q6,0m,2Mi,
h1-app-bb599cf94-hcnrt,0m,2Mi,
h1-app-bb599cf94-k5v7f,39m,2Mi,
h1-app-bb599cf94-k7jj8,53m,3Mi,
h1-app-bb599cf94-lhwcf,100m,15Mi,
