idx,0,LOG_TIME,2023-07-16T02:15:35,2023-07-15T21:15:35
idx,1,LOG_TIME,2023-07-16T02:15:36,2023-07-15T21:15:36
idx,2,LOG_TIME,2023-07-16T02:15:37,2023-07-15T21:15:37
idx,3,LOG_TIME,2023-07-16T02:15:38,2023-07-15T21:15:38
idx,4,LOG_TIME,2023-07-16T02:15:39,2023-07-15T21:15:39
idx,5,LOG_TIME,2023-07-16T02:15:40,2023-07-15T21:15:40
NAME,CPU(cores),MEMORY(bytes),
h1-app-bb599cf94-gt22x,101m,15Mi,
idx,6,LOG_TIME,2023-07-16T02:15:41,2023-07-15T21:15:41
NAME,CPU(cores),MEMORY(bytes),
h1-app-bb599cf94-gt22x,101m,15Mi,
idx,7,LOG_TIME,2023-07-16T02:15:42,2023-07-15T21:15:42
NAME,CPU(cores),MEMORY(bytes),
h1-app-bb599cf94-gt22x,101m,15Mi,
idx,8,LOG_TIME,2023-07-16T02:15:43,2023-07-15T21:15:43
NAME,CPU(cores),MEMORY(bytes),
h1-app-bb599cf94-gt22x,101m,15Mi,
idx,9,LOG_TIME,2023-07-16T02:15:44,2023-07-15T21:15:44
NAME,CPU(cores),MEMORY(bytes),
h1-app-bb599cf94-gt22x,101m,15Mi,
idx,10,LOG_TIME,2023-07-16T02:15:45,2023-07-15T21:15:45
NAME,CPU(cores),MEMORY(bytes),
h1-app-bb599cf94-gt22x,101m,15Mi,
idx,11,LOG_TIME,2023-07-16T02:15:46,2023-07-15T21:15:46
NAME,CPU(cores),MEMORY(bytes),
h1-app-bb599cf94-gt22x,101m,15Mi,
idx,12,LOG_TIME,2023-07-16T02:15:47,2023-07-15T21:15:47
NAME,CPU(cores),MEMORY(bytes),
h1-app-bb599cf94-gt22x,101m,15Mi,
idx,13,LOG_TIME,2023-07-16T02:15:48,2023-07-15T21:15:48
NAME,CPU(cores),MEMORY(bytes),
h1-app-bb599cf94-gt22x,101m,15Mi,
idx,14,LOG_TIME,2023-07-16T02:15:49,2023-07-15T21:15:49
NAME,CPU(cores),MEMORY(bytes),
h1-app-bb599cf94-gt22x,101m,15Mi,
idx,15,LOG_TIME,2023-07-16T02:15:50,2023-07-15T21:15:50
NAME,CPU(cores),MEMORY(bytes),
h1-app-bb599cf94-gt22x,101m,15Mi,
idx,16,LOG_TIME,2023-07-16T02:15:51,2023-07-15T21:15:51
NAME,CPU(cores),MEMORY(bytes),
h1-app-bb599cf94-gt22x,101m,15Mi,
idx,17,LOG_TIME,2023-07-16T02:15:52,2023-07-15T21:15:52
NAME,CPU(cores),MEMORY(bytes),
h1-app-bb599cf94-gt22x,101m,15Mi,
idx,18,LOG_TIME,2023-07-16T02:15:53,2023-07-15T21:15:53
NAME,CPU(cores),MEMORY(bytes),
h1-app-bb599cf94-gt22x,101m,15Mi,
idx,19,LOG_TIME,2023-07-16T02:15:54,2023-07-15T21:15:54
NAME,CPU(cores),MEMORY(bytes),
h1-app-bb599cf94-gt22x,101m,15Mi,
idx,20,LOG_TIME,2023-07-16T02:15:55,2023-07-15T21:15:55
NAME,CPU(cores),MEMORY(bytes),
h1-app-bb599cf94-gt22x,101m,15Mi,
idx,21,LOG_TIME,2023-07-16T02:15:56,2023-07-15T21:15:56
NAME,CPU(cores),MEMORY(bytes),
h1-app-bb599cf94-gt22x,101m,15Mi,
idx,22,LOG_TIME,2023-07-16T02:15:57,2023-07-15T21:15:57
NAME,CPU(cores),MEMORY(bytes),
h1-app-bb599cf94-gt22x,101m,15Mi,
idx,23,LOG_TIME,2023-07-16T02:15:58,2023-07-15T21:15:58
NAME,CPU(cores),MEMORY(bytes),
h1-app-bb599cf94-gt22x,101m,15Mi,
idx,24,LOG_TIME,2023-07-16T02:15:59,2023-07-15T21:15:59
NAME,CPU(cores),MEMORY(bytes),
h1-app-bb599cf94-gt22x,101m,15Mi,
idx,25,LOG_TIME,2023-07-16T02:16:00,2023-07-15T21:16:00
NAME,CPU(cores),MEMORY(bytes),
h1-app-bb599cf94-gt22x,101m,15Mi,
idx,26,LOG_TIME,2023-07-16T02:16:01,2023-07-15T21:16:01
NAME,CPU(cores),MEMORY(bytes),
h1-app-bb599cf94-gt22x,101m,15Mi,
idx,27,LOG_TIME,2023-07-16T02:16:02,2023-07-15T21:16:02
NAME,CPU(cores),MEMORY(bytes),
h1-app-bb599cf94-gt22x,101m,15Mi,
idx,28,LOG_TIME,2023-07-16T02:16:03,2023-07-15T21:16:03
NAME,CPU(cores),MEMORY(bytes),
h1-app-bb599cf94-gt22x,101m,15Mi,
idx,29,LOG_TIME,2023-07-16T02:16:05,2023-07-15T21:16:05
NAME,CPU(cores),MEMORY(bytes),
h1-app-bb599cf94-gt22x,101m,15Mi,
idx,30,LOG_TIME,2023-07-16T02:16:06,2023-07-15T21:16:06
NAME,CPU(cores),MEMORY(bytes),
h1-app-bb599cf94-gt22x,101m,15Mi,
idx,31,LOG_TIME,2023-07-16T02:16:07,2023-07-15T21:16:07
NAME,CPU(cores),MEMORY(bytes),
h1-app-bb599cf94-gt22x,101m,15Mi,
idx,32,LOG_TIME,2023-07-16T02:16:08,2023-07-15T21:16:08
NAME,CPU(cores),MEMORY(bytes),
h1-app-bb599cf94-gt22x,101m,15Mi,
idx,33,LOG_TIME,2023-07-16T02:16:09,2023-07-15T21:16:09
NAME,CPU(cores),MEMORY(bytes),
h1-app-bb599cf94-gt22x,101m,15Mi,
idx,34,LOG_TIME,2023-07-16T02:16:10,2023-07-15T21:16:10
NAME,CPU(cores),MEMORY(bytes),
h1-app-bb599cf94-gt22x,101m,15Mi,
h1-app-bb599cf94-kb8vr,102m,16Mi,
idx,35,LOG_TIME,2023-07-16T02:16:11,2023-07-15T21:16:11
NAME,CPU(cores),MEMORY(bytes),
h1-app-bb599cf94-gt22x,101m,15Mi,
h1-app-bb599cf94-kb8vr,102m,16Mi,
idx,36,LOG_TIME,2023-07-16T02:16:12,2023-07-15T21:16:12
NAME,CPU(cores),MEMORY(bytes),
h1-app-bb599cf94-gt22x,101m,15Mi,
h1-app-bb599cf94-kb8vr,102m,16Mi,
idx,37,LOG_TIME,2023-07-16T02:16:13,2023-07-15T21:16:13
NAME,CPU(cores),MEMORY(bytes),
h1-app-bb599cf94-gt22x,101m,15Mi,
h1-app-bb599cf94-kb8vr,102m,16Mi,
idx,38,LOG_TIME,2023-07-16T02:16:14,2023-07-15T21:16:14
NAME,CPU(cores),MEMORY(bytes),
h1-app-bb599cf94-gt22x,101m,15Mi,
h1-app-bb599cf94-kb8vr,102m,16Mi,
idx,39,LOG_TIME,2023-07-16T02:16:15,2023-07-15T21:16:15
NAME,CPU(cores),MEMORY(bytes),
h1-app-bb599cf94-gt22x,101m,15Mi,
h1-app-bb599cf94-kb8vr,102m,16Mi,
idx,40,LOG_TIME,2023-07-16T02:16:16,2023-07-15T21:16:16
NAME,CPU(cores),MEMORY(bytes),
h1-app-bb599cf94-gt22x,101m,15Mi,
h1-app-bb599cf94-kb8vr,102m,16Mi,
idx,41,LOG_TIME,2023-07-16T02:16:17,2023-07-15T21:16:17
NAME,CPU(cores),MEMORY(bytes),
h1-app-bb599cf94-gt22x,101m,15Mi,
h1-app-bb599cf94-kb8vr,102m,16Mi,
idx,42,LOG_TIME,2023-07-16T02:16:18,2023-07-15T21:16:18
NAME,CPU(cores),MEMORY(bytes),
h1-app-bb599cf94-gt22x,101m,15Mi,
h1-app-bb599cf94-kb8vr,102m,16Mi,
idx,43,LOG_TIME,2023-07-16T02:16:19,2023-07-15T21:16:19
NAME,CPU(cores),MEMORY(bytes),
h1-app-bb599cf94-4rw6g,101m,16Mi,
h1-app-bb599cf94-gt22x,100m,15Mi,
h1-app-bb599cf94-kb8vr,102m,16Mi,
idx,44,LOG_TIME,2023-07-16T02:16:20,2023-07-15T21:16:20
NAME,CPU(cores),MEMORY(bytes),
h1-app-bb599cf94-4rw6g,101m,16Mi,
h1-app-bb599cf94-gt22x,100m,15Mi,
h1-app-bb599cf94-kb8vr,102m,16Mi,
idx,45,LOG_TIME,2023-07-16T02:16:21,2023-07-15T21:16:21
NAME,CPU(cores),MEMORY(bytes),
h1-app-bb599cf94-4rw6g,101m,16Mi,
h1-app-bb599cf94-gt22x,100m,15Mi,
h1-app-bb599cf94-kb8vr,102m,16Mi,
idx,46,LOG_TIME,2023-07-16T02:16:22,2023-07-15T21:16:22
NAME,CPU(cores),MEMORY(bytes),
h1-app-bb599cf94-4rw6g,101m,16Mi,
h1-app-bb599cf94-gt22x,100m,15Mi,
h1-app-bb599cf94-kb8vr,102m,16Mi,
idx,47,LOG_TIME,2023-07-16T02:16:23,2023-07-15T21:16:23
NAME,CPU(cores),MEMORY(bytes),
h1-app-bb599cf94-4rw6g,101m,16Mi,
h1-app-bb599cf94-gt22x,100m,15Mi,
h1-app-bb599cf94-kb8vr,102m,16Mi,
idx,48,LOG_TIME,2023-07-16T02:16:24,2023-07-15T21:16:24
NAME,CPU(cores),MEMORY(bytes),
h1-app-bb599cf94-4rw6g,101m,16Mi,
h1-app-bb599cf94-gt22x,100m,15Mi,
h1-app-bb599cf94-kb8vr,102m,16Mi,
idx,49,LOG_TIME,2023-07-16T02:16:25,2023-07-15T21:16:25
NAME,CPU(cores),MEMORY(bytes),
h1-app-bb599cf94-4rw6g,101m,16Mi,
h1-app-bb599cf94-gt22x,100m,15Mi,
h1-app-bb599cf94-kb8vr,102m,16Mi,
idx,50,LOG_TIME,2023-07-16T02:16:26,2023-07-15T21:16:26
NAME,CPU(cores),MEMORY(bytes),
h1-app-bb599cf94-4rw6g,101m,16Mi,
h1-app-bb599cf94-gt22x,100m,15Mi,
h1-app-bb599cf94-kb8vr,102m,16Mi,
idx,51,LOG_TIME,2023-07-16T02:16:27,2023-07-15T21:16:27
NAME,CPU(cores),MEMORY(bytes),
h1-app-bb599cf94-4rw6g,101m,16Mi,
h1-app-bb599cf94-gt22x,100m,15Mi,
h1-app-bb599cf94-kb8vr,102m,16Mi,
idx,52,LOG_TIME,2023-07-16T02:16:28,2023-07-15T21:16:28
NAME,CPU(cores),MEMORY(bytes),
h1-app-bb599cf94-4rw6g,101m,16Mi,
h1-app-bb599cf94-gt22x,100m,15Mi,
h1-app-bb599cf94-kb8vr,102m,16Mi,
idx,53,LOG_TIME,2023-07-16T02:16:29,2023-07-15T21:16:29
NAME,CPU(cores),MEMORY(bytes),
h1-app-bb599cf94-4rw6g,100m,16Mi,
h1-app-bb599cf94-gt22x,100m,15Mi,
h1-app-bb599cf94-kb8vr,101m,16Mi,
idx,54,LOG_TIME,2023-07-16T02:16:30,2023-07-15T21:16:30
NAME,CPU(cores),MEMORY(bytes),
h1-app-bb599cf94-4rw6g,100m,16Mi,
h1-app-bb599cf94-gt22x,100m,15Mi,
h1-app-bb599cf94-kb8vr,101m,16Mi,
idx,55,LOG_TIME,2023-07-16T02:16:31,2023-07-15T21:16:31
NAME,CPU(cores),MEMORY(bytes),
h1-app-bb599cf94-4rw6g,100m,16Mi,
h1-app-bb599cf94-gt22x,100m,15Mi,
h1-app-bb599cf94-kb8vr,101m,16Mi,
idx,56,LOG_TIME,2023-07-16T02:16:32,2023-07-15T21:16:32
NAME,CPU(cores),MEMORY(bytes),
h1-app-bb599cf94-4rw6g,100m,16Mi,
h1-app-bb599cf94-gt22x,100m,15Mi,
h1-app-bb599cf94-kb8vr,101m,16Mi,
idx,57,LOG_TIME,2023-07-16T02:16:33,2023-07-15T21:16:33
NAME,CPU(cores),MEMORY(bytes),
h1-app-bb599cf94-4rw6g,100m,16Mi,
h1-app-bb599cf94-gt22x,100m,15Mi,
h1-app-bb599cf94-kb8vr,101m,16Mi,
idx,58,LOG_TIME,2023-07-16T02:16:34,2023-07-15T21:16:34
NAME,CPU(cores),MEMORY(bytes),
h1-app-bb599cf94-4rw6g,100m,16Mi,
h1-app-bb599cf94-gt22x,100m,15Mi,
h1-app-bb599cf94-kb8vr,101m,16Mi,
idx,59,LOG_TIME,2023-07-16T02:16:35,2023-07-15T21:16:35
NAME,CPU(cores),MEMORY(bytes),
h1-app-bb599cf94-4rw6g,100m,16Mi,
h1-app-bb599cf94-gt22x,100m,15Mi,
h1-app-bb599cf94-kb8vr,101m,16Mi,
idx,60,LOG_TIME,2023-07-16T02:16:36,2023-07-15T21:16:36
NAME,CPU(cores),MEMORY(bytes),
h1-app-bb599cf94-4rw6g,100m,16Mi,
h1-app-bb599cf94-gt22x,100m,15Mi,
h1-app-bb599cf94-kb8vr,101m,16Mi,
idx,61,LOG_TIME,2023-07-16T02:16:37,2023-07-15T21:16:37
NAME,CPU(cores),MEMORY(bytes),
h1-app-bb599cf94-4rw6g,100m,16Mi,
h1-app-bb599cf94-gt22x,100m,15Mi,
h1-app-bb599cf94-kb8vr,101m,16Mi,
idx,62,LOG_TIME,2023-07-16T02:16:38,2023-07-15T21:16:38
NAME,CPU(cores),MEMORY(bytes),
h1-app-bb599cf94-4rw6g,100m,16Mi,
h1-app-bb599cf94-gt22x,100m,15Mi,
h1-app-bb599cf94-kb8vr,101m,16Mi,
idx,63,LOG_TIME,2023-07-16T02:16:39,2023-07-15T21:16:39
NAME,CPU(cores),MEMORY(bytes),
h1-app-bb599cf94-4rw6g,100m,16Mi,
h1-app-bb599cf94-gt22x,100m,15Mi,
h1-app-bb599cf94-kb8vr,101m,16Mi,
idx,64,LOG_TIME,2023-07-16T02:16:40,2023-07-15T21:16:40
NAME,CPU(cores),MEMORY(bytes),
h1-app-bb599cf94-4rw6g,100m,16Mi,
h1-app-bb599cf94-gt22x,100m,15Mi,
h1-app-bb599cf94-kb8vr,100m,16Mi,
idx,65,LOG_TIME,2023-07-16T02:16:41,2023-07-15T21:16:41
NAME,CPU(cores),MEMORY(bytes),
h1-app-bb599cf94-4rw6g,100m,16Mi,
h1-app-bb599cf94-gt22x,100m,15Mi,
h1-app-bb599cf94-kb8vr,100m,16Mi,
idx,66,LOG_TIME,2023-07-16T02:16:42,2023-07-15T21:16:42
NAME,CPU(cores),MEMORY(bytes),
h1-app-bb599cf94-4rw6g,100m,16Mi,
h1-app-bb599cf94-gt22x,100m,15Mi,
h1-app-bb599cf94-kb8vr,100m,16Mi,
idx,67,LOG_TIME,2023-07-16T02:16:43,2023-07-15T21:16:43
NAME,CPU(cores),MEMORY(bytes),
h1-app-bb599cf94-4rw6g,100m,16Mi,
h1-app-bb599cf94-gt22x,100m,15Mi,
h1-app-bb599cf94-kb8vr,100m,16Mi,
idx,68,LOG_TIME,2023-07-16T02:16:44,2023-07-15T21:16:44
NAME,CPU(cores),MEMORY(bytes),
h1-app-bb599cf94-4rw6g,100m,16Mi,
h1-app-bb599cf94-gt22x,100m,15Mi,
h1-app-bb599cf94-kb8vr,100m,16Mi,
idx,69,LOG_TIME,2023-07-16T02:16:45,2023-07-15T21:16:45
NAME,CPU(cores),MEMORY(bytes),
h1-app-bb599cf94-4rw6g,100m,16Mi,
h1-app-bb599cf94-gt22x,100m,15Mi,
h1-app-bb599cf94-kb8vr,100m,16Mi,
idx,70,LOG_TIME,2023-07-16T02:16:46,2023-07-15T21:16:46
NAME,CPU(cores),MEMORY(bytes),
h1-app-bb599cf94-4rw6g,100m,16Mi,
h1-app-bb599cf94-gt22x,100m,15Mi,
h1-app-bb599cf94-kb8vr,100m,16Mi,
idx,71,LOG_TIME,2023-07-16T02:16:47,2023-07-15T21:16:48
NAME,CPU(cores),MEMORY(bytes),
h1-app-bb599cf94-4rw6g,100m,16Mi,
h1-app-bb599cf94-gt22x,100m,15Mi,
h1-app-bb599cf94-kb8vr,100m,16Mi,
idx,72,LOG_TIME,2023-07-16T02:16:49,2023-07-15T21:16:49
NAME,CPU(cores),MEMORY(bytes),
h1-app-bb599cf94-4rw6g,100m,16Mi,
h1-app-bb599cf94-gt22x,100m,15Mi,
h1-app-bb599cf94-kb8vr,100m,16Mi,
idx,73,LOG_TIME,2023-07-16T02:16:50,2023-07-15T21:16:50
NAME,CPU(cores),MEMORY(bytes),
h1-app-bb599cf94-4rw6g,102m,16Mi,
h1-app-bb599cf94-gt22x,101m,15Mi,
h1-app-bb599cf94-kb8vr,101m,16Mi,
idx,74,LOG_TIME,2023-07-16T02:16:51,2023-07-15T21:16:51
NAME,CPU(cores),MEMORY(bytes),
h1-app-bb599cf94-4rw6g,102m,16Mi,
h1-app-bb599cf94-gt22x,101m,15Mi,
h1-app-bb599cf94-kb8vr,101m,16Mi,
idx,75,LOG_TIME,2023-07-16T02:16:52,2023-07-15T21:16:52
NAME,CPU(cores),MEMORY(bytes),
h1-app-bb599cf94-4rw6g,102m,16Mi,
h1-app-bb599cf94-gt22x,101m,15Mi,
h1-app-bb599cf94-kb8vr,101m,16Mi,
idx,76,LOG_TIME,2023-07-16T02:16:53,2023-07-15T21:16:53
NAME,CPU(cores),MEMORY(bytes),
h1-app-bb599cf94-4rw6g,102m,16Mi,
h1-app-bb599cf94-gt22x,101m,15Mi,
h1-app-bb599cf94-kb8vr,101m,16Mi,
idx,77,LOG_TIME,2023-07-16T02:16:54,2023-07-15T21:16:54
NAME,CPU(cores),MEMORY(bytes),
h1-app-bb599cf94-4rw6g,102m,16Mi,
h1-app-bb599cf94-gt22x,101m,15Mi,
h1-app-bb599cf94-kb8vr,101m,16Mi,
idx,78,LOG_TIME,2023-07-16T02:16:55,2023-07-15T21:16:55
NAME,CPU(cores),MEMORY(bytes),
h1-app-bb599cf94-4rw6g,102m,16Mi,
h1-app-bb599cf94-gt22x,101m,15Mi,
h1-app-bb599cf94-kb8vr,101m,16Mi,
idx,79,LOG_TIME,2023-07-16T02:16:56,2023-07-15T21:16:56
NAME,CPU(cores),MEMORY(bytes),
h1-app-bb599cf94-4rw6g,102m,16Mi,
h1-app-bb599cf94-gt22x,101m,15Mi,
h1-app-bb599cf94-kb8vr,101m,16Mi,
idx,80,LOG_TIME,2023-07-16T02:16:57,2023-07-15T21:16:57
NAME,CPU(cores),MEMORY(bytes),
h1-app-bb599cf94-4rw6g,102m,16Mi,
h1-app-bb599cf94-gt22x,101m,15Mi,
h1-app-bb599cf94-kb8vr,101m,16Mi,
idx,81,LOG_TIME,2023-07-16T02:16:58,2023-07-15T21:16:58
NAME,CPU(cores),MEMORY(bytes),
h1-app-bb599cf94-4rw6g,102m,16Mi,
h1-app-bb599cf94-gt22x,101m,15Mi,
h1-app-bb599cf94-kb8vr,101m,16Mi,
idx,82,LOG_TIME,2023-07-16T02:16:59,2023-07-15T21:16:59
NAME,CPU(cores),MEMORY(bytes),
h1-app-bb599cf94-4rw6g,100m,16Mi,
h1-app-bb599cf94-5qngm,101m,16Mi,
h1-app-bb599cf94-gt22x,100m,15Mi,
h1-app-bb599cf94-kb8vr,101m,16Mi,
idx,83,LOG_TIME,2023-07-16T02:17:00,2023-07-15T21:17:00
NAME,CPU(cores),MEMORY(bytes),
h1-app-bb599cf94-4rw6g,100m,16Mi,
h1-app-bb599cf94-5qngm,101m,16Mi,
h1-app-bb599cf94-gt22x,100m,15Mi,
h1-app-bb599cf94-kb8vr,101m,16Mi,
idx,84,LOG_TIME,2023-07-16T02:17:01,2023-07-15T21:17:01
NAME,CPU(cores),MEMORY(bytes),
h1-app-bb599cf94-4rw6g,100m,16Mi,
h1-app-bb599cf94-5qngm,101m,16Mi,
h1-app-bb599cf94-gt22x,100m,15Mi,
h1-app-bb599cf94-kb8vr,101m,16Mi,
idx,85,LOG_TIME,2023-07-16T02:17:02,2023-07-15T21:17:02
NAME,CPU(cores),MEMORY(bytes),
h1-app-bb599cf94-4rw6g,100m,16Mi,
h1-app-bb599cf94-5qngm,101m,16Mi,
h1-app-bb599cf94-gt22x,100m,15Mi,
h1-app-bb599cf94-kb8vr,101m,16Mi,
idx,86,LOG_TIME,2023-07-16T02:17:03,2023-07-15T21:17:03
NAME,CPU(cores),MEMORY(bytes),
h1-app-bb599cf94-4rw6g,100m,16Mi,
h1-app-bb599cf94-5qngm,101m,16Mi,
h1-app-bb599cf94-gt22x,100m,15Mi,
h1-app-bb599cf94-kb8vr,101m,16Mi,
idx,87,LOG_TIME,2023-07-16T02:17:04,2023-07-15T21:17:04
NAME,CPU(cores),MEMORY(bytes),
h1-app-bb599cf94-4rw6g,100m,16Mi,
h1-app-bb599cf94-5qngm,101m,16Mi,
h1-app-bb599cf94-gt22x,100m,15Mi,
h1-app-bb599cf94-kb8vr,101m,16Mi,
idx,88,LOG_TIME,2023-07-16T02:17:05,2023-07-15T21:17:05
NAME,CPU(cores),MEMORY(bytes),
h1-app-bb599cf94-4rw6g,100m,16Mi,
h1-app-bb599cf94-5qngm,101m,16Mi,
h1-app-bb599cf94-gt22x,100m,15Mi,
h1-app-bb599cf94-kb8vr,101m,16Mi,
idx,89,LOG_TIME,2023-07-16T02:17:06,2023-07-15T21:17:06
NAME,CPU(cores),MEMORY(bytes),
h1-app-bb599cf94-4rw6g,100m,16Mi,
h1-app-bb599cf94-5qngm,101m,16Mi,
h1-app-bb599cf94-gt22x,100m,15Mi,
h1-app-bb599cf94-kb8vr,101m,16Mi,
idx,90,LOG_TIME,2023-07-16T02:17:07,2023-07-15T21:17:07
NAME,CPU(cores),MEMORY(bytes),
h1-app-bb599cf94-4rw6g,100m,16Mi,
h1-app-bb599cf94-5qngm,101m,16Mi,
h1-app-bb599cf94-gt22x,100m,15Mi,
h1-app-bb599cf94-kb8vr,101m,16Mi,
idx,91,LOG_TIME,2023-07-16T02:17:08,2023-07-15T21:17:08
NAME,CPU(cores),MEMORY(bytes),
h1-app-bb599cf94-4rw6g,100m,16Mi,
h1-app-bb599cf94-5qngm,101m,16Mi,
h1-app-bb599cf94-gt22x,100m,15Mi,
h1-app-bb599cf94-kb8vr,101m,16Mi,
idx,92,LOG_TIME,2023-07-16T02:17:09,2023-07-15T21:17:09
NAME,CPU(cores),MEMORY(bytes),
h1-app-bb599cf94-4rw6g,100m,16Mi,
h1-app-bb599cf94-5qngm,100m,16Mi,
h1-app-bb599cf94-c8cd8,101m,16Mi,
h1-app-bb599cf94-gt22x,100m,15Mi,
h1-app-bb599cf94-kb8vr,100m,16Mi,
idx,93,LOG_TIME,2023-07-16T02:17:10,2023-07-15T21:17:10
NAME,CPU(cores),MEMORY(bytes),
h1-app-bb599cf94-4rw6g,100m,16Mi,
h1-app-bb599cf94-5qngm,100m,16Mi,
h1-app-bb599cf94-c8cd8,101m,16Mi,
h1-app-bb599cf94-gt22x,100m,15Mi,
h1-app-bb599cf94-kb8vr,100m,16Mi,
idx,94,LOG_TIME,2023-07-16T02:17:11,2023-07-15T21:17:11
NAME,CPU(cores),MEMORY(bytes),
h1-app-bb599cf94-4rw6g,100m,16Mi,
h1-app-bb599cf94-5qngm,100m,16Mi,
h1-app-bb599cf94-c8cd8,101m,16Mi,
h1-app-bb599cf94-gt22x,100m,15Mi,
h1-app-bb599cf94-kb8vr,100m,16Mi,
idx,95,LOG_TIME,2023-07-16T02:17:12,2023-07-15T21:17:12
NAME,CPU(cores),MEMORY(bytes),
h1-app-bb599cf94-4rw6g,100m,16Mi,
h1-app-bb599cf94-5qngm,100m,16Mi,
h1-app-bb599cf94-c8cd8,101m,16Mi,
h1-app-bb599cf94-gt22x,100m,15Mi,
h1-app-bb599cf94-kb8vr,100m,16Mi,
idx,96,LOG_TIME,2023-07-16T02:17:13,2023-07-15T21:17:13
NAME,CPU(cores),MEMORY(bytes),
h1-app-bb599cf94-4rw6g,100m,16Mi,
h1-app-bb599cf94-5qngm,100m,16Mi,
h1-app-bb599cf94-c8cd8,101m,16Mi,
h1-app-bb599cf94-gt22x,100m,15Mi,
h1-app-bb599cf94-kb8vr,100m,16Mi,
idx,97,LOG_TIME,2023-07-16T02:17:14,2023-07-15T21:17:14
NAME,CPU(cores),MEMORY(bytes),
h1-app-bb599cf94-4rw6g,100m,16Mi,
h1-app-bb599cf94-5qngm,100m,16Mi,
h1-app-bb599cf94-c8cd8,101m,16Mi,
h1-app-bb599cf94-gt22x,100m,15Mi,
h1-app-bb599cf94-kb8vr,100m,16Mi,
idx,98,LOG_TIME,2023-07-16T02:17:15,2023-07-15T21:17:15
NAME,CPU(cores),MEMORY(bytes),
h1-app-bb599cf94-4rw6g,100m,16Mi,
h1-app-bb599cf94-5qngm,100m,16Mi,
h1-app-bb599cf94-c8cd8,101m,16Mi,
h1-app-bb599cf94-gt22x,100m,15Mi,
h1-app-bb599cf94-kb8vr,100m,16Mi,
idx,99,LOG_TIME,2023-07-16T02:17:16,2023-07-15T21:17:16
NAME,CPU(cores),MEMORY(bytes),
h1-app-bb599cf94-4rw6g,100m,16Mi,
h1-app-bb599cf94-5qngm,100m,16Mi,
h1-app-bb599cf94-c8cd8,101m,16Mi,
h1-app-bb599cf94-gt22x,100m,15Mi,
h1-app-bb599cf94-kb8vr,100m,16Mi,
idx,100,LOG_TIME,2023-07-16T02:17:17,2023-07-15T21:17:17
NAME,CPU(cores),MEMORY(bytes),
h1-app-bb599cf94-4rw6g,100m,16Mi,
h1-app-bb599cf94-5qngm,100m,16Mi,
h1-app-bb599cf94-c8cd8,101m,16Mi,
h1-app-bb599cf94-gt22x,100m,15Mi,
h1-app-bb599cf94-kb8vr,100m,16Mi,
idx,101,LOG_TIME,2023-07-16T02:17:18,2023-07-15T21:17:18
NAME,CPU(cores),MEMORY(bytes),
h1-app-bb599cf94-4rw6g,100m,16Mi,
h1-app-bb599cf94-5qngm,100m,16Mi,
h1-app-bb599cf94-c8cd8,101m,16Mi,
h1-app-bb599cf94-gt22x,100m,15Mi,
h1-app-bb599cf94-kb8vr,100m,16Mi,
idx,102,LOG_TIME,2023-07-16T02:17:19,2023-07-15T21:17:19
NAME,CPU(cores),MEMORY(bytes),
h1-app-bb599cf94-4rw6g,100m,16Mi,
h1-app-bb599cf94-5qngm,100m,16Mi,
h1-app-bb599cf94-c8cd8,100m,16Mi,
h1-app-bb599cf94-gt22x,101m,15Mi,
h1-app-bb599cf94-kb8vr,101m,16Mi,
idx,103,LOG_TIME,2023-07-16T02:17:20,2023-07-15T21:17:20
NAME,CPU(cores),MEMORY(bytes),
h1-app-bb599cf94-4rw6g,100m,16Mi,
h1-app-bb599cf94-5qngm,100m,16Mi,
h1-app-bb599cf94-c8cd8,100m,16Mi,
h1-app-bb599cf94-gt22x,101m,15Mi,
h1-app-bb599cf94-kb8vr,101m,16Mi,
idx,104,LOG_TIME,2023-07-16T02:17:21,2023-07-15T21:17:21
NAME,CPU(cores),MEMORY(bytes),
h1-app-bb599cf94-4rw6g,100m,16Mi,
h1-app-bb599cf94-5qngm,100m,16Mi,
h1-app-bb599cf94-c8cd8,100m,16Mi,
h1-app-bb599cf94-gt22x,101m,15Mi,
h1-app-bb599cf94-kb8vr,101m,16Mi,
idx,105,LOG_TIME,2023-07-16T02:17:22,2023-07-15T21:17:22
NAME,CPU(cores),MEMORY(bytes),
h1-app-bb599cf94-4rw6g,100m,16Mi,
h1-app-bb599cf94-5qngm,100m,16Mi,
h1-app-bb599cf94-c8cd8,100m,16Mi,
h1-app-bb599cf94-gt22x,101m,15Mi,
h1-app-bb599cf94-kb8vr,101m,16Mi,
idx,106,LOG_TIME,2023-07-16T02:17:23,2023-07-15T21:17:23
NAME,CPU(cores),MEMORY(bytes),
h1-app-bb599cf94-4rw6g,100m,16Mi,
h1-app-bb599cf94-5qngm,100m,16Mi,
h1-app-bb599cf94-c8cd8,100m,16Mi,
h1-app-bb599cf94-gt22x,101m,15Mi,
h1-app-bb599cf94-kb8vr,101m,16Mi,
idx,107,LOG_TIME,2023-07-16T02:17:24,2023-07-15T21:17:24
NAME,CPU(cores),MEMORY(bytes),
h1-app-bb599cf94-4rw6g,100m,16Mi,
h1-app-bb599cf94-5qngm,100m,16Mi,
h1-app-bb599cf94-c8cd8,100m,16Mi,
h1-app-bb599cf94-gt22x,101m,15Mi,
h1-app-bb599cf94-kb8vr,101m,16Mi,
idx,108,LOG_TIME,2023-07-16T02:17:25,2023-07-15T21:17:26
NAME,CPU(cores),MEMORY(bytes),
h1-app-bb599cf94-4rw6g,100m,16Mi,
h1-app-bb599cf94-5qngm,100m,16Mi,
h1-app-bb599cf94-c8cd8,100m,16Mi,
h1-app-bb599cf94-gt22x,101m,15Mi,
h1-app-bb599cf94-kb8vr,101m,16Mi,
idx,109,LOG_TIME,2023-07-16T02:17:27,2023-07-15T21:17:27
NAME,CPU(cores),MEMORY(bytes),
h1-app-bb599cf94-4rw6g,100m,16Mi,
h1-app-bb599cf94-5qngm,100m,16Mi,
h1-app-bb599cf94-c8cd8,100m,16Mi,
h1-app-bb599cf94-gt22x,101m,15Mi,
h1-app-bb599cf94-kb8vr,101m,16Mi,
idx,110,LOG_TIME,2023-07-16T02:17:28,2023-07-15T21:17:28
NAME,CPU(cores),MEMORY(bytes),
h1-app-bb599cf94-4rw6g,100m,16Mi,
h1-app-bb599cf94-5qngm,100m,16Mi,
h1-app-bb599cf94-c8cd8,100m,16Mi,
h1-app-bb599cf94-gt22x,101m,15Mi,
h1-app-bb599cf94-kb8vr,101m,16Mi,
idx,111,LOG_TIME,2023-07-16T02:17:29,2023-07-15T21:17:29
NAME,CPU(cores),MEMORY(bytes),
h1-app-bb599cf94-4rw6g,100m,16Mi,
h1-app-bb599cf94-5qngm,100m,16Mi,
h1-app-bb599cf94-c8cd8,100m,16Mi,
h1-app-bb599cf94-gt22x,101m,15Mi,
h1-app-bb599cf94-kb8vr,101m,16Mi,
idx,112,LOG_TIME,2023-07-16T02:17:30,2023-07-15T21:17:30
NAME,CPU(cores),MEMORY(bytes),
h1-app-bb599cf94-4rw6g,101m,16Mi,
h1-app-bb599cf94-5qngm,100m,16Mi,
h1-app-bb599cf94-c8cd8,101m,16Mi,
h1-app-bb599cf94-gt22x,101m,15Mi,
h1-app-bb599cf94-kb8vr,100m,16Mi,
idx,113,LOG_TIME,2023-07-16T02:17:31,2023-07-15T21:17:31
NAME,CPU(cores),MEMORY(bytes),
h1-app-bb599cf94-4rw6g,101m,16Mi,
h1-app-bb599cf94-5qngm,100m,16Mi,
h1-app-bb599cf94-c8cd8,101m,16Mi,
h1-app-bb599cf94-gt22x,101m,15Mi,
h1-app-bb599cf94-kb8vr,100m,16Mi,
idx,114,LOG_TIME,2023-07-16T02:17:32,2023-07-15T21:17:32
NAME,CPU(cores),MEMORY(bytes),
h1-app-bb599cf94-4rw6g,101m,16Mi,
h1-app-bb599cf94-5qngm,100m,16Mi,
h1-app-bb599cf94-c8cd8,101m,16Mi,
h1-app-bb599cf94-gt22x,101m,15Mi,
h1-app-bb599cf94-kb8vr,100m,16Mi,
idx,115,LOG_TIME,2023-07-16T02:17:33,2023-07-15T21:17:33
NAME,CPU(cores),MEMORY(bytes),
h1-app-bb599cf94-4rw6g,101m,16Mi,
h1-app-bb599cf94-5qngm,100m,16Mi,
h1-app-bb599cf94-c8cd8,101m,16Mi,
h1-app-bb599cf94-gt22x,101m,15Mi,
h1-app-bb599cf94-kb8vr,100m,16Mi,
idx,116,LOG_TIME,2023-07-16T02:17:34,2023-07-15T21:17:34
NAME,CPU(cores),MEMORY(bytes),
h1-app-bb599cf94-4rw6g,101m,16Mi,
h1-app-bb599cf94-5qngm,100m,16Mi,
h1-app-bb599cf94-c8cd8,101m,16Mi,
h1-app-bb599cf94-gt22x,101m,15Mi,
h1-app-bb599cf94-kb8vr,100m,16Mi,
idx,117,LOG_TIME,2023-07-16T02:17:35,2023-07-15T21:17:35
NAME,CPU(cores),MEMORY(bytes),
h1-app-bb599cf94-4rw6g,101m,16Mi,
h1-app-bb599cf94-5qngm,100m,16Mi,
h1-app-bb599cf94-c8cd8,101m,16Mi,
h1-app-bb599cf94-gt22x,101m,15Mi,
h1-app-bb599cf94-kb8vr,100m,16Mi,
idx,118,LOG_TIME,2023-07-16T02:17:36,2023-07-15T21:17:36
NAME,CPU(cores),MEMORY(bytes),
h1-app-bb599cf94-4rw6g,101m,16Mi,
h1-app-bb599cf94-5qngm,100m,16Mi,
h1-app-bb599cf94-c8cd8,101m,16Mi,
h1-app-bb599cf94-gt22x,101m,15Mi,
h1-app-bb599cf94-kb8vr,100m,16Mi,
idx,119,LOG_TIME,2023-07-16T02:17:37,2023-07-15T21:17:37
NAME,CPU(cores),MEMORY(bytes),
h1-app-bb599cf94-4rw6g,101m,16Mi,
h1-app-bb599cf94-5qngm,100m,16Mi,
h1-app-bb599cf94-c8cd8,101m,16Mi,
h1-app-bb599cf94-gt22x,101m,15Mi,
h1-app-bb599cf94-kb8vr,100m,16Mi,
idx,120,LOG_TIME,2023-07-16T02:17:38,2023-07-15T21:17:38
NAME,CPU(cores),MEMORY(bytes),
h1-app-bb599cf94-4rw6g,101m,16Mi,
h1-app-bb599cf94-5qngm,100m,16Mi,
h1-app-bb599cf94-c8cd8,101m,16Mi,
h1-app-bb599cf94-gt22x,101m,15Mi,
h1-app-bb599cf94-kb8vr,100m,16Mi,
idx,121,LOG_TIME,2023-07-16T02:17:39,2023-07-15T21:17:39
NAME,CPU(cores),MEMORY(bytes),
h1-app-bb599cf94-4rw6g,101m,16Mi,
h1-app-bb599cf94-5qngm,101m,16Mi,
h1-app-bb599cf94-c8cd8,101m,16Mi,
h1-app-bb599cf94-gt22x,54m,2Mi,
h1-app-bb599cf94-kb8vr,100m,16Mi,
idx,122,LOG_TIME,2023-07-16T02:17:40,2023-07-15T21:17:40
NAME,CPU(cores),MEMORY(bytes),
h1-app-bb599cf94-4rw6g,101m,16Mi,
h1-app-bb599cf94-5qngm,101m,16Mi,
h1-app-bb599cf94-c8cd8,101m,16Mi,
h1-app-bb599cf94-gt22x,54m,2Mi,
h1-app-bb599cf94-kb8vr,100m,16Mi,
idx,123,LOG_TIME,2023-07-16T02:17:41,2023-07-15T21:17:41
NAME,CPU(cores),MEMORY(bytes),
h1-app-bb599cf94-4rw6g,101m,16Mi,
h1-app-bb599cf94-5qngm,101m,16Mi,
h1-app-bb599cf94-c8cd8,101m,16Mi,
h1-app-bb599cf94-gt22x,54m,2Mi,
h1-app-bb599cf94-kb8vr,100m,16Mi,
idx,124,LOG_TIME,2023-07-16T02:17:42,2023-07-15T21:17:42
NAME,CPU(cores),MEMORY(bytes),
h1-app-bb599cf94-4rw6g,101m,16Mi,
h1-app-bb599cf94-5qngm,101m,16Mi,
h1-app-bb599cf94-c8cd8,101m,16Mi,
h1-app-bb599cf94-gt22x,54m,2Mi,
h1-app-bb599cf94-kb8vr,100m,16Mi,
idx,125,LOG_TIME,2023-07-16T02:17:43,2023-07-15T21:17:43
NAME,CPU(cores),MEMORY(bytes),
h1-app-bb599cf94-4rw6g,101m,16Mi,
h1-app-bb599cf94-5qngm,101m,16Mi,
h1-app-bb599cf94-c8cd8,101m,16Mi,
h1-app-bb599cf94-gt22x,54m,2Mi,
h1-app-bb599cf94-kb8vr,100m,16Mi,
idx,126,LOG_TIME,2023-07-16T02:17:44,2023-07-15T21:17:44
NAME,CPU(cores),MEMORY(bytes),
h1-app-bb599cf94-4rw6g,101m,16Mi,
h1-app-bb599cf94-5qngm,101m,16Mi,
h1-app-bb599cf94-c8cd8,101m,16Mi,
h1-app-bb599cf94-gt22x,54m,2Mi,
h1-app-bb599cf94-kb8vr,100m,16Mi,
idx,127,LOG_TIME,2023-07-16T02:17:45,2023-07-15T21:17:45
NAME,CPU(cores),MEMORY(bytes),
h1-app-bb599cf94-4rw6g,101m,16Mi,
h1-app-bb599cf94-5qngm,101m,16Mi,
h1-app-bb599cf94-c8cd8,101m,16Mi,
h1-app-bb599cf94-gt22x,54m,2Mi,
h1-app-bb599cf94-kb8vr,100m,16Mi,
idx,128,LOG_TIME,2023-07-16T02:17:46,2023-07-15T21:17:46
NAME,CPU(cores),MEMORY(bytes),
h1-app-bb599cf94-4rw6g,101m,16Mi,
h1-app-bb599cf94-5qngm,101m,16Mi,
h1-app-bb599cf94-c8cd8,101m,16Mi,
h1-app-bb599cf94-gt22x,54m,2Mi,
h1-app-bb599cf94-kb8vr,100m,16Mi,
idx,129,LOG_TIME,2023-07-16T02:17:47,2023-07-15T21:17:47
NAME,CPU(cores),MEMORY(bytes),
h1-app-bb599cf94-4rw6g,101m,16Mi,
h1-app-bb599cf94-5qngm,101m,16Mi,
h1-app-bb599cf94-c8cd8,101m,16Mi,
h1-app-bb599cf94-gt22x,54m,2Mi,
h1-app-bb599cf94-kb8vr,100m,16Mi,
idx,130,LOG_TIME,2023-07-16T02:17:48,2023-07-15T21:17:48
NAME,CPU(cores),MEMORY(bytes),
h1-app-bb599cf94-4rw6g,101m,16Mi,
h1-app-bb599cf94-5qngm,101m,16Mi,
h1-app-bb599cf94-c8cd8,101m,16Mi,
h1-app-bb599cf94-gt22x,54m,2Mi,
h1-app-bb599cf94-kb8vr,100m,16Mi,
idx,131,LOG_TIME,2023-07-16T02:17:49,2023-07-15T21:17:49
NAME,CPU(cores),MEMORY(bytes),
h1-app-bb599cf94-4rw6g,101m,16Mi,
h1-app-bb599cf94-5qngm,101m,16Mi,
h1-app-bb599cf94-c8cd8,100m,16Mi,
h1-app-bb599cf94-gt22x,0m,2Mi,
h1-app-bb599cf94-kb8vr,101m,16Mi,
idx,132,LOG_TIME,2023-07-16T02:17:50,2023-07-15T21:17:50
NAME,CPU(cores),MEMORY(bytes),
h1-app-bb599cf94-4rw6g,101m,16Mi,
h1-app-bb599cf94-5qngm,101m,16Mi,
h1-app-bb599cf94-c8cd8,100m,16Mi,
h1-app-bb599cf94-gt22x,0m,2Mi,
h1-app-bb599cf94-kb8vr,101m,16Mi,
idx,133,LOG_TIME,2023-07-16T02:17:51,2023-07-15T21:17:51
NAME,CPU(cores),MEMORY(bytes),
h1-app-bb599cf94-4rw6g,101m,16Mi,
h1-app-bb599cf94-5qngm,101m,16Mi,
h1-app-bb599cf94-c8cd8,100m,16Mi,
h1-app-bb599cf94-gt22x,0m,2Mi,
h1-app-bb599cf94-kb8vr,101m,16Mi,
idx,134,LOG_TIME,2023-07-16T02:17:52,2023-07-15T21:17:52
NAME,CPU(cores),MEMORY(bytes),
h1-app-bb599cf94-4rw6g,101m,16Mi,
h1-app-bb599cf94-5qngm,101m,16Mi,
h1-app-bb599cf94-c8cd8,100m,16Mi,
h1-app-bb599cf94-gt22x,0m,2Mi,
h1-app-bb599cf94-kb8vr,101m,16Mi,
idx,135,LOG_TIME,2023-07-16T02:17:53,2023-07-15T21:17:53
NAME,CPU(cores),MEMORY(bytes),
h1-app-bb599cf94-4rw6g,101m,16Mi,
h1-app-bb599cf94-5qngm,101m,16Mi,
h1-app-bb599cf94-c8cd8,100m,16Mi,
h1-app-bb599cf94-gt22x,0m,2Mi,
h1-app-bb599cf94-kb8vr,101m,16Mi,
idx,136,LOG_TIME,2023-07-16T02:17:54,2023-07-15T21:17:54
NAME,CPU(cores),MEMORY(bytes),
h1-app-bb599cf94-4rw6g,101m,16Mi,
h1-app-bb599cf94-5qngm,101m,16Mi,
h1-app-bb599cf94-c8cd8,100m,16Mi,
h1-app-bb599cf94-gt22x,0m,2Mi,
h1-app-bb599cf94-kb8vr,101m,16Mi,
idx,137,LOG_TIME,2023-07-16T02:17:55,2023-07-15T21:17:55
NAME,CPU(cores),MEMORY(bytes),
h1-app-bb599cf94-4rw6g,101m,16Mi,
h1-app-bb599cf94-5qngm,101m,16Mi,
h1-app-bb599cf94-c8cd8,100m,16Mi,
h1-app-bb599cf94-gt22x,0m,2Mi,
h1-app-bb599cf94-kb8vr,101m,16Mi,
idx,138,LOG_TIME,2023-07-16T02:17:56,2023-07-15T21:17:56
NAME,CPU(cores),MEMORY(bytes),
h1-app-bb599cf94-4rw6g,101m,16Mi,
h1-app-bb599cf94-5qngm,101m,16Mi,
h1-app-bb599cf94-c8cd8,100m,16Mi,
h1-app-bb599cf94-gt22x,0m,2Mi,
h1-app-bb599cf94-kb8vr,101m,16Mi,
idx,139,LOG_TIME,2023-07-16T02:17:57,2023-07-15T21:17:57
NAME,CPU(cores),MEMORY(bytes),
h1-app-bb599cf94-4rw6g,101m,16Mi,
h1-app-bb599cf94-5qngm,101m,16Mi,
h1-app-bb599cf94-c8cd8,100m,16Mi,
h1-app-bb599cf94-gt22x,0m,2Mi,
h1-app-bb599cf94-kb8vr,101m,16Mi,
idx,140,LOG_TIME,2023-07-16T02:17:58,2023-07-15T21:17:59
NAME,CPU(cores),MEMORY(bytes),
h1-app-bb599cf94-4rw6g,101m,16Mi,
h1-app-bb599cf94-5qngm,101m,16Mi,
h1-app-bb599cf94-c8cd8,100m,16Mi,
h1-app-bb599cf94-gt22x,0m,2Mi,
h1-app-bb599cf94-kb8vr,101m,16Mi,
idx,141,LOG_TIME,2023-07-16T02:18:00,2023-07-15T21:18:00
NAME,CPU(cores),MEMORY(bytes),
h1-app-bb599cf94-4rw6g,100m,16Mi,
h1-app-bb599cf94-5qngm,101m,16Mi,
h1-app-bb599cf94-c8cd8,100m,16Mi,
h1-app-bb599cf94-gt22x,0m,2Mi,
h1-app-bb599cf94-kb8vr,101m,16Mi,
idx,142,LOG_TIME,2023-07-16T02:18:01,2023-07-15T21:18:01
NAME,CPU(cores),MEMORY(bytes),
h1-app-bb599cf94-4rw6g,100m,16Mi,
h1-app-bb599cf94-5qngm,101m,16Mi,
h1-app-bb599cf94-c8cd8,100m,16Mi,
h1-app-bb599cf94-gt22x,0m,2Mi,
h1-app-bb599cf94-kb8vr,101m,16Mi,
idx,143,LOG_TIME,2023-07-16T02:18:02,2023-07-15T21:18:02
NAME,CPU(cores),MEMORY(bytes),
h1-app-bb599cf94-4rw6g,100m,16Mi,
h1-app-bb599cf94-5qngm,101m,16Mi,
h1-app-bb599cf94-c8cd8,100m,16Mi,
h1-app-bb599cf94-gt22x,0m,2Mi,
h1-app-bb599cf94-kb8vr,101m,16Mi,
idx,144,LOG_TIME,2023-07-16T02:18:03,2023-07-15T21:18:03
NAME,CPU(cores),MEMORY(bytes),
h1-app-bb599cf94-4rw6g,100m,16Mi,
h1-app-bb599cf94-5qngm,101m,16Mi,
h1-app-bb599cf94-c8cd8,100m,16Mi,
h1-app-bb599cf94-gt22x,0m,2Mi,
h1-app-bb599cf94-kb8vr,101m,16Mi,
idx,145,LOG_TIME,2023-07-16T02:18:04,2023-07-15T21:18:04
NAME,CPU(cores),MEMORY(bytes),
h1-app-bb599cf94-4rw6g,100m,16Mi,
h1-app-bb599cf94-5qngm,101m,16Mi,
h1-app-bb599cf94-c8cd8,100m,16Mi,
h1-app-bb599cf94-gt22x,0m,2Mi,
h1-app-bb599cf94-kb8vr,101m,16Mi,
idx,146,LOG_TIME,2023-07-16T02:18:05,2023-07-15T21:18:05
NAME,CPU(cores),MEMORY(bytes),
h1-app-bb599cf94-4rw6g,100m,16Mi,
h1-app-bb599cf94-5qngm,101m,16Mi,
h1-app-bb599cf94-c8cd8,100m,16Mi,
h1-app-bb599cf94-gt22x,0m,2Mi,
h1-app-bb599cf94-kb8vr,101m,16Mi,
idx,147,LOG_TIME,2023-07-16T02:18:06,2023-07-15T21:18:06
NAME,CPU(cores),MEMORY(bytes),
h1-app-bb599cf94-4rw6g,100m,16Mi,
h1-app-bb599cf94-5qngm,101m,16Mi,
h1-app-bb599cf94-c8cd8,100m,16Mi,
h1-app-bb599cf94-gt22x,0m,2Mi,
h1-app-bb599cf94-kb8vr,101m,16Mi,
idx,148,LOG_TIME,2023-07-16T02:18:07,2023-07-15T21:18:07
NAME,CPU(cores),MEMORY(bytes),
h1-app-bb599cf94-4rw6g,100m,16Mi,
h1-app-bb599cf94-5qngm,101m,16Mi,
h1-app-bb599cf94-c8cd8,100m,16Mi,
h1-app-bb599cf94-gt22x,0m,2Mi,
h1-app-bb599cf94-kb8vr,101m,16Mi,
idx,149,LOG_TIME,2023-07-16T02:18:08,2023-07-15T21:18:08
NAME,CPU(cores),MEMORY(bytes),
h1-app-bb599cf94-4rw6g,100m,16Mi,
h1-app-bb599cf94-5qngm,101m,16Mi,
h1-app-bb599cf94-c8cd8,100m,16Mi,
h1-app-bb599cf94-gt22x,0m,2Mi,
h1-app-bb599cf94-kb8vr,101m,16Mi,
idx,150,LOG_TIME,2023-07-16T02:18:09,2023-07-15T21:18:09
NAME,CPU(cores),MEMORY(bytes),
h1-app-bb599cf94-4rw6g,100m,16Mi,
h1-app-bb599cf94-5qngm,101m,16Mi,
h1-app-bb599cf94-c8cd8,100m,16Mi,
h1-app-bb599cf94-gt22x,0m,2Mi,
h1-app-bb599cf94-kb8vr,101m,16Mi,
idx,151,LOG_TIME,2023-07-16T02:18:10,2023-07-15T21:18:10
NAME,CPU(cores),MEMORY(bytes),
h1-app-bb599cf94-4rw6g,100m,16Mi,
h1-app-bb599cf94-5qngm,101m,16Mi,
h1-app-bb599cf94-c8cd8,101m,16Mi,
h1-app-bb599cf94-gt22x,0m,2Mi,
h1-app-bb599cf94-kb8vr,39m,2Mi,
idx,152,LOG_TIME,2023-07-16T02:18:11,2023-07-15T21:18:11
NAME,CPU(cores),MEMORY(bytes),
h1-app-bb599cf94-4rw6g,100m,16Mi,
h1-app-bb599cf94-5qngm,101m,16Mi,
h1-app-bb599cf94-c8cd8,101m,16Mi,
h1-app-bb599cf94-gt22x,0m,2Mi,
h1-app-bb599cf94-kb8vr,39m,2Mi,
idx,153,LOG_TIME,2023-07-16T02:18:12,2023-07-15T21:18:12
NAME,CPU(cores),MEMORY(bytes),
h1-app-bb599cf94-4rw6g,100m,16Mi,
h1-app-bb599cf94-5qngm,101m,16Mi,
h1-app-bb599cf94-c8cd8,101m,16Mi,
h1-app-bb599cf94-gt22x,0m,2Mi,
h1-app-bb599cf94-kb8vr,39m,2Mi,
idx,154,LOG_TIME,2023-07-16T02:18:13,2023-07-15T21:18:13
NAME,CPU(cores),MEMORY(bytes),
h1-app-bb599cf94-4rw6g,100m,16Mi,
h1-app-bb599cf94-5qngm,101m,16Mi,
h1-app-bb599cf94-c8cd8,101m,16Mi,
h1-app-bb599cf94-gt22x,0m,2Mi,
h1-app-bb599cf94-kb8vr,39m,2Mi,
idx,155,LOG_TIME,2023-07-16T02:18:14,2023-07-15T21:18:14
NAME,CPU(cores),MEMORY(bytes),
h1-app-bb599cf94-4rw6g,100m,16Mi,
h1-app-bb599cf94-5qngm,101m,16Mi,
h1-app-bb599cf94-c8cd8,101m,16Mi,
h1-app-bb599cf94-gt22x,0m,2Mi,
h1-app-bb599cf94-kb8vr,39m,2Mi,
idx,156,LOG_TIME,2023-07-16T02:18:15,2023-07-15T21:18:15
NAME,CPU(cores),MEMORY(bytes),
h1-app-bb599cf94-4rw6g,100m,16Mi,
h1-app-bb599cf94-5qngm,101m,16Mi,
h1-app-bb599cf94-c8cd8,101m,16Mi,
h1-app-bb599cf94-gt22x,0m,2Mi,
h1-app-bb599cf94-kb8vr,39m,2Mi,
idx,157,LOG_TIME,2023-07-16T02:18:16,2023-07-15T21:18:16
NAME,CPU(cores),MEMORY(bytes),
h1-app-bb599cf94-4rw6g,100m,16Mi,
h1-app-bb599cf94-5qngm,101m,16Mi,
h1-app-bb599cf94-c8cd8,101m,16Mi,
h1-app-bb599cf94-gt22x,0m,2Mi,
h1-app-bb599cf94-kb8vr,39m,2Mi,
idx,158,LOG_TIME,2023-07-16T02:18:17,2023-07-15T21:18:17
NAME,CPU(cores),MEMORY(bytes),
h1-app-bb599cf94-4rw6g,100m,16Mi,
h1-app-bb599cf94-5qngm,101m,16Mi,
h1-app-bb599cf94-c8cd8,101m,16Mi,
h1-app-bb599cf94-gt22x,0m,2Mi,
h1-app-bb599cf94-kb8vr,39m,2Mi,
idx,159,LOG_TIME,2023-07-16T02:18:18,2023-07-15T21:18:18
NAME,CPU(cores),MEMORY(bytes),
h1-app-bb599cf94-4rw6g,100m,16Mi,
h1-app-bb599cf94-5qngm,101m,16Mi,
h1-app-bb599cf94-c8cd8,101m,16Mi,
h1-app-bb599cf94-gt22x,0m,2Mi,
h1-app-bb599cf94-kb8vr,39m,2Mi,
idx,160,LOG_TIME,2023-07-16T02:18:19,2023-07-15T21:18:19
NAME,CPU(cores),MEMORY(bytes),
h1-app-bb599cf94-4rw6g,23m,2Mi,
h1-app-bb599cf94-5qngm,100m,16Mi,
h1-app-bb599cf94-c8cd8,101m,16Mi,
h1-app-bb599cf94-gt22x,0m,2Mi,
h1-app-bb599cf94-kb8vr,0m,2Mi,
idx,161,LOG_TIME,2023-07-16T02:18:20,2023-07-15T21:18:20
NAME,CPU(cores),MEMORY(bytes),
h1-app-bb599cf94-4rw6g,23m,2Mi,
h1-app-bb599cf94-5qngm,100m,16Mi,
h1-app-bb599cf94-c8cd8,101m,16Mi,
h1-app-bb599cf94-gt22x,0m,2Mi,
h1-app-bb599cf94-kb8vr,0m,2Mi,
idx,162,LOG_TIME,2023-07-16T02:18:21,2023-07-15T21:18:21
NAME,CPU(cores),MEMORY(bytes),
h1-app-bb599cf94-4rw6g,23m,2Mi,
h1-app-bb599cf94-5qngm,100m,16Mi,
h1-app-bb599cf94-c8cd8,101m,16Mi,
h1-app-bb599cf94-gt22x,0m,2Mi,
h1-app-bb599cf94-kb8vr,0m,2Mi,
idx,163,LOG_TIME,2023-07-16T02:18:22,2023-07-15T21:18:22
NAME,CPU(cores),MEMORY(bytes),
h1-app-bb599cf94-4rw6g,23m,2Mi,
h1-app-bb599cf94-5qngm,100m,16Mi,
h1-app-bb599cf94-c8cd8,101m,16Mi,
h1-app-bb599cf94-gt22x,0m,2Mi,
h1-app-bb599cf94-kb8vr,0m,2Mi,
idx,164,LOG_TIME,2023-07-16T02:18:23,2023-07-15T21:18:23
NAME,CPU(cores),MEMORY(bytes),
h1-app-bb599cf94-4rw6g,23m,2Mi,
h1-app-bb599cf94-5qngm,100m,16Mi,
h1-app-bb599cf94-c8cd8,101m,16Mi,
h1-app-bb599cf94-gt22x,0m,2Mi,
h1-app-bb599cf94-kb8vr,0m,2Mi,
idx,165,LOG_TIME,2023-07-16T02:18:24,2023-07-15T21:18:24
NAME,CPU(cores),MEMORY(bytes),
h1-app-bb599cf94-4rw6g,23m,2Mi,
h1-app-bb599cf94-5qngm,100m,16Mi,
h1-app-bb599cf94-c8cd8,101m,16Mi,
h1-app-bb599cf94-gt22x,0m,2Mi,
h1-app-bb599cf94-kb8vr,0m,2Mi,
idx,166,LOG_TIME,2023-07-16T02:18:25,2023-07-15T21:18:25
NAME,CPU(cores),MEMORY(bytes),
h1-app-bb599cf94-4rw6g,23m,2Mi,
h1-app-bb599cf94-5qngm,100m,16Mi,
h1-app-bb599cf94-c8cd8,101m,16Mi,
h1-app-bb599cf94-gt22x,0m,2Mi,
h1-app-bb599cf94-kb8vr,0m,2Mi,
idx,167,LOG_TIME,2023-07-16T02:18:26,2023-07-15T21:18:26
NAME,CPU(cores),MEMORY(bytes),
h1-app-bb599cf94-4rw6g,23m,2Mi,
h1-app-bb599cf94-5qngm,100m,16Mi,
h1-app-bb599cf94-c8cd8,101m,16Mi,
h1-app-bb599cf94-gt22x,0m,2Mi,
h1-app-bb599cf94-kb8vr,0m,2Mi,
idx,168,LOG_TIME,2023-07-16T02:18:27,2023-07-15T21:18:27
NAME,CPU(cores),MEMORY(bytes),
h1-app-bb599cf94-4rw6g,23m,2Mi,
h1-app-bb599cf94-5qngm,100m,16Mi,
h1-app-bb599cf94-c8cd8,101m,16Mi,
h1-app-bb599cf94-gt22x,0m,2Mi,
h1-app-bb599cf94-kb8vr,0m,2Mi,
idx,169,LOG_TIME,2023-07-16T02:18:28,2023-07-15T21:18:28
NAME,CPU(cores),MEMORY(bytes),
h1-app-bb599cf94-4rw6g,23m,2Mi,
h1-app-bb599cf94-5qngm,100m,16Mi,
h1-app-bb599cf94-c8cd8,101m,16Mi,
h1-app-bb599cf94-gt22x,0m,2Mi,
h1-app-bb599cf94-kb8vr,0m,2Mi,
idx,170,LOG_TIME,2023-07-16T02:18:29,2023-07-15T21:18:29
NAME,CPU(cores),MEMORY(bytes),
h1-app-bb599cf94-4rw6g,0m,2Mi,
h1-app-bb599cf94-5qngm,100m,16Mi,
h1-app-bb599cf94-c8cd8,100m,16Mi,
h1-app-bb599cf94-gt22x,0m,2Mi,
h1-app-bb599cf94-kb8vr,0m,2Mi,
idx,171,LOG_TIME,2023-07-16T02:18:30,2023-07-15T21:18:30
NAME,CPU(cores),MEMORY(bytes),
h1-app-bb599cf94-4rw6g,0m,2Mi,
h1-app-bb599cf94-5qngm,100m,16Mi,
h1-app-bb599cf94-c8cd8,100m,16Mi,
h1-app-bb599cf94-gt22x,0m,2Mi,
h1-app-bb599cf94-kb8vr,0m,2Mi,
idx,172,LOG_TIME,2023-07-16T02:18:31,2023-07-15T21:18:31
NAME,CPU(cores),MEMORY(bytes),
h1-app-bb599cf94-4rw6g,0m,2Mi,
h1-app-bb599cf94-5qngm,100m,16Mi,
h1-app-bb599cf94-c8cd8,100m,16Mi,
h1-app-bb599cf94-gt22x,0m,2Mi,
h1-app-bb599cf94-kb8vr,0m,2Mi,
idx,173,LOG_TIME,2023-07-16T02:18:32,2023-07-15T21:18:32
NAME,CPU(cores),MEMORY(bytes),
h1-app-bb599cf94-4rw6g,0m,2Mi,
h1-app-bb599cf94-5qngm,100m,16Mi,
h1-app-bb599cf94-c8cd8,100m,16Mi,
h1-app-bb599cf94-gt22x,0m,2Mi,
h1-app-bb599cf94-kb8vr,0m,2Mi,
idx,174,LOG_TIME,2023-07-16T02:18:33,2023-07-15T21:18:33
NAME,CPU(cores),MEMORY(bytes),
h1-app-bb599cf94-4rw6g,0m,2Mi,
h1-app-bb599cf94-5qngm,100m,16Mi,
h1-app-bb599cf94-c8cd8,100m,16Mi,
h1-app-bb599cf94-gt22x,0m,2Mi,
h1-app-bb599cf94-kb8vr,0m,2Mi,
idx,175,LOG_TIME,2023-07-16T02:18:34,2023-07-15T21:18:34
NAME,CPU(cores),MEMORY(bytes),
h1-app-bb599cf94-4rw6g,0m,2Mi,
h1-app-bb599cf94-5qngm,100m,16Mi,
h1-app-bb599cf94-c8cd8,100m,16Mi,
h1-app-bb599cf94-gt22x,0m,2Mi,
h1-app-bb599cf94-kb8vr,0m,2Mi,
idx,176,LOG_TIME,2023-07-16T02:18:35,2023-07-15T21:18:35
NAME,CPU(cores),MEMORY(bytes),
h1-app-bb599cf94-4rw6g,0m,2Mi,
h1-app-bb599cf94-5qngm,100m,16Mi,
h1-app-bb599cf94-c8cd8,100m,16Mi,
h1-app-bb599cf94-gt22x,0m,2Mi,
h1-app-bb599cf94-kb8vr,0m,2Mi,
idx,177,LOG_TIME,2023-07-16T02:18:36,2023-07-15T21:18:36
NAME,CPU(cores),MEMORY(bytes),
h1-app-bb599cf94-4rw6g,0m,2Mi,
h1-app-bb599cf94-5qngm,100m,16Mi,
h1-app-bb599cf94-c8cd8,100m,16Mi,
h1-app-bb599cf94-gt22x,0m,2Mi,
h1-app-bb599cf94-kb8vr,0m,2Mi,
idx,178,LOG_TIME,2023-07-16T02:18:37,2023-07-15T21:18:37
NAME,CPU(cores),MEMORY(bytes),
h1-app-bb599cf94-4rw6g,0m,2Mi,
h1-app-bb599cf94-5qngm,100m,16Mi,
h1-app-bb599cf94-c8cd8,100m,16Mi,
h1-app-bb599cf94-gt22x,0m,2Mi,
h1-app-bb599cf94-kb8vr,0m,2Mi,
idx,179,LOG_TIME,2023-07-16T02:18:38,2023-07-15T21:18:38
NAME,CPU(cores),MEMORY(bytes),
h1-app-bb599cf94-4rw6g,0m,2Mi,
h1-app-bb599cf94-5qngm,100m,16Mi,
h1-app-bb599cf94-c8cd8,100m,16Mi,
h1-app-bb599cf94-gt22x,0m,2Mi,
h1-app-bb599cf94-kb8vr,0m,2Mi,
idx,180,LOG_TIME,2023-07-16T02:18:39,2023-07-15T21:18:40
NAME,CPU(cores),MEMORY(bytes),
h1-app-bb599cf94-4rw6g,0m,2Mi,
h1-app-bb599cf94-5qngm,100m,16Mi,
h1-app-bb599cf94-c8cd8,100m,16Mi,
h1-app-bb599cf94-gt22x,0m,2Mi,
h1-app-bb599cf94-kb8vr,0m,2Mi,
idx,181,LOG_TIME,2023-07-16T02:18:41,2023-07-15T21:18:41
NAME,CPU(cores),MEMORY(bytes),
h1-app-bb599cf94-4rw6g,0m,2Mi,
h1-app-bb599cf94-5qngm,100m,16Mi,
h1-app-bb599cf94-c8cd8,100m,16Mi,
h1-app-bb599cf94-gt22x,0m,2Mi,
h1-app-bb599cf94-kb8vr,0m,2Mi,
idx,182,LOG_TIME,2023-07-16T02:18:42,2023-07-15T21:18:42
NAME,CPU(cores),MEMORY(bytes),
h1-app-bb599cf94-4rw6g,0m,2Mi,
h1-app-bb599cf94-5qngm,100m,16Mi,
h1-app-bb599cf94-c8cd8,100m,16Mi,
h1-app-bb599cf94-gt22x,0m,2Mi,
h1-app-bb599cf94-kb8vr,0m,2Mi,
idx,183,LOG_TIME,2023-07-16T02:18:43,2023-07-15T21:18:43
NAME,CPU(cores),MEMORY(bytes),
h1-app-bb599cf94-4rw6g,0m,2Mi,
h1-app-bb599cf94-5qngm,100m,16Mi,
h1-app-bb599cf94-c8cd8,100m,16Mi,
h1-app-bb599cf94-gt22x,0m,2Mi,
h1-app-bb599cf94-kb8vr,0m,2Mi,
idx,184,LOG_TIME,2023-07-16T02:18:44,2023-07-15T21:18:44
NAME,CPU(cores),MEMORY(bytes),
h1-app-bb599cf94-4rw6g,0m,2Mi,
h1-app-bb599cf94-5qngm,100m,16Mi,
h1-app-bb599cf94-c8cd8,100m,16Mi,
h1-app-bb599cf94-gt22x,0m,2Mi,
h1-app-bb599cf94-kb8vr,0m,2Mi,
idx,185,LOG_TIME,2023-07-16T02:18:45,2023-07-15T21:18:45
NAME,CPU(cores),MEMORY(bytes),
h1-app-bb599cf94-4rw6g,0m,2Mi,
h1-app-bb599cf94-5qngm,100m,16Mi,
h1-app-bb599cf94-c8cd8,100m,16Mi,
h1-app-bb599cf94-gt22x,0m,2Mi,
h1-app-bb599cf94-kb8vr,0m,2Mi,
idx,186,LOG_TIME,2023-07-16T02:18:46,2023-07-15T21:18:46
NAME,CPU(cores),MEMORY(bytes),
h1-app-bb599cf94-4rw6g,0m,2Mi,
h1-app-bb599cf94-5qngm,100m,16Mi,
h1-app-bb599cf94-c8cd8,100m,16Mi,
h1-app-bb599cf94-gt22x,0m,2Mi,
h1-app-bb599cf94-kb8vr,0m,2Mi,
