idx,0,LOG_TIME,2023-05-14T14:49:56,2023-05-14T09:49:56
NAME,REFERENCE,TARGETS,MINPODS,MAXPODS,REPLICAS,AGE
h1-app,Deployment/h1-app,<unknown>/50%,1,10,0,2s
idx,1,LOG_TIME,2023-05-14T14:49:57,2023-05-14T09:49:57
NAME,REFERENCE,TARGETS,MINPODS,MAXPODS,REPLICAS,AGE
h1-app,Deployment/h1-app,<unknown>/50%,1,10,0,3s
idx,2,LOG_TIME,2023-05-14T14:49:58,2023-05-14T09:49:58
NAME,REFERENCE,TARGETS,MINPODS,MAXPODS,REPLICAS,AGE
h1-app,Deployment/h1-app,<unknown>/50%,1,10,0,4s
idx,3,LOG_TIME,2023-05-14T14:49:59,2023-05-14T09:49:59
NAME,REFERENCE,TARGETS,MINPODS,MAXPODS,REPLICAS,AGE
h1-app,Deployment/h1-app,<unknown>/50%,1,10,0,5s
idx,4,LOG_TIME,2023-05-14T14:50:00,2023-05-14T09:50:00
NAME,REFERENCE,TARGETS,MINPODS,MAXPODS,REPLICAS,AGE
h1-app,Deployment/h1-app,<unknown>/50%,1,10,0,6s
idx,5,LOG_TIME,2023-05-14T14:50:01,2023-05-14T09:50:01
NAME,REFERENCE,TARGETS,MINPODS,MAXPODS,REPLICAS,AGE
h1-app,Deployment/h1-app,<unknown>/50%,1,10,0,7s
idx,6,LOG_TIME,2023-05-14T14:50:02,2023-05-14T09:50:02
NAME,REFERENCE,TARGETS,MINPODS,MAXPODS,REPLICAS,AGE
h1-app,Deployment/h1-app,<unknown>/50%,1,10,0,8s
idx,7,LOG_TIME,2023-05-14T14:50:03,2023-05-14T09:50:03
NAME,REFERENCE,TARGETS,MINPODS,MAXPODS,REPLICAS,AGE
h1-app,Deployment/h1-app,<unknown>/50%,1,10,0,9s
idx,8,LOG_TIME,2023-05-14T14:50:04,2023-05-14T09:50:04
NAME,REFERENCE,TARGETS,MINPODS,MAXPODS,REPLICAS,AGE
h1-app,Deployment/h1-app,<unknown>/50%,1,10,0,10s
idx,9,LOG_TIME,2023-05-14T14:50:05,2023-05-14T09:50:05
NAME,REFERENCE,TARGETS,MINPODS,MAXPODS,REPLICAS,AGE
h1-app,Deployment/h1-app,<unknown>/50%,1,10,0,12s
idx,10,LOG_TIME,2023-05-14T14:50:06,2023-05-14T09:50:06
NAME,REFERENCE,TARGETS,MINPODS,MAXPODS,REPLICAS,AGE
h1-app,Deployment/h1-app,<unknown>/50%,1,10,0,12s
idx,11,LOG_TIME,2023-05-14T14:50:07,2023-05-14T09:50:07
NAME,REFERENCE,TARGETS,MINPODS,MAXPODS,REPLICAS,AGE
h1-app,Deployment/h1-app,<unknown>/50%,1,10,0,13s
idx,12,LOG_TIME,2023-05-14T14:50:08,2023-05-14T09:50:08
NAME,REFERENCE,TARGETS,MINPODS,MAXPODS,REPLICAS,AGE
h1-app,Deployment/h1-app,<unknown>/50%,1,10,0,14s
idx,13,LOG_TIME,2023-05-14T14:50:09,2023-05-14T09:50:09
NAME,REFERENCE,TARGETS,MINPODS,MAXPODS,REPLICAS,AGE
h1-app,Deployment/h1-app,<unknown>/50%,1,10,0,15s
idx,14,LOG_TIME,2023-05-14T14:50:10,2023-05-14T09:50:10
NAME,REFERENCE,TARGETS,MINPODS,MAXPODS,REPLICAS,AGE
h1-app,Deployment/h1-app,<unknown>/50%,1,10,1,16s
idx,15,LOG_TIME,2023-05-14T14:50:11,2023-05-14T09:50:11
NAME,REFERENCE,TARGETS,MINPODS,MAXPODS,REPLICAS,AGE
h1-app,Deployment/h1-app,<unknown>/50%,1,10,1,17s
idx,16,LOG_TIME,2023-05-14T14:50:12,2023-05-14T09:50:12
NAME,REFERENCE,TARGETS,MINPODS,MAXPODS,REPLICAS,AGE
h1-app,Deployment/h1-app,<unknown>/50%,1,10,1,18s
idx,17,LOG_TIME,2023-05-14T14:50:13,2023-05-14T09:50:13
NAME,REFERENCE,TARGETS,MINPODS,MAXPODS,REPLICAS,AGE
h1-app,Deployment/h1-app,<unknown>/50%,1,10,1,19s
idx,18,LOG_TIME,2023-05-14T14:50:14,2023-05-14T09:50:14
NAME,REFERENCE,TARGETS,MINPODS,MAXPODS,REPLICAS,AGE
h1-app,Deployment/h1-app,<unknown>/50%,1,10,1,20s
idx,19,LOG_TIME,2023-05-14T09:50:15,2023-05-14T09:50:15
NAME,REFERENCE,TARGETS,MINPODS,MAXPODS,REPLICAS,AGE
h1-app,Deployment/h1-app,<unknown>/50%,1,10,1,21s
idx,20,LOG_TIME,2023-05-14T14:50:16,2023-05-14T09:50:16
NAME,REFERENCE,TARGETS,MINPODS,MAXPODS,REPLICAS,AGE
h1-app,Deployment/h1-app,<unknown>/50%,1,10,1,22s
idx,21,LOG_TIME,2023-05-14T14:50:17,2023-05-14T09:50:17
NAME,REFERENCE,TARGETS,MINPODS,MAXPODS,REPLICAS,AGE
h1-app,Deployment/h1-app,<unknown>/50%,1,10,1,23s
idx,22,LOG_TIME,2023-05-14T09:50:18,2023-05-14T09:50:18
NAME,REFERENCE,TARGETS,MINPODS,MAXPODS,REPLICAS,AGE
h1-app,Deployment/h1-app,<unknown>/50%,1,10,1,24s
idx,23,LOG_TIME,2023-05-14T14:50:19,2023-05-14T09:50:19
NAME,REFERENCE,TARGETS,MINPODS,MAXPODS,REPLICAS,AGE
h1-app,Deployment/h1-app,<unknown>/50%,1,10,1,25s
idx,24,LOG_TIME,2023-05-14T14:50:20,2023-05-14T09:50:20
NAME,REFERENCE,TARGETS,MINPODS,MAXPODS,REPLICAS,AGE
h1-app,Deployment/h1-app,<unknown>/50%,1,10,1,28s
idx,25,LOG_TIME,2023-05-14T14:50:22,2023-05-14T09:50:22
NAME,REFERENCE,TARGETS,MINPODS,MAXPODS,REPLICAS,AGE
h1-app,Deployment/h1-app,<unknown>/50%,1,10,1,28s
idx,26,LOG_TIME,2023-05-14T14:50:25,2023-05-14T09:50:25
NAME,REFERENCE,TARGETS,MINPODS,MAXPODS,REPLICAS,AGE
h1-app,Deployment/h1-app,<unknown>/50%,1,10,1,33s
idx,27,LOG_TIME,2023-05-14T14:50:27,2023-05-14T09:50:27
NAME,REFERENCE,TARGETS,MINPODS,MAXPODS,REPLICAS,AGE
h1-app,Deployment/h1-app,<unknown>/50%,1,10,1,35s
idx,28,LOG_TIME,2023-05-14T14:50:30,2023-05-14T09:50:30
NAME,REFERENCE,TARGETS,MINPODS,MAXPODS,REPLICAS,AGE
h1-app,Deployment/h1-app,<unknown>/50%,1,10,1,36s
idx,29,LOG_TIME,2023-05-14T14:50:30,2023-05-14T14:50:31
NAME,REFERENCE,TARGETS,MINPODS,MAXPODS,REPLICAS,AGE
h1-app,Deployment/h1-app,<unknown>/50%,1,10,1,37s
idx,30,LOG_TIME,2023-05-14T14:50:32,2023-05-14T09:50:32
NAME,REFERENCE,TARGETS,MINPODS,MAXPODS,REPLICAS,AGE
h1-app,Deployment/h1-app,<unknown>/50%,1,10,1,38s
idx,31,LOG_TIME,2023-05-14T09:50:33,2023-05-14T09:50:33
NAME,REFERENCE,TARGETS,MINPODS,MAXPODS,REPLICAS,AGE
h1-app,Deployment/h1-app,<unknown>/50%,1,10,1,39s
idx,32,LOG_TIME,2023-05-14T14:50:34,2023-05-14T09:50:34
NAME,REFERENCE,TARGETS,MINPODS,MAXPODS,REPLICAS,AGE
h1-app,Deployment/h1-app,<unknown>/50%,1,10,1,40s
idx,33,LOG_TIME,2023-05-14T14:50:35,2023-05-14T09:50:35
NAME,REFERENCE,TARGETS,MINPODS,MAXPODS,REPLICAS,AGE
h1-app,Deployment/h1-app,<unknown>/50%,1,10,1,41s
idx,34,LOG_TIME,2023-05-14T14:50:36,2023-05-14T09:50:36
NAME,REFERENCE,TARGETS,MINPODS,MAXPODS,REPLICAS,AGE
h1-app,Deployment/h1-app,<unknown>/50%,1,10,1,42s
idx,35,LOG_TIME,2023-05-14T14:50:37,2023-05-14T09:50:37
NAME,REFERENCE,TARGETS,MINPODS,MAXPODS,REPLICAS,AGE
h1-app,Deployment/h1-app,<unknown>/50%,1,10,1,43s
idx,36,LOG_TIME,2023-05-14T14:50:38,2023-05-14T09:50:38
NAME,REFERENCE,TARGETS,MINPODS,MAXPODS,REPLICAS,AGE
h1-app,Deployment/h1-app,<unknown>/50%,1,10,1,44s
idx,37,LOG_TIME,2023-05-14T14:50:39,2023-05-14T09:50:39
NAME,REFERENCE,TARGETS,MINPODS,MAXPODS,REPLICAS,AGE
h1-app,Deployment/h1-app,<unknown>/50%,1,10,1,45s
idx,38,LOG_TIME,2023-05-14T14:50:40,2023-05-14T09:50:40
NAME,REFERENCE,TARGETS,MINPODS,MAXPODS,REPLICAS,AGE
h1-app,Deployment/h1-app,<unknown>/50%,1,10,1,46s
idx,39,LOG_TIME,2023-05-14T14:50:41,2023-05-14T09:50:41
NAME,REFERENCE,TARGETS,MINPODS,MAXPODS,REPLICAS,AGE
h1-app,Deployment/h1-app,<unknown>/50%,1,10,1,47s
idx,40,LOG_TIME,2023-05-14T14:50:42,2023-05-14T09:50:42
NAME,REFERENCE,TARGETS,MINPODS,MAXPODS,REPLICAS,AGE
h1-app,Deployment/h1-app,<unknown>/50%,1,10,1,48s
idx,41,LOG_TIME,2023-05-14T14:50:43,2023-05-14T09:50:43
NAME,REFERENCE,TARGETS,MINPODS,MAXPODS,REPLICAS,AGE
h1-app,Deployment/h1-app,<unknown>/50%,1,10,1,49s
idx,42,LOG_TIME,2023-05-14T09:50:44,2023-05-14T09:50:44
NAME,REFERENCE,TARGETS,MINPODS,MAXPODS,REPLICAS,AGE
h1-app,Deployment/h1-app,<unknown>/50%,1,10,1,50s
idx,43,LOG_TIME,2023-05-14T14:50:45,2023-05-14T09:50:45
NAME,REFERENCE,TARGETS,MINPODS,MAXPODS,REPLICAS,AGE
h1-app,Deployment/h1-app,<unknown>/50%,1,10,1,51s
idx,44,LOG_TIME,2023-05-14T14:50:46,2023-05-14T09:50:46
NAME,REFERENCE,TARGETS,MINPODS,MAXPODS,REPLICAS,AGE
h1-app,Deployment/h1-app,<unknown>/50%,1,10,1,52s
idx,45,LOG_TIME,2023-05-14T14:50:47,2023-05-14T09:50:47
NAME,REFERENCE,TARGETS,MINPODS,MAXPODS,REPLICAS,AGE
h1-app,Deployment/h1-app,<unknown>/50%,1,10,1,53s
idx,46,LOG_TIME,2023-05-14T14:50:48,2023-05-14T09:50:48
NAME,REFERENCE,TARGETS,MINPODS,MAXPODS,REPLICAS,AGE
h1-app,Deployment/h1-app,<unknown>/50%,1,10,1,54s
idx,47,LOG_TIME,2023-05-14T14:50:49,2023-05-14T09:50:49
NAME,REFERENCE,TARGETS,MINPODS,MAXPODS,REPLICAS,AGE
h1-app,Deployment/h1-app,<unknown>/50%,1,10,1,55s
idx,48,LOG_TIME,2023-05-14T09:50:50,2023-05-14T09:50:50
NAME,REFERENCE,TARGETS,MINPODS,MAXPODS,REPLICAS,AGE
h1-app,Deployment/h1-app,<unknown>/50%,1,10,1,56s
idx,49,LOG_TIME,2023-05-14T14:50:51,2023-05-14T09:50:51
NAME,REFERENCE,TARGETS,MINPODS,MAXPODS,REPLICAS,AGE
h1-app,Deployment/h1-app,<unknown>/50%,1,10,1,57s
idx,50,LOG_TIME,2023-05-14T09:50:52,2023-05-14T09:50:52
NAME,REFERENCE,TARGETS,MINPODS,MAXPODS,REPLICAS,AGE
h1-app,Deployment/h1-app,<unknown>/50%,1,10,1,58s
idx,51,LOG_TIME,2023-05-14T14:50:53,2023-05-14T09:50:53
NAME,REFERENCE,TARGETS,MINPODS,MAXPODS,REPLICAS,AGE
h1-app,Deployment/h1-app,<unknown>/50%,1,10,1,59s
idx,52,LOG_TIME,2023-05-14T14:50:54,2023-05-14T09:50:54
NAME,REFERENCE,TARGETS,MINPODS,MAXPODS,REPLICAS,AGE
h1-app,Deployment/h1-app,<unknown>/50%,1,10,1,60s
idx,53,LOG_TIME,2023-05-14T14:50:55,2023-05-14T09:50:55
NAME,REFERENCE,TARGETS,MINPODS,MAXPODS,REPLICAS,AGE
h1-app,Deployment/h1-app,<unknown>/50%,1,10,1,61s
idx,54,LOG_TIME,2023-05-14T14:50:57,2023-05-14T09:50:57
NAME,REFERENCE,TARGETS,MINPODS,MAXPODS,REPLICAS,AGE
h1-app,Deployment/h1-app,<unknown>/50%,1,10,1,63s
idx,55,LOG_TIME,2023-05-14T14:50:57,2023-05-14T09:50:57
NAME,REFERENCE,TARGETS,MINPODS,MAXPODS,REPLICAS,AGE
h1-app,Deployment/h1-app,<unknown>/50%,1,10,1,63s
idx,56,LOG_TIME,2023-05-14T14:50:58,2023-05-14T09:50:58
NAME,REFERENCE,TARGETS,MINPODS,MAXPODS,REPLICAS,AGE
h1-app,Deployment/h1-app,<unknown>/50%,1,10,1,65s
idx,57,LOG_TIME,2023-05-14T14:50:59,2023-05-14T09:50:59
NAME,REFERENCE,TARGETS,MINPODS,MAXPODS,REPLICAS,AGE
h1-app,Deployment/h1-app,<unknown>/50%,1,10,1,66s
idx,58,LOG_TIME,2023-05-14T14:51:00,2023-05-14T09:51:00
NAME,REFERENCE,TARGETS,MINPODS,MAXPODS,REPLICAS,AGE
h1-app,Deployment/h1-app,<unknown>/50%,1,10,1,67s
idx,59,LOG_TIME,2023-05-14T14:51:01,2023-05-14T09:51:01
NAME,REFERENCE,TARGETS,MINPODS,MAXPODS,REPLICAS,AGE
h1-app,Deployment/h1-app,<unknown>/50%,1,10,1,68s
idx,60,LOG_TIME,2023-05-14T14:51:02,2023-05-14T09:51:02
NAME,REFERENCE,TARGETS,MINPODS,MAXPODS,REPLICAS,AGE
h1-app,Deployment/h1-app,<unknown>/50%,1,10,1,69s
idx,61,LOG_TIME,2023-05-14T14:51:03,2023-05-14T09:51:03
NAME,REFERENCE,TARGETS,MINPODS,MAXPODS,REPLICAS,AGE
h1-app,Deployment/h1-app,<unknown>/50%,1,10,1,70s
idx,62,LOG_TIME,2023-05-14T14:51:04,2023-05-14T09:51:04
NAME,REFERENCE,TARGETS,MINPODS,MAXPODS,REPLICAS,AGE
h1-app,Deployment/h1-app,<unknown>/50%,1,10,1,71s
idx,63,LOG_TIME,2023-05-14T14:51:05,2023-05-14T09:51:05
NAME,REFERENCE,TARGETS,MINPODS,MAXPODS,REPLICAS,AGE
h1-app,Deployment/h1-app,<unknown>/50%,1,10,1,72s
idx,64,LOG_TIME,2023-05-14T14:51:06,2023-05-14T09:51:06
NAME,REFERENCE,TARGETS,MINPODS,MAXPODS,REPLICAS,AGE
h1-app,Deployment/h1-app,<unknown>/50%,1,10,1,73s
idx,65,LOG_TIME,2023-05-14T14:51:08,2023-05-14T09:51:08
NAME,REFERENCE,TARGETS,MINPODS,MAXPODS,REPLICAS,AGE
h1-app,Deployment/h1-app,<unknown>/50%,1,10,1,74s
idx,66,LOG_TIME,2023-05-14T14:51:09,2023-05-14T09:51:09
NAME,REFERENCE,TARGETS,MINPODS,MAXPODS,REPLICAS,AGE
h1-app,Deployment/h1-app,<unknown>/50%,1,10,1,75s
idx,67,LOG_TIME,2023-05-14T14:51:10,2023-05-14T09:51:10
NAME,REFERENCE,TARGETS,MINPODS,MAXPODS,REPLICAS,AGE
h1-app,Deployment/h1-app,<unknown>/50%,1,10,1,76s
idx,68,LOG_TIME,2023-05-14T14:51:11,2023-05-14T09:51:11
NAME,REFERENCE,TARGETS,MINPODS,MAXPODS,REPLICAS,AGE
h1-app,Deployment/h1-app,101%/50%,1,10,1,77s
idx,69,LOG_TIME,2023-05-14T14:51:12,2023-05-14T09:51:12
NAME,REFERENCE,TARGETS,MINPODS,MAXPODS,REPLICAS,AGE
h1-app,Deployment/h1-app,101%/50%,1,10,1,78s
idx,70,LOG_TIME,2023-05-14T09:51:13,2023-05-14T09:51:13
NAME,REFERENCE,TARGETS,MINPODS,MAXPODS,REPLICAS,AGE
h1-app,Deployment/h1-app,101%/50%,1,10,1,79s
idx,71,LOG_TIME,2023-05-14T14:51:14,2023-05-14T09:51:14
NAME,REFERENCE,TARGETS,MINPODS,MAXPODS,REPLICAS,AGE
h1-app,Deployment/h1-app,101%/50%,1,10,1,80s
idx,72,LOG_TIME,2023-05-14T14:51:15,2023-05-14T09:51:15
NAME,REFERENCE,TARGETS,MINPODS,MAXPODS,REPLICAS,AGE
h1-app,Deployment/h1-app,101%/50%,1,10,1,81s
idx,73,LOG_TIME,2023-05-14T14:51:16,2023-05-14T09:51:16
NAME,REFERENCE,TARGETS,MINPODS,MAXPODS,REPLICAS,AGE
h1-app,Deployment/h1-app,101%/50%,1,10,1,82s
idx,74,LOG_TIME,2023-05-14T14:51:17,2023-05-14T09:51:17
NAME,REFERENCE,TARGETS,MINPODS,MAXPODS,REPLICAS,AGE
h1-app,Deployment/h1-app,101%/50%,1,10,1,83s
idx,75,LOG_TIME,2023-05-14T14:51:18,2023-05-14T09:51:18
NAME,REFERENCE,TARGETS,MINPODS,MAXPODS,REPLICAS,AGE
h1-app,Deployment/h1-app,101%/50%,1,10,1,84s
idx,76,LOG_TIME,2023-05-14T14:51:19,2023-05-14T09:51:19
NAME,REFERENCE,TARGETS,MINPODS,MAXPODS,REPLICAS,AGE
h1-app,Deployment/h1-app,101%/50%,1,10,1,85s
idx,77,LOG_TIME,2023-05-14T14:51:20,2023-05-14T09:51:20
NAME,REFERENCE,TARGETS,MINPODS,MAXPODS,REPLICAS,AGE
h1-app,Deployment/h1-app,101%/50%,1,10,1,86s
idx,78,LOG_TIME,2023-05-14T14:51:21,2023-05-14T09:51:21
NAME,REFERENCE,TARGETS,MINPODS,MAXPODS,REPLICAS,AGE
h1-app,Deployment/h1-app,101%/50%,1,10,1,87s
idx,79,LOG_TIME,2023-05-14T14:51:22,2023-05-14T09:51:22
NAME,REFERENCE,TARGETS,MINPODS,MAXPODS,REPLICAS,AGE
h1-app,Deployment/h1-app,101%/50%,1,10,1,88s
idx,80,LOG_TIME,2023-05-14T14:51:23,2023-05-14T09:51:23
NAME,REFERENCE,TARGETS,MINPODS,MAXPODS,REPLICAS,AGE
h1-app,Deployment/h1-app,101%/50%,1,10,1,90s
idx,81,LOG_TIME,2023-05-14T14:51:24,2023-05-14T09:51:24
NAME,REFERENCE,TARGETS,MINPODS,MAXPODS,REPLICAS,AGE
h1-app,Deployment/h1-app,101%/50%,1,10,1,90s
idx,82,LOG_TIME,2023-05-14T14:51:25,2023-05-14T09:51:25
NAME,REFERENCE,TARGETS,MINPODS,MAXPODS,REPLICAS,AGE
h1-app,Deployment/h1-app,101%/50%,1,10,1,92s
