idx,0,LOG_TIME,2023-05-17T17:38:06,2023-05-17T12:38:06
idx,1,LOG_TIME,2023-05-17T17:38:07,2023-05-17T12:38:07
idx,2,LOG_TIME,2023-05-17T17:38:08,2023-05-17T12:38:08
idx,3,LOG_TIME,2023-05-17T17:38:09,2023-05-17T12:38:09
idx,4,LOG_TIME,2023-05-17T17:38:10,2023-05-17T12:38:10
idx,5,LOG_TIME,2023-05-17T17:38:11,2023-05-17T12:38:11
idx,6,LOG_TIME,2023-05-17T17:38:12,2023-05-17T12:38:12
idx,7,LOG_TIME,2023-05-17T17:38:13,2023-05-17T12:38:13
idx,8,LOG_TIME,2023-05-17T17:38:14,2023-05-17T12:38:14
idx,9,LOG_TIME,2023-05-17T17:38:15,2023-05-17T12:38:15
NAME,CPU(cores),MEMORY(bytes),
h1-app-77f798d99c-pkb7g,101m,15Mi,
idx,10,LOG_TIME,2023-05-17T17:38:16,2023-05-17T12:38:16
NAME,CPU(cores),MEMORY(bytes),
h1-app-77f798d99c-pkb7g,101m,15Mi,
idx,11,LOG_TIME,2023-05-17T17:38:17,2023-05-17T12:38:17
NAME,CPU(cores),MEMORY(bytes),
h1-app-77f798d99c-pkb7g,101m,15Mi,
idx,12,LOG_TIME,2023-05-17T17:38:18,2023-05-17T12:38:18
NAME,CPU(cores),MEMORY(bytes),
h1-app-77f798d99c-pkb7g,101m,15Mi,
idx,13,LOG_TIME,2023-05-17T17:38:19,2023-05-17T12:38:19
NAME,CPU(cores),MEMORY(bytes),
h1-app-77f798d99c-pkb7g,101m,15Mi,
idx,14,LOG_TIME,2023-05-17T17:38:20,2023-05-17T12:38:20
NAME,CPU(cores),MEMORY(bytes),
h1-app-77f798d99c-pkb7g,101m,15Mi,
idx,15,LOG_TIME,2023-05-17T17:38:21,2023-05-17T12:38:21
NAME,CPU(cores),MEMORY(bytes),
h1-app-77f798d99c-pkb7g,101m,15Mi,
idx,16,LOG_TIME,2023-05-17T17:38:22,2023-05-17T12:38:22
NAME,CPU(cores),MEMORY(bytes),
h1-app-77f798d99c-pkb7g,101m,15Mi,
idx,17,LOG_TIME,2023-05-17T17:38:23,2023-05-17T12:38:23
NAME,CPU(cores),MEMORY(bytes),
h1-app-77f798d99c-pkb7g,101m,15Mi,
idx,18,LOG_TIME,2023-05-17T17:38:24,2023-05-17T12:38:24
NAME,CPU(cores),MEMORY(bytes),
h1-app-77f798d99c-pkb7g,101m,15Mi,
idx,19,LOG_TIME,2023-05-17T17:38:25,2023-05-17T12:38:25
NAME,CPU(cores),MEMORY(bytes),
h1-app-77f798d99c-pkb7g,101m,15Mi,
idx,20,LOG_TIME,2023-05-17T17:38:26,2023-05-17T12:38:26
NAME,CPU(cores),MEMORY(bytes),
h1-app-77f798d99c-pkb7g,101m,15Mi,
idx,21,LOG_TIME,2023-05-17T17:38:27,2023-05-17T12:38:27
NAME,CPU(cores),MEMORY(bytes),
h1-app-77f798d99c-pkb7g,101m,15Mi,
idx,22,LOG_TIME,2023-05-17T17:38:28,2023-05-17T12:38:28
NAME,CPU(cores),MEMORY(bytes),
h1-app-77f798d99c-pkb7g,101m,15Mi,
idx,23,LOG_TIME,2023-05-17T17:38:29,2023-05-17T12:38:29
NAME,CPU(cores),MEMORY(bytes),
h1-app-77f798d99c-pkb7g,101m,15Mi,
idx,24,LOG_TIME,2023-05-17T17:38:30,2023-05-17T12:38:30
NAME,CPU(cores),MEMORY(bytes),
h1-app-77f798d99c-pkb7g,101m,15Mi,
idx,25,LOG_TIME,2023-05-17T17:38:31,2023-05-17T12:38:31
NAME,CPU(cores),MEMORY(bytes),
h1-app-77f798d99c-pkb7g,101m,15Mi,
idx,26,LOG_TIME,2023-05-17T17:38:32,2023-05-17T12:38:32
NAME,CPU(cores),MEMORY(bytes),
h1-app-77f798d99c-pkb7g,101m,15Mi,
idx,27,LOG_TIME,2023-05-17T17:38:33,2023-05-17T12:38:33
NAME,CPU(cores),MEMORY(bytes),
h1-app-77f798d99c-pkb7g,101m,15Mi,
idx,28,LOG_TIME,2023-05-17T17:38:34,2023-05-17T12:38:34
NAME,CPU(cores),MEMORY(bytes),
h1-app-77f798d99c-pkb7g,101m,15Mi,
idx,29,LOG_TIME,2023-05-17T17:38:35,2023-05-17T12:38:35
NAME,CPU(cores),MEMORY(bytes),
h1-app-77f798d99c-pkb7g,101m,15Mi,
idx,30,LOG_TIME,2023-05-17T17:38:36,2023-05-17T12:38:36
NAME,CPU(cores),MEMORY(bytes),
h1-app-77f798d99c-pkb7g,101m,15Mi,
idx,31,LOG_TIME,2023-05-17T17:38:37,2023-05-17T12:38:37
NAME,CPU(cores),MEMORY(bytes),
h1-app-77f798d99c-pkb7g,101m,15Mi,
idx,32,LOG_TIME,2023-05-17T17:38:38,2023-05-17T12:38:38
NAME,CPU(cores),MEMORY(bytes),
h1-app-77f798d99c-pkb7g,101m,15Mi,
idx,33,LOG_TIME,2023-05-17T17:38:39,2023-05-17T12:38:39
NAME,CPU(cores),MEMORY(bytes),
h1-app-77f798d99c-pkb7g,101m,15Mi,
idx,34,LOG_TIME,2023-05-17T17:38:40,2023-05-17T12:38:40
NAME,CPU(cores),MEMORY(bytes),
h1-app-77f798d99c-pkb7g,101m,15Mi,
idx,35,LOG_TIME,2023-05-17T17:38:41,2023-05-17T12:38:41
NAME,CPU(cores),MEMORY(bytes),
h1-app-77f798d99c-pkb7g,101m,15Mi,
idx,36,LOG_TIME,2023-05-17T17:38:42,2023-05-17T12:38:42
NAME,CPU(cores),MEMORY(bytes),
h1-app-77f798d99c-pkb7g,101m,15Mi,
idx,37,LOG_TIME,2023-05-17T17:38:43,2023-05-17T12:38:43
NAME,CPU(cores),MEMORY(bytes),
h1-app-77f798d99c-pkb7g,101m,15Mi,
idx,38,LOG_TIME,2023-05-17T17:38:44,2023-05-17T12:38:44
NAME,CPU(cores),MEMORY(bytes),
h1-app-77f798d99c-pkb7g,100m,15Mi,
idx,39,LOG_TIME,2023-05-17T17:38:45,2023-05-17T12:38:45
NAME,CPU(cores),MEMORY(bytes),
h1-app-77f798d99c-pkb7g,100m,15Mi,
idx,40,LOG_TIME,2023-05-17T17:38:46,2023-05-17T12:38:46
NAME,CPU(cores),MEMORY(bytes),
h1-app-77f798d99c-pkb7g,100m,15Mi,
idx,41,LOG_TIME,2023-05-17T17:38:47,2023-05-17T12:38:47
NAME,CPU(cores),MEMORY(bytes),
h1-app-77f798d99c-pkb7g,100m,15Mi,
idx,42,LOG_TIME,2023-05-17T17:38:48,2023-05-17T12:38:48
NAME,CPU(cores),MEMORY(bytes),
h1-app-77f798d99c-pkb7g,100m,15Mi,
idx,43,LOG_TIME,2023-05-17T17:38:49,2023-05-17T12:38:49
NAME,CPU(cores),MEMORY(bytes),
h1-app-77f798d99c-pkb7g,100m,15Mi,
idx,44,LOG_TIME,2023-05-17T17:38:50,2023-05-17T12:38:50
NAME,CPU(cores),MEMORY(bytes),
h1-app-77f798d99c-pkb7g,100m,15Mi,
idx,45,LOG_TIME,2023-05-17T17:38:51,2023-05-17T12:38:51
NAME,CPU(cores),MEMORY(bytes),
h1-app-77f798d99c-pkb7g,100m,15Mi,
idx,46,LOG_TIME,2023-05-17T17:38:52,2023-05-17T12:38:52
NAME,CPU(cores),MEMORY(bytes),
h1-app-77f798d99c-pkb7g,100m,15Mi,
idx,47,LOG_TIME,2023-05-17T17:38:53,2023-05-17T12:38:53
NAME,CPU(cores),MEMORY(bytes),
h1-app-77f798d99c-pkb7g,100m,15Mi,
idx,48,LOG_TIME,2023-05-17T17:38:55,2023-05-17T12:38:55
NAME,CPU(cores),MEMORY(bytes),
h1-app-77f798d99c-pkb7g,100m,15Mi,
idx,49,LOG_TIME,2023-05-17T17:38:56,2023-05-17T12:38:56
NAME,CPU(cores),MEMORY(bytes),
h1-app-77f798d99c-pkb7g,100m,15Mi,
idx,50,LOG_TIME,2023-05-17T17:38:57,2023-05-17T12:38:57
NAME,CPU(cores),MEMORY(bytes),
h1-app-77f798d99c-pkb7g,100m,15Mi,
idx,51,LOG_TIME,2023-05-17T17:38:58,2023-05-17T12:38:58
NAME,CPU(cores),MEMORY(bytes),
h1-app-77f798d99c-pkb7g,100m,15Mi,
idx,52,LOG_TIME,2023-05-17T17:38:59,2023-05-17T12:38:59
NAME,CPU(cores),MEMORY(bytes),
h1-app-77f798d99c-pkb7g,100m,15Mi,
idx,53,LOG_TIME,2023-05-17T17:39:00,2023-05-17T12:39:00
NAME,CPU(cores),MEMORY(bytes),
h1-app-77f798d99c-pkb7g,100m,15Mi,
idx,54,LOG_TIME,2023-05-17T17:39:01,2023-05-17T12:39:01
NAME,CPU(cores),MEMORY(bytes),
h1-app-77f798d99c-pkb7g,100m,15Mi,
idx,55,LOG_TIME,2023-05-17T17:39:02,2023-05-17T12:39:02
NAME,CPU(cores),MEMORY(bytes),
h1-app-77f798d99c-pkb7g,100m,15Mi,
idx,56,LOG_TIME,2023-05-17T17:39:03,2023-05-17T12:39:03
NAME,CPU(cores),MEMORY(bytes),
h1-app-77f798d99c-pkb7g,100m,15Mi,
idx,57,LOG_TIME,2023-05-17T17:39:04,2023-05-17T12:39:04
NAME,CPU(cores),MEMORY(bytes),
h1-app-77f798d99c-pkb7g,100m,15Mi,
idx,58,LOG_TIME,2023-05-17T17:39:05,2023-05-17T12:39:05
NAME,CPU(cores),MEMORY(bytes),
h1-app-77f798d99c-8wkdc,100m,16Mi,
h1-app-77f798d99c-pkb7g,101m,15Mi,
h1-app-77f798d99c-zt7rx,101m,16Mi,
idx,59,LOG_TIME,2023-05-17T17:39:06,2023-05-17T12:39:06
NAME,CPU(cores),MEMORY(bytes),
h1-app-77f798d99c-8wkdc,100m,16Mi,
h1-app-77f798d99c-pkb7g,101m,15Mi,
h1-app-77f798d99c-zt7rx,101m,16Mi,
idx,60,LOG_TIME,2023-05-17T17:39:07,2023-05-17T12:39:07
NAME,CPU(cores),MEMORY(bytes),
h1-app-77f798d99c-8wkdc,100m,16Mi,
h1-app-77f798d99c-pkb7g,101m,15Mi,
h1-app-77f798d99c-zt7rx,101m,16Mi,
idx,61,LOG_TIME,2023-05-17T17:39:08,2023-05-17T12:39:08
NAME,CPU(cores),MEMORY(bytes),
h1-app-77f798d99c-8wkdc,100m,16Mi,
h1-app-77f798d99c-pkb7g,101m,15Mi,
h1-app-77f798d99c-zt7rx,101m,16Mi,
idx,62,LOG_TIME,2023-05-17T17:39:09,2023-05-17T12:39:09
NAME,CPU(cores),MEMORY(bytes),
h1-app-77f798d99c-8wkdc,100m,16Mi,
h1-app-77f798d99c-pkb7g,101m,15Mi,
h1-app-77f798d99c-zt7rx,101m,16Mi,
idx,63,LOG_TIME,2023-05-17T17:39:10,2023-05-17T12:39:10
NAME,CPU(cores),MEMORY(bytes),
h1-app-77f798d99c-8wkdc,100m,16Mi,
h1-app-77f798d99c-pkb7g,101m,15Mi,
h1-app-77f798d99c-zt7rx,101m,16Mi,
idx,64,LOG_TIME,2023-05-17T17:39:11,2023-05-17T12:39:11
NAME,CPU(cores),MEMORY(bytes),
h1-app-77f798d99c-8wkdc,100m,16Mi,
h1-app-77f798d99c-pkb7g,101m,15Mi,
h1-app-77f798d99c-zt7rx,101m,16Mi,
idx,65,LOG_TIME,2023-05-17T17:39:12,2023-05-17T12:39:12
NAME,CPU(cores),MEMORY(bytes),
h1-app-77f798d99c-8wkdc,100m,16Mi,
h1-app-77f798d99c-pkb7g,101m,15Mi,
h1-app-77f798d99c-zt7rx,101m,16Mi,
idx,66,LOG_TIME,2023-05-17T17:39:13,2023-05-17T12:39:13
NAME,CPU(cores),MEMORY(bytes),
h1-app-77f798d99c-8wkdc,100m,16Mi,
h1-app-77f798d99c-pkb7g,101m,15Mi,
h1-app-77f798d99c-zt7rx,101m,16Mi,
idx,67,LOG_TIME,2023-05-17T17:39:14,2023-05-17T12:39:14
NAME,CPU(cores),MEMORY(bytes),
h1-app-77f798d99c-8wkdc,100m,16Mi,
h1-app-77f798d99c-pkb7g,101m,15Mi,
h1-app-77f798d99c-zt7rx,101m,16Mi,
idx,68,LOG_TIME,2023-05-17T17:39:15,2023-05-17T12:39:15
NAME,CPU(cores),MEMORY(bytes),
h1-app-77f798d99c-8wkdc,100m,16Mi,
h1-app-77f798d99c-pkb7g,100m,15Mi,
h1-app-77f798d99c-zt7rx,101m,16Mi,
idx,69,LOG_TIME,2023-05-17T17:39:16,2023-05-17T12:39:16
NAME,CPU(cores),MEMORY(bytes),
h1-app-77f798d99c-8wkdc,100m,16Mi,
h1-app-77f798d99c-pkb7g,100m,15Mi,
h1-app-77f798d99c-zt7rx,101m,16Mi,
idx,70,LOG_TIME,2023-05-17T17:39:17,2023-05-17T12:39:17
NAME,CPU(cores),MEMORY(bytes),
h1-app-77f798d99c-8wkdc,100m,16Mi,
h1-app-77f798d99c-pkb7g,100m,15Mi,
h1-app-77f798d99c-zt7rx,101m,16Mi,
idx,71,LOG_TIME,2023-05-17T17:39:18,2023-05-17T12:39:18
NAME,CPU(cores),MEMORY(bytes),
h1-app-77f798d99c-8wkdc,100m,16Mi,
h1-app-77f798d99c-pkb7g,100m,15Mi,
h1-app-77f798d99c-zt7rx,101m,16Mi,
idx,72,LOG_TIME,2023-05-17T17:39:19,2023-05-17T12:39:19
NAME,CPU(cores),MEMORY(bytes),
h1-app-77f798d99c-8wkdc,100m,16Mi,
h1-app-77f798d99c-pkb7g,100m,15Mi,
h1-app-77f798d99c-zt7rx,101m,16Mi,
idx,73,LOG_TIME,2023-05-17T17:39:20,2023-05-17T12:39:20
NAME,CPU(cores),MEMORY(bytes),
h1-app-77f798d99c-8wkdc,100m,16Mi,
h1-app-77f798d99c-pkb7g,100m,15Mi,
h1-app-77f798d99c-zt7rx,101m,16Mi,
idx,74,LOG_TIME,2023-05-17T17:39:21,2023-05-17T12:39:21
NAME,CPU(cores),MEMORY(bytes),
h1-app-77f798d99c-8wkdc,100m,16Mi,
h1-app-77f798d99c-pkb7g,100m,15Mi,
h1-app-77f798d99c-zt7rx,101m,16Mi,
idx,75,LOG_TIME,2023-05-17T17:39:22,2023-05-17T12:39:22
NAME,CPU(cores),MEMORY(bytes),
h1-app-77f798d99c-8wkdc,100m,16Mi,
h1-app-77f798d99c-pkb7g,100m,15Mi,
h1-app-77f798d99c-zt7rx,101m,16Mi,
idx,76,LOG_TIME,2023-05-17T17:39:23,2023-05-17T12:39:23
NAME,CPU(cores),MEMORY(bytes),
h1-app-77f798d99c-8wkdc,100m,16Mi,
h1-app-77f798d99c-pkb7g,100m,15Mi,
h1-app-77f798d99c-zt7rx,101m,16Mi,
idx,77,LOG_TIME,2023-05-17T17:39:24,2023-05-17T12:39:24
NAME,CPU(cores),MEMORY(bytes),
h1-app-77f798d99c-8wkdc,100m,16Mi,
h1-app-77f798d99c-pkb7g,100m,15Mi,
h1-app-77f798d99c-zt7rx,101m,16Mi,
idx,78,LOG_TIME,2023-05-17T17:39:25,2023-05-17T12:39:25
NAME,CPU(cores),MEMORY(bytes),
h1-app-77f798d99c-8wkdc,101m,16Mi,
h1-app-77f798d99c-pkb7g,102m,15Mi,
h1-app-77f798d99c-zt7rx,100m,16Mi,
idx,79,LOG_TIME,2023-05-17T17:39:26,2023-05-17T12:39:26
NAME,CPU(cores),MEMORY(bytes),
h1-app-77f798d99c-8wkdc,101m,16Mi,
h1-app-77f798d99c-pkb7g,102m,15Mi,
h1-app-77f798d99c-zt7rx,100m,16Mi,
idx,80,LOG_TIME,2023-05-17T17:39:27,2023-05-17T12:39:27
NAME,CPU(cores),MEMORY(bytes),
h1-app-77f798d99c-8wkdc,101m,16Mi,
h1-app-77f798d99c-pkb7g,102m,15Mi,
h1-app-77f798d99c-zt7rx,100m,16Mi,
idx,81,LOG_TIME,2023-05-17T17:39:28,2023-05-17T12:39:28
NAME,CPU(cores),MEMORY(bytes),
h1-app-77f798d99c-8wkdc,101m,16Mi,
h1-app-77f798d99c-pkb7g,102m,15Mi,
h1-app-77f798d99c-zt7rx,100m,16Mi,
idx,82,LOG_TIME,2023-05-17T17:39:29,2023-05-17T12:39:29
NAME,CPU(cores),MEMORY(bytes),
h1-app-77f798d99c-8wkdc,101m,16Mi,
h1-app-77f798d99c-pkb7g,102m,15Mi,
h1-app-77f798d99c-zt7rx,100m,16Mi,
idx,83,LOG_TIME,2023-05-17T17:39:30,2023-05-17T12:39:30
NAME,CPU(cores),MEMORY(bytes),
h1-app-77f798d99c-8wkdc,101m,16Mi,
h1-app-77f798d99c-pkb7g,102m,15Mi,
h1-app-77f798d99c-zt7rx,100m,16Mi,
idx,84,LOG_TIME,2023-05-17T17:39:31,2023-05-17T12:39:31
NAME,CPU(cores),MEMORY(bytes),
h1-app-77f798d99c-8wkdc,101m,16Mi,
h1-app-77f798d99c-pkb7g,102m,15Mi,
h1-app-77f798d99c-zt7rx,100m,16Mi,
idx,85,LOG_TIME,2023-05-17T17:39:32,2023-05-17T12:39:32
NAME,CPU(cores),MEMORY(bytes),
h1-app-77f798d99c-8wkdc,101m,16Mi,
h1-app-77f798d99c-pkb7g,102m,15Mi,
h1-app-77f798d99c-zt7rx,100m,16Mi,
idx,86,LOG_TIME,2023-05-17T17:39:33,2023-05-17T12:39:33
NAME,CPU(cores),MEMORY(bytes),
h1-app-77f798d99c-8wkdc,101m,16Mi,
h1-app-77f798d99c-pkb7g,102m,15Mi,
h1-app-77f798d99c-zt7rx,100m,16Mi,
idx,87,LOG_TIME,2023-05-17T17:39:34,2023-05-17T12:39:34
NAME,CPU(cores),MEMORY(bytes),
h1-app-77f798d99c-8wkdc,101m,16Mi,
h1-app-77f798d99c-pkb7g,102m,15Mi,
h1-app-77f798d99c-zt7rx,101m,16Mi,
idx,88,LOG_TIME,2023-05-17T17:39:35,2023-05-17T12:39:35
NAME,CPU(cores),MEMORY(bytes),
h1-app-77f798d99c-8wkdc,101m,16Mi,
h1-app-77f798d99c-pkb7g,102m,15Mi,
h1-app-77f798d99c-zt7rx,101m,16Mi,
idx,89,LOG_TIME,2023-05-17T17:39:36,2023-05-17T12:39:36
NAME,CPU(cores),MEMORY(bytes),
h1-app-77f798d99c-8wkdc,101m,16Mi,
h1-app-77f798d99c-pkb7g,102m,15Mi,
h1-app-77f798d99c-zt7rx,101m,16Mi,
idx,90,LOG_TIME,2023-05-17T17:39:37,2023-05-17T12:39:37
NAME,CPU(cores),MEMORY(bytes),
h1-app-77f798d99c-8wkdc,101m,16Mi,
h1-app-77f798d99c-pkb7g,102m,15Mi,
h1-app-77f798d99c-zt7rx,101m,16Mi,
idx,91,LOG_TIME,2023-05-17T17:39:38,2023-05-17T12:39:38
NAME,CPU(cores),MEMORY(bytes),
h1-app-77f798d99c-8wkdc,101m,16Mi,
h1-app-77f798d99c-pkb7g,102m,15Mi,
h1-app-77f798d99c-zt7rx,101m,16Mi,
idx,92,LOG_TIME,2023-05-17T17:39:39,2023-05-17T12:39:39
NAME,CPU(cores),MEMORY(bytes),
h1-app-77f798d99c-8wkdc,101m,16Mi,
h1-app-77f798d99c-pkb7g,102m,15Mi,
h1-app-77f798d99c-zt7rx,101m,16Mi,
idx,93,LOG_TIME,2023-05-17T17:39:40,2023-05-17T12:39:40
NAME,CPU(cores),MEMORY(bytes),
h1-app-77f798d99c-8wkdc,101m,16Mi,
h1-app-77f798d99c-pkb7g,102m,15Mi,
h1-app-77f798d99c-zt7rx,101m,16Mi,
idx,94,LOG_TIME,2023-05-17T17:39:41,2023-05-17T12:39:41
NAME,CPU(cores),MEMORY(bytes),
h1-app-77f798d99c-8wkdc,101m,16Mi,
h1-app-77f798d99c-pkb7g,102m,15Mi,
h1-app-77f798d99c-zt7rx,101m,16Mi,
idx,95,LOG_TIME,2023-05-17T17:39:42,2023-05-17T12:39:42
NAME,CPU(cores),MEMORY(bytes),
h1-app-77f798d99c-8wkdc,101m,16Mi,
h1-app-77f798d99c-pkb7g,102m,15Mi,
h1-app-77f798d99c-zt7rx,101m,16Mi,
idx,96,LOG_TIME,2023-05-17T17:39:43,2023-05-17T12:39:43
NAME,CPU(cores),MEMORY(bytes),
h1-app-77f798d99c-8wkdc,101m,16Mi,
h1-app-77f798d99c-pkb7g,102m,15Mi,
h1-app-77f798d99c-zt7rx,101m,16Mi,
idx,97,LOG_TIME,2023-05-17T17:39:44,2023-05-17T12:39:44
NAME,CPU(cores),MEMORY(bytes),
h1-app-77f798d99c-8wkdc,101m,16Mi,
h1-app-77f798d99c-pkb7g,100m,15Mi,
h1-app-77f798d99c-qt46r,102m,16Mi,
h1-app-77f798d99c-wvzkd,101m,15Mi,
h1-app-77f798d99c-zt7rx,99m,16Mi,
idx,98,LOG_TIME,2023-05-17T17:39:45,2023-05-17T12:39:45
NAME,CPU(cores),MEMORY(bytes),
h1-app-77f798d99c-8wkdc,101m,16Mi,
h1-app-77f798d99c-pkb7g,100m,15Mi,
h1-app-77f798d99c-qt46r,102m,16Mi,
h1-app-77f798d99c-wvzkd,101m,15Mi,
h1-app-77f798d99c-zt7rx,99m,16Mi,
idx,99,LOG_TIME,2023-05-17T17:39:46,2023-05-17T12:39:46
NAME,CPU(cores),MEMORY(bytes),
h1-app-77f798d99c-8wkdc,101m,16Mi,
h1-app-77f798d99c-pkb7g,100m,15Mi,
h1-app-77f798d99c-qt46r,102m,16Mi,
h1-app-77f798d99c-wvzkd,101m,15Mi,
h1-app-77f798d99c-zt7rx,99m,16Mi,
idx,100,LOG_TIME,2023-05-17T17:39:47,2023-05-17T12:39:47
NAME,CPU(cores),MEMORY(bytes),
h1-app-77f798d99c-8wkdc,101m,16Mi,
h1-app-77f798d99c-pkb7g,100m,15Mi,
h1-app-77f798d99c-qt46r,102m,16Mi,
h1-app-77f798d99c-wvzkd,101m,15Mi,
h1-app-77f798d99c-zt7rx,99m,16Mi,
idx,101,LOG_TIME,2023-05-17T17:39:48,2023-05-17T12:39:48
NAME,CPU(cores),MEMORY(bytes),
h1-app-77f798d99c-8wkdc,101m,16Mi,
h1-app-77f798d99c-pkb7g,100m,15Mi,
h1-app-77f798d99c-qt46r,102m,16Mi,
h1-app-77f798d99c-wvzkd,101m,15Mi,
h1-app-77f798d99c-zt7rx,99m,16Mi,
idx,102,LOG_TIME,2023-05-17T17:39:49,2023-05-17T12:39:50
NAME,CPU(cores),MEMORY(bytes),
h1-app-77f798d99c-8wkdc,101m,16Mi,
h1-app-77f798d99c-pkb7g,100m,15Mi,
h1-app-77f798d99c-qt46r,102m,16Mi,
h1-app-77f798d99c-wvzkd,101m,15Mi,
h1-app-77f798d99c-zt7rx,99m,16Mi,
idx,103,LOG_TIME,2023-05-17T17:39:51,2023-05-17T12:39:51
NAME,CPU(cores),MEMORY(bytes),
h1-app-77f798d99c-8wkdc,101m,16Mi,
h1-app-77f798d99c-pkb7g,100m,15Mi,
h1-app-77f798d99c-qt46r,102m,16Mi,
h1-app-77f798d99c-wvzkd,101m,15Mi,
h1-app-77f798d99c-zt7rx,99m,16Mi,
idx,104,LOG_TIME,2023-05-17T17:39:52,2023-05-17T12:39:52
NAME,CPU(cores),MEMORY(bytes),
h1-app-77f798d99c-8wkdc,101m,16Mi,
h1-app-77f798d99c-pkb7g,100m,15Mi,
h1-app-77f798d99c-qt46r,102m,16Mi,
h1-app-77f798d99c-wvzkd,101m,15Mi,
h1-app-77f798d99c-zt7rx,99m,16Mi,
idx,105,LOG_TIME,2023-05-17T17:39:53,2023-05-17T12:39:53
NAME,CPU(cores),MEMORY(bytes),
h1-app-77f798d99c-8wkdc,101m,16Mi,
h1-app-77f798d99c-pkb7g,100m,15Mi,
h1-app-77f798d99c-qt46r,102m,16Mi,
h1-app-77f798d99c-wvzkd,101m,15Mi,
h1-app-77f798d99c-zt7rx,99m,16Mi,
idx,106,LOG_TIME,2023-05-17T17:39:54,2023-05-17T12:39:54
NAME,CPU(cores),MEMORY(bytes),
h1-app-77f798d99c-8wkdc,101m,16Mi,
h1-app-77f798d99c-pkb7g,100m,15Mi,
h1-app-77f798d99c-qt46r,102m,16Mi,
h1-app-77f798d99c-wvzkd,101m,15Mi,
h1-app-77f798d99c-zt7rx,99m,16Mi,
idx,107,LOG_TIME,2023-05-17T17:39:55,2023-05-17T12:39:55
NAME,CPU(cores),MEMORY(bytes),
h1-app-77f798d99c-8wkdc,101m,16Mi,
h1-app-77f798d99c-gk25c,101m,16Mi,
h1-app-77f798d99c-pkb7g,101m,15Mi,
h1-app-77f798d99c-qt46r,100m,16Mi,
h1-app-77f798d99c-wvzkd,101m,15Mi,
h1-app-77f798d99c-zt7rx,101m,16Mi,
idx,108,LOG_TIME,2023-05-17T17:39:56,2023-05-17T12:39:56
NAME,CPU(cores),MEMORY(bytes),
h1-app-77f798d99c-8wkdc,101m,16Mi,
h1-app-77f798d99c-gk25c,101m,16Mi,
h1-app-77f798d99c-pkb7g,101m,15Mi,
h1-app-77f798d99c-qt46r,100m,16Mi,
h1-app-77f798d99c-wvzkd,101m,15Mi,
h1-app-77f798d99c-zt7rx,101m,16Mi,
idx,109,LOG_TIME,2023-05-17T17:39:57,2023-05-17T12:39:57
NAME,CPU(cores),MEMORY(bytes),
h1-app-77f798d99c-8wkdc,101m,16Mi,
h1-app-77f798d99c-gk25c,101m,16Mi,
h1-app-77f798d99c-pkb7g,101m,15Mi,
h1-app-77f798d99c-qt46r,100m,16Mi,
h1-app-77f798d99c-wvzkd,101m,15Mi,
h1-app-77f798d99c-zt7rx,101m,16Mi,
idx,110,LOG_TIME,2023-05-17T17:39:58,2023-05-17T12:39:58
NAME,CPU(cores),MEMORY(bytes),
h1-app-77f798d99c-8wkdc,101m,16Mi,
h1-app-77f798d99c-gk25c,101m,16Mi,
h1-app-77f798d99c-pkb7g,101m,15Mi,
h1-app-77f798d99c-qt46r,100m,16Mi,
h1-app-77f798d99c-wvzkd,101m,15Mi,
h1-app-77f798d99c-zt7rx,101m,16Mi,
idx,111,LOG_TIME,2023-05-17T17:39:59,2023-05-17T12:39:59
NAME,CPU(cores),MEMORY(bytes),
h1-app-77f798d99c-8wkdc,101m,16Mi,
h1-app-77f798d99c-gk25c,101m,16Mi,
h1-app-77f798d99c-pkb7g,101m,15Mi,
h1-app-77f798d99c-qt46r,100m,16Mi,
h1-app-77f798d99c-wvzkd,101m,15Mi,
h1-app-77f798d99c-zt7rx,101m,16Mi,
idx,112,LOG_TIME,2023-05-17T17:40:00,2023-05-17T12:40:00
NAME,CPU(cores),MEMORY(bytes),
h1-app-77f798d99c-8wkdc,101m,16Mi,
h1-app-77f798d99c-gk25c,101m,16Mi,
h1-app-77f798d99c-pkb7g,101m,15Mi,
h1-app-77f798d99c-qt46r,100m,16Mi,
h1-app-77f798d99c-wvzkd,101m,15Mi,
h1-app-77f798d99c-zt7rx,101m,16Mi,
idx,113,LOG_TIME,2023-05-17T17:40:01,2023-05-17T12:40:01
NAME,CPU(cores),MEMORY(bytes),
h1-app-77f798d99c-8wkdc,101m,16Mi,
h1-app-77f798d99c-gk25c,101m,16Mi,
h1-app-77f798d99c-pkb7g,101m,15Mi,
h1-app-77f798d99c-qt46r,100m,16Mi,
h1-app-77f798d99c-wvzkd,101m,15Mi,
h1-app-77f798d99c-zt7rx,101m,16Mi,
idx,114,LOG_TIME,2023-05-17T17:40:02,2023-05-17T12:40:02
NAME,CPU(cores),MEMORY(bytes),
h1-app-77f798d99c-8wkdc,101m,16Mi,
h1-app-77f798d99c-gk25c,101m,16Mi,
h1-app-77f798d99c-pkb7g,101m,15Mi,
h1-app-77f798d99c-qt46r,100m,16Mi,
h1-app-77f798d99c-wvzkd,101m,15Mi,
h1-app-77f798d99c-zt7rx,101m,16Mi,
idx,115,LOG_TIME,2023-05-17T17:40:03,2023-05-17T12:40:03
NAME,CPU(cores),MEMORY(bytes),
h1-app-77f798d99c-8wkdc,101m,16Mi,
h1-app-77f798d99c-gk25c,101m,16Mi,
h1-app-77f798d99c-pkb7g,101m,15Mi,
h1-app-77f798d99c-qt46r,100m,16Mi,
h1-app-77f798d99c-wvzkd,101m,15Mi,
h1-app-77f798d99c-zt7rx,101m,16Mi,
idx,116,LOG_TIME,2023-05-17T17:40:04,2023-05-17T12:40:04
NAME,CPU(cores),MEMORY(bytes),
h1-app-77f798d99c-8wkdc,101m,16Mi,
h1-app-77f798d99c-gk25c,101m,16Mi,
h1-app-77f798d99c-pkb7g,101m,15Mi,
h1-app-77f798d99c-qt46r,100m,16Mi,
h1-app-77f798d99c-wvzkd,101m,15Mi,
h1-app-77f798d99c-zt7rx,101m,16Mi,
idx,117,LOG_TIME,2023-05-17T17:40:05,2023-05-17T12:40:05
NAME,CPU(cores),MEMORY(bytes),
h1-app-77f798d99c-8wkdc,100m,16Mi,
h1-app-77f798d99c-gk25c,100m,16Mi,
h1-app-77f798d99c-jvjgw,101m,15Mi,
h1-app-77f798d99c-pkb7g,99m,2Mi,
h1-app-77f798d99c-qt46r,100m,16Mi,
h1-app-77f798d99c-wvzkd,101m,15Mi,
h1-app-77f798d99c-zt7rx,100m,16Mi,
idx,118,LOG_TIME,2023-05-17T17:40:06,2023-05-17T12:40:06
NAME,CPU(cores),MEMORY(bytes),
h1-app-77f798d99c-8wkdc,100m,16Mi,
h1-app-77f798d99c-gk25c,100m,16Mi,
h1-app-77f798d99c-jvjgw,101m,15Mi,
h1-app-77f798d99c-pkb7g,99m,2Mi,
h1-app-77f798d99c-qt46r,100m,16Mi,
h1-app-77f798d99c-wvzkd,101m,15Mi,
h1-app-77f798d99c-zt7rx,100m,16Mi,
idx,119,LOG_TIME,2023-05-17T17:40:07,2023-05-17T12:40:07
NAME,CPU(cores),MEMORY(bytes),
h1-app-77f798d99c-8wkdc,100m,16Mi,
h1-app-77f798d99c-gk25c,100m,16Mi,
h1-app-77f798d99c-jvjgw,101m,15Mi,
h1-app-77f798d99c-pkb7g,99m,2Mi,
h1-app-77f798d99c-qt46r,100m,16Mi,
h1-app-77f798d99c-wvzkd,101m,15Mi,
h1-app-77f798d99c-zt7rx,100m,16Mi,
idx,120,LOG_TIME,2023-05-17T17:40:08,2023-05-17T12:40:08
NAME,CPU(cores),MEMORY(bytes),
h1-app-77f798d99c-8wkdc,100m,16Mi,
h1-app-77f798d99c-gk25c,100m,16Mi,
h1-app-77f798d99c-jvjgw,101m,15Mi,
h1-app-77f798d99c-pkb7g,99m,2Mi,
h1-app-77f798d99c-qt46r,100m,16Mi,
h1-app-77f798d99c-wvzkd,101m,15Mi,
h1-app-77f798d99c-zt7rx,100m,16Mi,
idx,121,LOG_TIME,2023-05-17T17:40:09,2023-05-17T12:40:09
NAME,CPU(cores),MEMORY(bytes),
h1-app-77f798d99c-8wkdc,100m,16Mi,
h1-app-77f798d99c-gk25c,100m,16Mi,
h1-app-77f798d99c-jvjgw,101m,15Mi,
h1-app-77f798d99c-pkb7g,99m,2Mi,
h1-app-77f798d99c-qt46r,100m,16Mi,
h1-app-77f798d99c-wvzkd,101m,15Mi,
h1-app-77f798d99c-zt7rx,100m,16Mi,
idx,122,LOG_TIME,2023-05-17T17:40:10,2023-05-17T12:40:10
NAME,CPU(cores),MEMORY(bytes),
h1-app-77f798d99c-8wkdc,100m,16Mi,
h1-app-77f798d99c-gk25c,100m,16Mi,
h1-app-77f798d99c-jvjgw,101m,15Mi,
h1-app-77f798d99c-pkb7g,99m,2Mi,
h1-app-77f798d99c-qt46r,100m,16Mi,
h1-app-77f798d99c-wvzkd,101m,15Mi,
h1-app-77f798d99c-zt7rx,100m,16Mi,
idx,123,LOG_TIME,2023-05-17T17:40:11,2023-05-17T12:40:11
NAME,CPU(cores),MEMORY(bytes),
h1-app-77f798d99c-8wkdc,100m,16Mi,
h1-app-77f798d99c-gk25c,100m,16Mi,
h1-app-77f798d99c-jvjgw,101m,15Mi,
h1-app-77f798d99c-pkb7g,99m,2Mi,
h1-app-77f798d99c-qt46r,100m,16Mi,
h1-app-77f798d99c-wvzkd,101m,15Mi,
h1-app-77f798d99c-zt7rx,100m,16Mi,
idx,124,LOG_TIME,2023-05-17T17:40:12,2023-05-17T12:40:12
NAME,CPU(cores),MEMORY(bytes),
h1-app-77f798d99c-8wkdc,100m,16Mi,
h1-app-77f798d99c-gk25c,100m,16Mi,
h1-app-77f798d99c-jvjgw,101m,15Mi,
h1-app-77f798d99c-pkb7g,99m,2Mi,
h1-app-77f798d99c-qt46r,100m,16Mi,
h1-app-77f798d99c-wvzkd,101m,15Mi,
h1-app-77f798d99c-zt7rx,100m,16Mi,
idx,125,LOG_TIME,2023-05-17T17:40:13,2023-05-17T12:40:13
NAME,CPU(cores),MEMORY(bytes),
h1-app-77f798d99c-8wkdc,100m,16Mi,
h1-app-77f798d99c-gk25c,100m,16Mi,
h1-app-77f798d99c-jvjgw,101m,15Mi,
h1-app-77f798d99c-pkb7g,99m,2Mi,
h1-app-77f798d99c-qt46r,100m,16Mi,
h1-app-77f798d99c-wvzkd,101m,15Mi,
h1-app-77f798d99c-zt7rx,100m,16Mi,
idx,126,LOG_TIME,2023-05-17T17:40:14,2023-05-17T12:40:14
NAME,CPU(cores),MEMORY(bytes),
h1-app-77f798d99c-8wkdc,100m,16Mi,
h1-app-77f798d99c-gk25c,100m,16Mi,
h1-app-77f798d99c-jvjgw,101m,15Mi,
h1-app-77f798d99c-pkb7g,99m,2Mi,
h1-app-77f798d99c-qt46r,100m,16Mi,
h1-app-77f798d99c-wvzkd,101m,15Mi,
h1-app-77f798d99c-zt7rx,100m,16Mi,
idx,127,LOG_TIME,2023-05-17T17:40:15,2023-05-17T12:40:15
NAME,CPU(cores),MEMORY(bytes),
h1-app-77f798d99c-6k4xv,101m,16Mi,
h1-app-77f798d99c-8wkdc,100m,16Mi,
h1-app-77f798d99c-gk25c,100m,16Mi,
h1-app-77f798d99c-jvjgw,101m,15Mi,
h1-app-77f798d99c-pkb7g,100m,15Mi,
h1-app-77f798d99c-qt46r,101m,16Mi,
h1-app-77f798d99c-wvzkd,100m,15Mi,
h1-app-77f798d99c-zt7rx,100m,16Mi,
idx,128,LOG_TIME,2023-05-17T17:40:16,2023-05-17T12:40:16
NAME,CPU(cores),MEMORY(bytes),
h1-app-77f798d99c-6k4xv,101m,16Mi,
h1-app-77f798d99c-8wkdc,100m,16Mi,
h1-app-77f798d99c-gk25c,100m,16Mi,
h1-app-77f798d99c-jvjgw,101m,15Mi,
h1-app-77f798d99c-pkb7g,100m,15Mi,
h1-app-77f798d99c-qt46r,101m,16Mi,
h1-app-77f798d99c-wvzkd,100m,15Mi,
h1-app-77f798d99c-zt7rx,100m,16Mi,
idx,129,LOG_TIME,2023-05-17T17:40:17,2023-05-17T12:40:17
NAME,CPU(cores),MEMORY(bytes),
h1-app-77f798d99c-6k4xv,101m,16Mi,
h1-app-77f798d99c-8wkdc,100m,16Mi,
h1-app-77f798d99c-gk25c,100m,16Mi,
h1-app-77f798d99c-jvjgw,101m,15Mi,
h1-app-77f798d99c-pkb7g,100m,15Mi,
h1-app-77f798d99c-qt46r,101m,16Mi,
h1-app-77f798d99c-wvzkd,100m,15Mi,
h1-app-77f798d99c-zt7rx,100m,16Mi,
idx,130,LOG_TIME,2023-05-17T17:40:18,2023-05-17T12:40:18
NAME,CPU(cores),MEMORY(bytes),
h1-app-77f798d99c-6k4xv,101m,16Mi,
h1-app-77f798d99c-8wkdc,100m,16Mi,
h1-app-77f798d99c-gk25c,100m,16Mi,
h1-app-77f798d99c-jvjgw,101m,15Mi,
h1-app-77f798d99c-pkb7g,100m,15Mi,
h1-app-77f798d99c-qt46r,101m,16Mi,
h1-app-77f798d99c-wvzkd,100m,15Mi,
h1-app-77f798d99c-zt7rx,100m,16Mi,
idx,131,LOG_TIME,2023-05-17T17:40:19,2023-05-17T12:40:19
NAME,CPU(cores),MEMORY(bytes),
h1-app-77f798d99c-6k4xv,101m,16Mi,
h1-app-77f798d99c-8wkdc,100m,16Mi,
h1-app-77f798d99c-gk25c,100m,16Mi,
h1-app-77f798d99c-jvjgw,101m,15Mi,
h1-app-77f798d99c-pkb7g,100m,15Mi,
h1-app-77f798d99c-qt46r,101m,16Mi,
h1-app-77f798d99c-wvzkd,100m,15Mi,
h1-app-77f798d99c-zt7rx,100m,16Mi,
idx,132,LOG_TIME,2023-05-17T17:40:20,2023-05-17T12:40:20
NAME,CPU(cores),MEMORY(bytes),
h1-app-77f798d99c-6k4xv,101m,16Mi,
h1-app-77f798d99c-8wkdc,100m,16Mi,
h1-app-77f798d99c-gk25c,100m,16Mi,
h1-app-77f798d99c-jvjgw,101m,15Mi,
h1-app-77f798d99c-pkb7g,100m,15Mi,
h1-app-77f798d99c-qt46r,101m,16Mi,
h1-app-77f798d99c-wvzkd,100m,15Mi,
h1-app-77f798d99c-zt7rx,100m,16Mi,
idx,133,LOG_TIME,2023-05-17T17:40:21,2023-05-17T12:40:21
NAME,CPU(cores),MEMORY(bytes),
h1-app-77f798d99c-6k4xv,101m,16Mi,
h1-app-77f798d99c-8wkdc,100m,16Mi,
h1-app-77f798d99c-gk25c,100m,16Mi,
h1-app-77f798d99c-jvjgw,101m,15Mi,
h1-app-77f798d99c-pkb7g,100m,15Mi,
h1-app-77f798d99c-qt46r,101m,16Mi,
h1-app-77f798d99c-wvzkd,100m,15Mi,
h1-app-77f798d99c-zt7rx,100m,16Mi,
idx,134,LOG_TIME,2023-05-17T17:40:22,2023-05-17T12:40:22
NAME,CPU(cores),MEMORY(bytes),
h1-app-77f798d99c-6k4xv,101m,16Mi,
h1-app-77f798d99c-8wkdc,100m,16Mi,
h1-app-77f798d99c-gk25c,100m,16Mi,
h1-app-77f798d99c-jvjgw,101m,15Mi,
h1-app-77f798d99c-pkb7g,100m,15Mi,
h1-app-77f798d99c-qt46r,101m,16Mi,
h1-app-77f798d99c-wvzkd,100m,15Mi,
h1-app-77f798d99c-zt7rx,100m,16Mi,
idx,135,LOG_TIME,2023-05-17T17:40:23,2023-05-17T12:40:23
NAME,CPU(cores),MEMORY(bytes),
h1-app-77f798d99c-6k4xv,101m,16Mi,
h1-app-77f798d99c-8wkdc,100m,16Mi,
h1-app-77f798d99c-gk25c,100m,16Mi,
h1-app-77f798d99c-jvjgw,101m,15Mi,
h1-app-77f798d99c-pkb7g,100m,15Mi,
h1-app-77f798d99c-qt46r,101m,16Mi,
h1-app-77f798d99c-wvzkd,100m,15Mi,
h1-app-77f798d99c-zt7rx,100m,16Mi,
idx,136,LOG_TIME,2023-05-17T17:40:24,2023-05-17T12:40:24
NAME,CPU(cores),MEMORY(bytes),
h1-app-77f798d99c-6k4xv,101m,16Mi,
h1-app-77f798d99c-8wkdc,100m,16Mi,
h1-app-77f798d99c-gk25c,100m,16Mi,
h1-app-77f798d99c-jvjgw,101m,15Mi,
h1-app-77f798d99c-pkb7g,100m,15Mi,
h1-app-77f798d99c-qt46r,101m,16Mi,
h1-app-77f798d99c-wvzkd,100m,15Mi,
h1-app-77f798d99c-zt7rx,100m,16Mi,
idx,137,LOG_TIME,2023-05-17T17:40:25,2023-05-17T12:40:25
NAME,CPU(cores),MEMORY(bytes),
h1-app-77f798d99c-68pmv,101m,15Mi,
h1-app-77f798d99c-6k4xv,101m,16Mi,
h1-app-77f798d99c-8wkdc,101m,16Mi,
h1-app-77f798d99c-dcc47,101m,15Mi,
h1-app-77f798d99c-gk25c,100m,16Mi,
h1-app-77f798d99c-jvjgw,100m,15Mi,
h1-app-77f798d99c-pkb7g,15m,2Mi,
h1-app-77f798d99c-qt46r,101m,16Mi,
h1-app-77f798d99c-wvzkd,101m,15Mi,
h1-app-77f798d99c-zt7rx,100m,16Mi,
idx,138,LOG_TIME,2023-05-17T17:40:26,2023-05-17T12:40:26
NAME,CPU(cores),MEMORY(bytes),
h1-app-77f798d99c-68pmv,101m,15Mi,
h1-app-77f798d99c-6k4xv,101m,16Mi,
h1-app-77f798d99c-8wkdc,101m,16Mi,
h1-app-77f798d99c-dcc47,101m,15Mi,
h1-app-77f798d99c-gk25c,100m,16Mi,
h1-app-77f798d99c-jvjgw,100m,15Mi,
h1-app-77f798d99c-pkb7g,15m,2Mi,
h1-app-77f798d99c-qt46r,101m,16Mi,
h1-app-77f798d99c-wvzkd,101m,15Mi,
h1-app-77f798d99c-zt7rx,100m,16Mi,
idx,139,LOG_TIME,2023-05-17T17:40:27,2023-05-17T12:40:27
NAME,CPU(cores),MEMORY(bytes),
h1-app-77f798d99c-68pmv,101m,15Mi,
h1-app-77f798d99c-6k4xv,101m,16Mi,
h1-app-77f798d99c-8wkdc,101m,16Mi,
h1-app-77f798d99c-dcc47,101m,15Mi,
h1-app-77f798d99c-gk25c,100m,16Mi,
h1-app-77f798d99c-jvjgw,100m,15Mi,
h1-app-77f798d99c-pkb7g,15m,2Mi,
h1-app-77f798d99c-qt46r,101m,16Mi,
h1-app-77f798d99c-wvzkd,101m,15Mi,
h1-app-77f798d99c-zt7rx,100m,16Mi,
