idx,0,LOG_TIME,2024-01-13T22:49:38,2024-01-13T16:49:38
idx,1,LOG_TIME,2024-01-13T22:49:39,2024-01-13T16:49:39
idx,2,LOG_TIME,2024-01-13T22:49:40,2024-01-13T16:49:40
idx,3,LOG_TIME,2024-01-13T22:49:41,2024-01-13T16:49:41
idx,4,LOG_TIME,2024-01-13T22:49:42,2024-01-13T16:49:42
idx,5,LOG_TIME,2024-01-13T22:49:43,2024-01-13T16:49:43
idx,6,LOG_TIME,2024-01-13T22:49:44,2024-01-13T16:49:44
idx,7,LOG_TIME,2024-01-13T22:49:45,2024-01-13T16:49:45
NAME,CPU(cores),MEMORY(bytes),
h1-app-bb599cf94-d7g6p,101m,15Mi,
idx,8,LOG_TIME,2024-01-13T22:49:46,2024-01-13T16:49:46
NAME,CPU(cores),MEMORY(bytes),
h1-app-bb599cf94-d7g6p,101m,15Mi,
idx,9,LOG_TIME,2024-01-13T22:49:47,2024-01-13T16:49:47
NAME,CPU(cores),MEMORY(bytes),
h1-app-bb599cf94-d7g6p,101m,15Mi,
idx,10,LOG_TIME,2024-01-13T22:49:48,2024-01-13T16:49:48
NAME,CPU(cores),MEMORY(bytes),
h1-app-bb599cf94-d7g6p,101m,15Mi,
idx,11,LOG_TIME,2024-01-13T22:49:49,2024-01-13T16:49:49
NAME,CPU(cores),MEMORY(bytes),
h1-app-bb599cf94-d7g6p,101m,15Mi,
idx,12,LOG_TIME,2024-01-13T22:49:50,2024-01-13T16:49:50
NAME,CPU(cores),MEMORY(bytes),
h1-app-bb599cf94-d7g6p,101m,15Mi,
idx,13,LOG_TIME,2024-01-13T22:49:51,2024-01-13T16:49:51
NAME,CPU(cores),MEMORY(bytes),
h1-app-bb599cf94-d7g6p,101m,15Mi,
idx,14,LOG_TIME,2024-01-13T22:49:52,2024-01-13T16:49:52
NAME,CPU(cores),MEMORY(bytes),
h1-app-bb599cf94-d7g6p,101m,15Mi,
idx,15,LOG_TIME,2024-01-13T22:49:53,2024-01-13T16:49:53
NAME,CPU(cores),MEMORY(bytes),
h1-app-bb599cf94-d7g6p,101m,15Mi,
idx,16,LOG_TIME,2024-01-13T22:49:54,2024-01-13T16:49:54
NAME,CPU(cores),MEMORY(bytes),
h1-app-bb599cf94-d7g6p,101m,15Mi,
idx,17,LOG_TIME,2024-01-13T22:49:55,2024-01-13T16:49:55
NAME,CPU(cores),MEMORY(bytes),
h1-app-bb599cf94-d7g6p,101m,15Mi,
idx,18,LOG_TIME,2024-01-13T22:49:56,2024-01-13T16:49:56
NAME,CPU(cores),MEMORY(bytes),
h1-app-bb599cf94-d7g6p,101m,15Mi,
idx,19,LOG_TIME,2024-01-13T22:49:57,2024-01-13T16:49:57
NAME,CPU(cores),MEMORY(bytes),
h1-app-bb599cf94-d7g6p,101m,15Mi,
idx,20,LOG_TIME,2024-01-13T22:49:58,2024-01-13T16:49:58
NAME,CPU(cores),MEMORY(bytes),
h1-app-bb599cf94-d7g6p,101m,15Mi,
idx,21,LOG_TIME,2024-01-13T22:49:59,2024-01-13T16:50:00
NAME,CPU(cores),MEMORY(bytes),
h1-app-bb599cf94-d7g6p,101m,15Mi,
idx,22,LOG_TIME,2024-01-13T22:50:01,2024-01-13T16:50:01
NAME,CPU(cores),MEMORY(bytes),
h1-app-bb599cf94-d7g6p,101m,15Mi,
idx,23,LOG_TIME,2024-01-13T22:50:02,2024-01-13T16:50:02
NAME,CPU(cores),MEMORY(bytes),
h1-app-bb599cf94-d7g6p,101m,15Mi,
idx,24,LOG_TIME,2024-01-13T22:50:03,2024-01-13T16:50:03
NAME,CPU(cores),MEMORY(bytes),
h1-app-bb599cf94-d7g6p,101m,15Mi,
idx,25,LOG_TIME,2024-01-13T22:50:04,2024-01-13T16:50:04
NAME,CPU(cores),MEMORY(bytes),
h1-app-bb599cf94-d7g6p,101m,15Mi,
idx,26,LOG_TIME,2024-01-13T22:50:05,2024-01-13T16:50:05
NAME,CPU(cores),MEMORY(bytes),
h1-app-bb599cf94-d7g6p,101m,15Mi,
idx,27,LOG_TIME,2024-01-13T22:50:06,2024-01-13T16:50:06
NAME,CPU(cores),MEMORY(bytes),
h1-app-bb599cf94-d7g6p,101m,15Mi,
idx,28,LOG_TIME,2024-01-13T22:50:07,2024-01-13T16:50:07
NAME,CPU(cores),MEMORY(bytes),
h1-app-bb599cf94-d7g6p,101m,15Mi,
idx,29,LOG_TIME,2024-01-13T22:50:08,2024-01-13T16:50:08
NAME,CPU(cores),MEMORY(bytes),
h1-app-bb599cf94-d7g6p,101m,15Mi,
idx,30,LOG_TIME,2024-01-13T22:50:09,2024-01-13T16:50:09
NAME,CPU(cores),MEMORY(bytes),
h1-app-bb599cf94-d7g6p,101m,15Mi,
idx,31,LOG_TIME,2024-01-13T22:50:10,2024-01-13T16:50:10
NAME,CPU(cores),MEMORY(bytes),
h1-app-bb599cf94-d7g6p,101m,15Mi,
idx,32,LOG_TIME,2024-01-13T22:50:11,2024-01-13T16:50:11
NAME,CPU(cores),MEMORY(bytes),
h1-app-bb599cf94-d7g6p,101m,15Mi,
idx,33,LOG_TIME,2024-01-13T22:50:12,2024-01-13T16:50:12
NAME,CPU(cores),MEMORY(bytes),
h1-app-bb599cf94-d7g6p,101m,15Mi,
idx,34,LOG_TIME,2024-01-13T22:50:13,2024-01-13T16:50:13
NAME,CPU(cores),MEMORY(bytes),
h1-app-bb599cf94-d7g6p,101m,15Mi,
idx,35,LOG_TIME,2024-01-13T22:50:14,2024-01-13T16:50:14
NAME,CPU(cores),MEMORY(bytes),
h1-app-bb599cf94-d7g6p,101m,15Mi,
idx,36,LOG_TIME,2024-01-13T22:50:15,2024-01-13T16:50:15
NAME,CPU(cores),MEMORY(bytes),
h1-app-bb599cf94-d7g6p,100m,15Mi,
idx,37,LOG_TIME,2024-01-13T22:50:16,2024-01-13T16:50:16
NAME,CPU(cores),MEMORY(bytes),
h1-app-bb599cf94-d7g6p,100m,15Mi,
idx,38,LOG_TIME,2024-01-13T22:50:17,2024-01-13T16:50:17
NAME,CPU(cores),MEMORY(bytes),
h1-app-bb599cf94-d7g6p,100m,15Mi,
idx,39,LOG_TIME,2024-01-13T22:50:18,2024-01-13T16:50:18
NAME,CPU(cores),MEMORY(bytes),
h1-app-bb599cf94-d7g6p,100m,15Mi,
idx,40,LOG_TIME,2024-01-13T22:50:19,2024-01-13T16:50:19
NAME,CPU(cores),MEMORY(bytes),
h1-app-bb599cf94-d7g6p,100m,15Mi,
idx,41,LOG_TIME,2024-01-13T22:50:20,2024-01-13T16:50:20
NAME,CPU(cores),MEMORY(bytes),
h1-app-bb599cf94-d7g6p,100m,15Mi,
idx,42,LOG_TIME,2024-01-13T22:50:21,2024-01-13T16:50:21
NAME,CPU(cores),MEMORY(bytes),
h1-app-bb599cf94-d7g6p,100m,15Mi,
idx,43,LOG_TIME,2024-01-13T22:50:22,2024-01-13T16:50:22
NAME,CPU(cores),MEMORY(bytes),
h1-app-bb599cf94-d7g6p,100m,15Mi,
idx,44,LOG_TIME,2024-01-13T22:50:23,2024-01-13T16:50:23
NAME,CPU(cores),MEMORY(bytes),
h1-app-bb599cf94-d7g6p,100m,15Mi,
idx,45,LOG_TIME,2024-01-13T22:50:24,2024-01-13T16:50:24
NAME,CPU(cores),MEMORY(bytes),
h1-app-bb599cf94-d7g6p,100m,15Mi,
idx,46,LOG_TIME,2024-01-13T22:50:25,2024-01-13T16:50:25
NAME,CPU(cores),MEMORY(bytes),
h1-app-bb599cf94-4wflv,101m,15Mi,
h1-app-bb599cf94-ckqcs,101m,15Mi,
h1-app-bb599cf94-d7g6p,100m,15Mi,
idx,47,LOG_TIME,2024-01-13T22:50:26,2024-01-13T16:50:26
NAME,CPU(cores),MEMORY(bytes),
h1-app-bb599cf94-4wflv,101m,15Mi,
h1-app-bb599cf94-ckqcs,101m,15Mi,
h1-app-bb599cf94-d7g6p,100m,15Mi,
idx,48,LOG_TIME,2024-01-13T22:50:27,2024-01-13T16:50:27
NAME,CPU(cores),MEMORY(bytes),
h1-app-bb599cf94-4wflv,101m,15Mi,
h1-app-bb599cf94-ckqcs,101m,15Mi,
h1-app-bb599cf94-d7g6p,100m,15Mi,
idx,49,LOG_TIME,2024-01-13T22:50:28,2024-01-13T16:50:28
NAME,CPU(cores),MEMORY(bytes),
h1-app-bb599cf94-4wflv,101m,15Mi,
h1-app-bb599cf94-ckqcs,101m,15Mi,
h1-app-bb599cf94-d7g6p,100m,15Mi,
idx,50,LOG_TIME,2024-01-13T22:50:29,2024-01-13T16:50:29
NAME,CPU(cores),MEMORY(bytes),
h1-app-bb599cf94-4wflv,101m,15Mi,
h1-app-bb599cf94-ckqcs,101m,15Mi,
h1-app-bb599cf94-d7g6p,100m,15Mi,
idx,51,LOG_TIME,2024-01-13T22:50:30,2024-01-13T16:50:30
NAME,CPU(cores),MEMORY(bytes),
h1-app-bb599cf94-4wflv,101m,15Mi,
h1-app-bb599cf94-ckqcs,101m,15Mi,
h1-app-bb599cf94-d7g6p,100m,15Mi,
idx,52,LOG_TIME,2024-01-13T22:50:31,2024-01-13T16:50:31
NAME,CPU(cores),MEMORY(bytes),
h1-app-bb599cf94-4wflv,101m,15Mi,
h1-app-bb599cf94-ckqcs,101m,15Mi,
h1-app-bb599cf94-d7g6p,100m,15Mi,
idx,53,LOG_TIME,2024-01-13T22:50:32,2024-01-13T16:50:32
NAME,CPU(cores),MEMORY(bytes),
h1-app-bb599cf94-4wflv,101m,15Mi,
h1-app-bb599cf94-ckqcs,101m,15Mi,
h1-app-bb599cf94-d7g6p,100m,15Mi,
idx,54,LOG_TIME,2024-01-13T22:50:33,2024-01-13T16:50:33
NAME,CPU(cores),MEMORY(bytes),
h1-app-bb599cf94-4wflv,101m,15Mi,
h1-app-bb599cf94-ckqcs,101m,15Mi,
h1-app-bb599cf94-d7g6p,100m,15Mi,
idx,55,LOG_TIME,2024-01-13T22:50:34,2024-01-13T16:50:34
NAME,CPU(cores),MEMORY(bytes),
h1-app-bb599cf94-4wflv,101m,15Mi,
h1-app-bb599cf94-ckqcs,101m,15Mi,
h1-app-bb599cf94-d7g6p,100m,15Mi,
idx,56,LOG_TIME,2024-01-13T22:50:35,2024-01-13T16:50:35
NAME,CPU(cores),MEMORY(bytes),
h1-app-bb599cf94-4wflv,100m,15Mi,
h1-app-bb599cf94-ckqcs,101m,15Mi,
h1-app-bb599cf94-d7g6p,101m,15Mi,
idx,57,LOG_TIME,2024-01-13T22:50:36,2024-01-13T16:50:36
NAME,CPU(cores),MEMORY(bytes),
h1-app-bb599cf94-4wflv,100m,15Mi,
h1-app-bb599cf94-ckqcs,101m,15Mi,
h1-app-bb599cf94-d7g6p,101m,15Mi,
idx,58,LOG_TIME,2024-01-13T22:50:37,2024-01-13T16:50:37
NAME,CPU(cores),MEMORY(bytes),
h1-app-bb599cf94-4wflv,100m,15Mi,
h1-app-bb599cf94-ckqcs,101m,15Mi,
h1-app-bb599cf94-d7g6p,101m,15Mi,
idx,59,LOG_TIME,2024-01-13T22:50:38,2024-01-13T16:50:38
NAME,CPU(cores),MEMORY(bytes),
h1-app-bb599cf94-4wflv,100m,15Mi,
h1-app-bb599cf94-ckqcs,101m,15Mi,
h1-app-bb599cf94-d7g6p,101m,15Mi,
idx,60,LOG_TIME,2024-01-13T22:50:39,2024-01-13T16:50:39
NAME,CPU(cores),MEMORY(bytes),
h1-app-bb599cf94-4wflv,100m,15Mi,
h1-app-bb599cf94-ckqcs,101m,15Mi,
h1-app-bb599cf94-d7g6p,101m,15Mi,
idx,61,LOG_TIME,2024-01-13T22:50:40,2024-01-13T16:50:40
NAME,CPU(cores),MEMORY(bytes),
h1-app-bb599cf94-4wflv,100m,15Mi,
h1-app-bb599cf94-ckqcs,101m,15Mi,
h1-app-bb599cf94-d7g6p,101m,15Mi,
idx,62,LOG_TIME,2024-01-13T22:50:41,2024-01-13T16:50:41
NAME,CPU(cores),MEMORY(bytes),
h1-app-bb599cf94-4wflv,100m,15Mi,
h1-app-bb599cf94-ckqcs,101m,15Mi,
h1-app-bb599cf94-d7g6p,101m,15Mi,
idx,63,LOG_TIME,2024-01-13T22:50:42,2024-01-13T16:50:42
NAME,CPU(cores),MEMORY(bytes),
h1-app-bb599cf94-4wflv,100m,15Mi,
h1-app-bb599cf94-ckqcs,101m,15Mi,
h1-app-bb599cf94-d7g6p,101m,15Mi,
idx,64,LOG_TIME,2024-01-13T22:50:43,2024-01-13T16:50:43
NAME,CPU(cores),MEMORY(bytes),
h1-app-bb599cf94-4wflv,100m,15Mi,
h1-app-bb599cf94-ckqcs,101m,15Mi,
h1-app-bb599cf94-d7g6p,101m,15Mi,
idx,65,LOG_TIME,2024-01-13T22:50:44,2024-01-13T16:50:44
NAME,CPU(cores),MEMORY(bytes),
h1-app-bb599cf94-4wflv,98m,15Mi,
h1-app-bb599cf94-ckqcs,100m,15Mi,
h1-app-bb599cf94-d7g6p,101m,15Mi,
idx,66,LOG_TIME,2024-01-13T22:50:45,2024-01-13T16:50:45
NAME,CPU(cores),MEMORY(bytes),
h1-app-bb599cf94-4wflv,98m,15Mi,
h1-app-bb599cf94-ckqcs,100m,15Mi,
h1-app-bb599cf94-d7g6p,101m,15Mi,
idx,67,LOG_TIME,2024-01-13T22:50:47,2024-01-13T16:50:47
NAME,CPU(cores),MEMORY(bytes),
h1-app-bb599cf94-4wflv,98m,15Mi,
h1-app-bb599cf94-ckqcs,100m,15Mi,
h1-app-bb599cf94-d7g6p,101m,15Mi,
idx,68,LOG_TIME,2024-01-13T22:50:48,2024-01-13T16:50:48
NAME,CPU(cores),MEMORY(bytes),
h1-app-bb599cf94-4wflv,98m,15Mi,
h1-app-bb599cf94-ckqcs,100m,15Mi,
h1-app-bb599cf94-d7g6p,101m,15Mi,
idx,69,LOG_TIME,2024-01-13T22:50:49,2024-01-13T16:50:49
NAME,CPU(cores),MEMORY(bytes),
h1-app-bb599cf94-4wflv,98m,15Mi,
h1-app-bb599cf94-ckqcs,100m,15Mi,
h1-app-bb599cf94-d7g6p,101m,15Mi,
idx,70,LOG_TIME,2024-01-13T22:50:50,2024-01-13T16:50:50
NAME,CPU(cores),MEMORY(bytes),
h1-app-bb599cf94-4wflv,98m,15Mi,
h1-app-bb599cf94-ckqcs,100m,15Mi,
h1-app-bb599cf94-d7g6p,101m,15Mi,
idx,71,LOG_TIME,2024-01-13T22:50:51,2024-01-13T16:50:51
NAME,CPU(cores),MEMORY(bytes),
h1-app-bb599cf94-4wflv,98m,15Mi,
h1-app-bb599cf94-ckqcs,100m,15Mi,
h1-app-bb599cf94-d7g6p,101m,15Mi,
idx,72,LOG_TIME,2024-01-13T22:50:52,2024-01-13T16:50:52
NAME,CPU(cores),MEMORY(bytes),
h1-app-bb599cf94-4wflv,98m,15Mi,
h1-app-bb599cf94-ckqcs,100m,15Mi,
h1-app-bb599cf94-d7g6p,101m,15Mi,
idx,73,LOG_TIME,2024-01-13T22:50:53,2024-01-13T16:50:53
NAME,CPU(cores),MEMORY(bytes),
h1-app-bb599cf94-4wflv,98m,15Mi,
h1-app-bb599cf94-ckqcs,100m,15Mi,
h1-app-bb599cf94-d7g6p,101m,15Mi,
idx,74,LOG_TIME,2024-01-13T22:50:54,2024-01-13T16:50:54
NAME,CPU(cores),MEMORY(bytes),
h1-app-bb599cf94-4wflv,98m,15Mi,
h1-app-bb599cf94-ckqcs,100m,15Mi,
h1-app-bb599cf94-d7g6p,101m,15Mi,
idx,75,LOG_TIME,2024-01-13T22:50:55,2024-01-13T16:50:55
NAME,CPU(cores),MEMORY(bytes),
h1-app-bb599cf94-4wflv,100m,15Mi,
h1-app-bb599cf94-ckqcs,100m,15Mi,
h1-app-bb599cf94-d7g6p,100m,15Mi,
idx,76,LOG_TIME,2024-01-13T22:50:56,2024-01-13T16:50:56
NAME,CPU(cores),MEMORY(bytes),
h1-app-bb599cf94-4wflv,100m,15Mi,
h1-app-bb599cf94-ckqcs,100m,15Mi,
h1-app-bb599cf94-d7g6p,100m,15Mi,
idx,77,LOG_TIME,2024-01-13T22:50:57,2024-01-13T16:50:57
NAME,CPU(cores),MEMORY(bytes),
h1-app-bb599cf94-4wflv,100m,15Mi,
h1-app-bb599cf94-ckqcs,100m,15Mi,
h1-app-bb599cf94-d7g6p,100m,15Mi,
idx,78,LOG_TIME,2024-01-13T22:50:58,2024-01-13T16:50:58
NAME,CPU(cores),MEMORY(bytes),
h1-app-bb599cf94-4wflv,100m,15Mi,
h1-app-bb599cf94-ckqcs,100m,15Mi,
h1-app-bb599cf94-d7g6p,100m,15Mi,
idx,79,LOG_TIME,2024-01-13T22:50:59,2024-01-13T16:50:59
NAME,CPU(cores),MEMORY(bytes),
h1-app-bb599cf94-4wflv,100m,15Mi,
h1-app-bb599cf94-ckqcs,100m,15Mi,
h1-app-bb599cf94-d7g6p,100m,15Mi,
idx,80,LOG_TIME,2024-01-13T22:51:00,2024-01-13T16:51:00
NAME,CPU(cores),MEMORY(bytes),
h1-app-bb599cf94-4wflv,100m,15Mi,
h1-app-bb599cf94-ckqcs,100m,15Mi,
h1-app-bb599cf94-d7g6p,100m,15Mi,
idx,81,LOG_TIME,2024-01-13T22:51:01,2024-01-13T16:51:01
NAME,CPU(cores),MEMORY(bytes),
h1-app-bb599cf94-4wflv,100m,15Mi,
h1-app-bb599cf94-ckqcs,100m,15Mi,
h1-app-bb599cf94-d7g6p,100m,15Mi,
idx,82,LOG_TIME,2024-01-13T22:51:02,2024-01-13T16:51:02
NAME,CPU(cores),MEMORY(bytes),
h1-app-bb599cf94-4wflv,100m,15Mi,
h1-app-bb599cf94-ckqcs,100m,15Mi,
h1-app-bb599cf94-d7g6p,100m,15Mi,
idx,83,LOG_TIME,2024-01-13T22:51:03,2024-01-13T16:51:03
NAME,CPU(cores),MEMORY(bytes),
h1-app-bb599cf94-4wflv,100m,15Mi,
h1-app-bb599cf94-ckqcs,100m,15Mi,
h1-app-bb599cf94-d7g6p,100m,15Mi,
idx,84,LOG_TIME,2024-01-13T22:51:04,2024-01-13T16:51:04
NAME,CPU(cores),MEMORY(bytes),
h1-app-bb599cf94-4wflv,100m,15Mi,
h1-app-bb599cf94-ckqcs,100m,15Mi,
h1-app-bb599cf94-d7g6p,100m,15Mi,
idx,85,LOG_TIME,2024-01-13T22:51:05,2024-01-13T16:51:05
NAME,CPU(cores),MEMORY(bytes),
h1-app-bb599cf94-4wflv,100m,15Mi,
h1-app-bb599cf94-ckqcs,101m,15Mi,
h1-app-bb599cf94-d7g6p,100m,15Mi,
h1-app-bb599cf94-f2pvq,101m,16Mi,
h1-app-bb599cf94-h6l5l,101m,16Mi,
h1-app-bb599cf94-q4mg8,101m,16Mi,
idx,86,LOG_TIME,2024-01-13T22:51:06,2024-01-13T16:51:06
NAME,CPU(cores),MEMORY(bytes),
h1-app-bb599cf94-4wflv,100m,15Mi,
h1-app-bb599cf94-ckqcs,101m,15Mi,
h1-app-bb599cf94-d7g6p,100m,15Mi,
h1-app-bb599cf94-f2pvq,101m,16Mi,
h1-app-bb599cf94-h6l5l,101m,16Mi,
h1-app-bb599cf94-q4mg8,101m,16Mi,
idx,87,LOG_TIME,2024-01-13T22:51:07,2024-01-13T16:51:07
NAME,CPU(cores),MEMORY(bytes),
h1-app-bb599cf94-4wflv,100m,15Mi,
h1-app-bb599cf94-ckqcs,101m,15Mi,
h1-app-bb599cf94-d7g6p,100m,15Mi,
h1-app-bb599cf94-f2pvq,101m,16Mi,
h1-app-bb599cf94-h6l5l,101m,16Mi,
h1-app-bb599cf94-q4mg8,101m,16Mi,
idx,88,LOG_TIME,2024-01-13T22:51:08,2024-01-13T16:51:08
NAME,CPU(cores),MEMORY(bytes),
h1-app-bb599cf94-4wflv,100m,15Mi,
h1-app-bb599cf94-ckqcs,101m,15Mi,
h1-app-bb599cf94-d7g6p,100m,15Mi,
h1-app-bb599cf94-f2pvq,101m,16Mi,
h1-app-bb599cf94-h6l5l,101m,16Mi,
h1-app-bb599cf94-q4mg8,101m,16Mi,
idx,89,LOG_TIME,2024-01-13T22:51:09,2024-01-13T16:51:09
NAME,CPU(cores),MEMORY(bytes),
h1-app-bb599cf94-4wflv,100m,15Mi,
h1-app-bb599cf94-ckqcs,101m,15Mi,
h1-app-bb599cf94-d7g6p,100m,15Mi,
h1-app-bb599cf94-f2pvq,101m,16Mi,
h1-app-bb599cf94-h6l5l,101m,16Mi,
h1-app-bb599cf94-q4mg8,101m,16Mi,
idx,90,LOG_TIME,2024-01-13T22:51:10,2024-01-13T16:51:10
NAME,CPU(cores),MEMORY(bytes),
h1-app-bb599cf94-4wflv,100m,15Mi,
h1-app-bb599cf94-ckqcs,101m,15Mi,
h1-app-bb599cf94-d7g6p,100m,15Mi,
h1-app-bb599cf94-f2pvq,101m,16Mi,
h1-app-bb599cf94-h6l5l,101m,16Mi,
h1-app-bb599cf94-q4mg8,101m,16Mi,
idx,91,LOG_TIME,2024-01-13T22:51:11,2024-01-13T16:51:11
NAME,CPU(cores),MEMORY(bytes),
h1-app-bb599cf94-4wflv,100m,15Mi,
h1-app-bb599cf94-ckqcs,101m,15Mi,
h1-app-bb599cf94-d7g6p,100m,15Mi,
h1-app-bb599cf94-f2pvq,101m,16Mi,
h1-app-bb599cf94-h6l5l,101m,16Mi,
h1-app-bb599cf94-q4mg8,101m,16Mi,
idx,92,LOG_TIME,2024-01-13T22:51:12,2024-01-13T16:51:12
NAME,CPU(cores),MEMORY(bytes),
h1-app-bb599cf94-4wflv,100m,15Mi,
h1-app-bb599cf94-ckqcs,101m,15Mi,
h1-app-bb599cf94-d7g6p,100m,15Mi,
h1-app-bb599cf94-f2pvq,101m,16Mi,
h1-app-bb599cf94-h6l5l,101m,16Mi,
h1-app-bb599cf94-q4mg8,101m,16Mi,
idx,93,LOG_TIME,2024-01-13T22:51:13,2024-01-13T16:51:13
NAME,CPU(cores),MEMORY(bytes),
h1-app-bb599cf94-4wflv,100m,15Mi,
h1-app-bb599cf94-ckqcs,101m,15Mi,
h1-app-bb599cf94-d7g6p,100m,15Mi,
h1-app-bb599cf94-f2pvq,101m,16Mi,
h1-app-bb599cf94-h6l5l,101m,16Mi,
h1-app-bb599cf94-q4mg8,101m,16Mi,
idx,94,LOG_TIME,2024-01-13T22:51:14,2024-01-13T16:51:14
NAME,CPU(cores),MEMORY(bytes),
h1-app-bb599cf94-4wflv,100m,15Mi,
h1-app-bb599cf94-ckqcs,101m,15Mi,
h1-app-bb599cf94-d7g6p,100m,15Mi,
h1-app-bb599cf94-f2pvq,101m,16Mi,
h1-app-bb599cf94-h6l5l,101m,16Mi,
h1-app-bb599cf94-q4mg8,101m,16Mi,
idx,95,LOG_TIME,2024-01-13T22:51:15,2024-01-13T16:51:15
NAME,CPU(cores),MEMORY(bytes),
h1-app-bb599cf94-4wflv,101m,15Mi,
h1-app-bb599cf94-ckqcs,98m,15Mi,
h1-app-bb599cf94-d7g6p,100m,15Mi,
h1-app-bb599cf94-f2pvq,101m,16Mi,
h1-app-bb599cf94-h6l5l,101m,16Mi,
h1-app-bb599cf94-q4mg8,101m,16Mi,
idx,96,LOG_TIME,2024-01-13T22:51:16,2024-01-13T16:51:16
NAME,CPU(cores),MEMORY(bytes),
h1-app-bb599cf94-4wflv,101m,15Mi,
h1-app-bb599cf94-ckqcs,98m,15Mi,
h1-app-bb599cf94-d7g6p,100m,15Mi,
h1-app-bb599cf94-f2pvq,101m,16Mi,
h1-app-bb599cf94-h6l5l,101m,16Mi,
h1-app-bb599cf94-q4mg8,101m,16Mi,
idx,97,LOG_TIME,2024-01-13T22:51:17,2024-01-13T16:51:17
NAME,CPU(cores),MEMORY(bytes),
h1-app-bb599cf94-4wflv,101m,15Mi,
h1-app-bb599cf94-ckqcs,98m,15Mi,
h1-app-bb599cf94-d7g6p,100m,15Mi,
h1-app-bb599cf94-f2pvq,101m,16Mi,
h1-app-bb599cf94-h6l5l,101m,16Mi,
h1-app-bb599cf94-q4mg8,101m,16Mi,
idx,98,LOG_TIME,2024-01-13T22:51:18,2024-01-13T16:51:18
NAME,CPU(cores),MEMORY(bytes),
h1-app-bb599cf94-4wflv,101m,15Mi,
h1-app-bb599cf94-ckqcs,98m,15Mi,
h1-app-bb599cf94-d7g6p,100m,15Mi,
h1-app-bb599cf94-f2pvq,101m,16Mi,
h1-app-bb599cf94-h6l5l,101m,16Mi,
h1-app-bb599cf94-q4mg8,101m,16Mi,
idx,99,LOG_TIME,2024-01-13T22:51:19,2024-01-13T16:51:19
NAME,CPU(cores),MEMORY(bytes),
h1-app-bb599cf94-4wflv,101m,15Mi,
h1-app-bb599cf94-ckqcs,98m,15Mi,
h1-app-bb599cf94-d7g6p,100m,15Mi,
h1-app-bb599cf94-f2pvq,101m,16Mi,
h1-app-bb599cf94-h6l5l,101m,16Mi,
h1-app-bb599cf94-q4mg8,101m,16Mi,
idx,100,LOG_TIME,2024-01-13T22:51:20,2024-01-13T16:51:20
NAME,CPU(cores),MEMORY(bytes),
h1-app-bb599cf94-4wflv,101m,15Mi,
h1-app-bb599cf94-ckqcs,98m,15Mi,
h1-app-bb599cf94-d7g6p,100m,15Mi,
h1-app-bb599cf94-f2pvq,101m,16Mi,
h1-app-bb599cf94-h6l5l,101m,16Mi,
h1-app-bb599cf94-q4mg8,101m,16Mi,
idx,101,LOG_TIME,2024-01-13T22:51:21,2024-01-13T16:51:21
NAME,CPU(cores),MEMORY(bytes),
h1-app-bb599cf94-4wflv,101m,15Mi,
h1-app-bb599cf94-ckqcs,98m,15Mi,
h1-app-bb599cf94-d7g6p,100m,15Mi,
h1-app-bb599cf94-f2pvq,101m,16Mi,
h1-app-bb599cf94-h6l5l,101m,16Mi,
h1-app-bb599cf94-q4mg8,101m,16Mi,
idx,102,LOG_TIME,2024-01-13T22:51:22,2024-01-13T16:51:22
NAME,CPU(cores),MEMORY(bytes),
h1-app-bb599cf94-4wflv,101m,15Mi,
h1-app-bb599cf94-ckqcs,98m,15Mi,
h1-app-bb599cf94-d7g6p,100m,15Mi,
h1-app-bb599cf94-f2pvq,101m,16Mi,
h1-app-bb599cf94-h6l5l,101m,16Mi,
h1-app-bb599cf94-q4mg8,101m,16Mi,
idx,103,LOG_TIME,2024-01-13T22:51:23,2024-01-13T16:51:23
NAME,CPU(cores),MEMORY(bytes),
h1-app-bb599cf94-4wflv,101m,15Mi,
h1-app-bb599cf94-ckqcs,98m,15Mi,
h1-app-bb599cf94-d7g6p,100m,15Mi,
h1-app-bb599cf94-f2pvq,101m,16Mi,
h1-app-bb599cf94-h6l5l,101m,16Mi,
h1-app-bb599cf94-q4mg8,101m,16Mi,
idx,104,LOG_TIME,2024-01-13T22:51:24,2024-01-13T16:51:24
NAME,CPU(cores),MEMORY(bytes),
h1-app-bb599cf94-4wflv,101m,15Mi,
h1-app-bb599cf94-ckqcs,98m,15Mi,
h1-app-bb599cf94-d7g6p,100m,15Mi,
h1-app-bb599cf94-f2pvq,101m,16Mi,
h1-app-bb599cf94-h6l5l,101m,16Mi,
h1-app-bb599cf94-q4mg8,101m,16Mi,
idx,105,LOG_TIME,2024-01-13T22:51:25,2024-01-13T16:51:25
NAME,CPU(cores),MEMORY(bytes),
h1-app-bb599cf94-4wflv,101m,15Mi,
h1-app-bb599cf94-ckqcs,100m,15Mi,
h1-app-bb599cf94-d7g6p,100m,15Mi,
h1-app-bb599cf94-f2pvq,101m,16Mi,
h1-app-bb599cf94-h6l5l,101m,16Mi,
h1-app-bb599cf94-q4mg8,100m,16Mi,
idx,106,LOG_TIME,2024-01-13T22:51:26,2024-01-13T16:51:26
NAME,CPU(cores),MEMORY(bytes),
h1-app-bb599cf94-4wflv,101m,15Mi,
h1-app-bb599cf94-ckqcs,100m,15Mi,
h1-app-bb599cf94-d7g6p,100m,15Mi,
h1-app-bb599cf94-f2pvq,101m,16Mi,
h1-app-bb599cf94-h6l5l,101m,16Mi,
h1-app-bb599cf94-q4mg8,100m,16Mi,
idx,107,LOG_TIME,2024-01-13T22:51:27,2024-01-13T16:51:27
NAME,CPU(cores),MEMORY(bytes),
h1-app-bb599cf94-4wflv,101m,15Mi,
h1-app-bb599cf94-ckqcs,100m,15Mi,
h1-app-bb599cf94-d7g6p,100m,15Mi,
h1-app-bb599cf94-f2pvq,101m,16Mi,
h1-app-bb599cf94-h6l5l,101m,16Mi,
h1-app-bb599cf94-q4mg8,100m,16Mi,
idx,108,LOG_TIME,2024-01-13T22:51:29,2024-01-13T16:51:29
NAME,CPU(cores),MEMORY(bytes),
h1-app-bb599cf94-4wflv,101m,15Mi,
h1-app-bb599cf94-ckqcs,100m,15Mi,
h1-app-bb599cf94-d7g6p,100m,15Mi,
h1-app-bb599cf94-f2pvq,101m,16Mi,
h1-app-bb599cf94-h6l5l,101m,16Mi,
h1-app-bb599cf94-q4mg8,100m,16Mi,
idx,109,LOG_TIME,2024-01-13T22:51:30,2024-01-13T16:51:30
NAME,CPU(cores),MEMORY(bytes),
h1-app-bb599cf94-4wflv,101m,15Mi,
h1-app-bb599cf94-ckqcs,100m,15Mi,
h1-app-bb599cf94-d7g6p,100m,15Mi,
h1-app-bb599cf94-f2pvq,101m,16Mi,
h1-app-bb599cf94-h6l5l,101m,16Mi,
h1-app-bb599cf94-q4mg8,100m,16Mi,
idx,110,LOG_TIME,2024-01-13T22:51:31,2024-01-13T16:51:31
NAME,CPU(cores),MEMORY(bytes),
h1-app-bb599cf94-4wflv,101m,15Mi,
h1-app-bb599cf94-ckqcs,100m,15Mi,
h1-app-bb599cf94-d7g6p,100m,15Mi,
h1-app-bb599cf94-f2pvq,101m,16Mi,
h1-app-bb599cf94-h6l5l,101m,16Mi,
h1-app-bb599cf94-q4mg8,100m,16Mi,
idx,111,LOG_TIME,2024-01-13T22:51:32,2024-01-13T16:51:32
NAME,CPU(cores),MEMORY(bytes),
h1-app-bb599cf94-4wflv,101m,15Mi,
h1-app-bb599cf94-ckqcs,100m,15Mi,
h1-app-bb599cf94-d7g6p,100m,15Mi,
h1-app-bb599cf94-f2pvq,101m,16Mi,
h1-app-bb599cf94-h6l5l,101m,16Mi,
h1-app-bb599cf94-q4mg8,100m,16Mi,
idx,112,LOG_TIME,2024-01-13T22:51:33,2024-01-13T16:51:33
NAME,CPU(cores),MEMORY(bytes),
h1-app-bb599cf94-4wflv,101m,15Mi,
h1-app-bb599cf94-ckqcs,100m,15Mi,
h1-app-bb599cf94-d7g6p,100m,15Mi,
h1-app-bb599cf94-f2pvq,101m,16Mi,
h1-app-bb599cf94-h6l5l,101m,16Mi,
h1-app-bb599cf94-q4mg8,100m,16Mi,
idx,113,LOG_TIME,2024-01-13T22:51:34,2024-01-13T16:51:34
NAME,CPU(cores),MEMORY(bytes),
h1-app-bb599cf94-4wflv,101m,15Mi,
h1-app-bb599cf94-ckqcs,100m,15Mi,
h1-app-bb599cf94-d7g6p,100m,15Mi,
h1-app-bb599cf94-f2pvq,101m,16Mi,
h1-app-bb599cf94-h6l5l,101m,16Mi,
h1-app-bb599cf94-q4mg8,100m,16Mi,
idx,114,LOG_TIME,2024-01-13T22:51:35,2024-01-13T16:51:35
NAME,CPU(cores),MEMORY(bytes),
h1-app-bb599cf94-4wflv,100m,15Mi,
h1-app-bb599cf94-ckqcs,101m,15Mi,
h1-app-bb599cf94-d7g6p,101m,15Mi,
h1-app-bb599cf94-f2pvq,100m,16Mi,
h1-app-bb599cf94-h6l5l,101m,16Mi,
h1-app-bb599cf94-q4mg8,100m,16Mi,
idx,115,LOG_TIME,2024-01-13T22:51:36,2024-01-13T16:51:36
NAME,CPU(cores),MEMORY(bytes),
h1-app-bb599cf94-4wflv,100m,15Mi,
h1-app-bb599cf94-ckqcs,101m,15Mi,
h1-app-bb599cf94-d7g6p,101m,15Mi,
h1-app-bb599cf94-f2pvq,100m,16Mi,
h1-app-bb599cf94-h6l5l,101m,16Mi,
h1-app-bb599cf94-q4mg8,100m,16Mi,
idx,116,LOG_TIME,2024-01-13T22:51:37,2024-01-13T16:51:37
NAME,CPU(cores),MEMORY(bytes),
h1-app-bb599cf94-4wflv,100m,15Mi,
h1-app-bb599cf94-ckqcs,101m,15Mi,
h1-app-bb599cf94-d7g6p,101m,15Mi,
h1-app-bb599cf94-f2pvq,100m,16Mi,
h1-app-bb599cf94-h6l5l,101m,16Mi,
h1-app-bb599cf94-q4mg8,100m,16Mi,
idx,117,LOG_TIME,2024-01-13T22:51:38,2024-01-13T16:51:38
NAME,CPU(cores),MEMORY(bytes),
h1-app-bb599cf94-4wflv,100m,15Mi,
h1-app-bb599cf94-ckqcs,101m,15Mi,
h1-app-bb599cf94-d7g6p,101m,15Mi,
h1-app-bb599cf94-f2pvq,100m,16Mi,
h1-app-bb599cf94-h6l5l,101m,16Mi,
h1-app-bb599cf94-q4mg8,100m,16Mi,
idx,118,LOG_TIME,2024-01-13T22:51:39,2024-01-13T16:51:39
NAME,CPU(cores),MEMORY(bytes),
h1-app-bb599cf94-4wflv,100m,15Mi,
h1-app-bb599cf94-ckqcs,101m,15Mi,
h1-app-bb599cf94-d7g6p,101m,15Mi,
h1-app-bb599cf94-f2pvq,100m,16Mi,
h1-app-bb599cf94-h6l5l,101m,16Mi,
h1-app-bb599cf94-q4mg8,100m,16Mi,
idx,119,LOG_TIME,2024-01-13T22:51:40,2024-01-13T16:51:40
NAME,CPU(cores),MEMORY(bytes),
h1-app-bb599cf94-4wflv,100m,15Mi,
h1-app-bb599cf94-ckqcs,101m,15Mi,
h1-app-bb599cf94-d7g6p,101m,15Mi,
h1-app-bb599cf94-f2pvq,100m,16Mi,
h1-app-bb599cf94-h6l5l,101m,16Mi,
h1-app-bb599cf94-q4mg8,100m,16Mi,
idx,120,LOG_TIME,2024-01-13T22:51:41,2024-01-13T16:51:41
NAME,CPU(cores),MEMORY(bytes),
h1-app-bb599cf94-4wflv,100m,15Mi,
h1-app-bb599cf94-ckqcs,101m,15Mi,
h1-app-bb599cf94-d7g6p,101m,15Mi,
h1-app-bb599cf94-f2pvq,100m,16Mi,
h1-app-bb599cf94-h6l5l,101m,16Mi,
h1-app-bb599cf94-q4mg8,100m,16Mi,
idx,121,LOG_TIME,2024-01-13T22:51:42,2024-01-13T16:51:42
NAME,CPU(cores),MEMORY(bytes),
h1-app-bb599cf94-4wflv,100m,15Mi,
h1-app-bb599cf94-ckqcs,101m,15Mi,
h1-app-bb599cf94-d7g6p,101m,15Mi,
h1-app-bb599cf94-f2pvq,100m,16Mi,
h1-app-bb599cf94-h6l5l,101m,16Mi,
h1-app-bb599cf94-q4mg8,100m,16Mi,
idx,122,LOG_TIME,2024-01-13T22:51:43,2024-01-13T16:51:43
NAME,CPU(cores),MEMORY(bytes),
h1-app-bb599cf94-4wflv,100m,15Mi,
h1-app-bb599cf94-ckqcs,101m,15Mi,
h1-app-bb599cf94-d7g6p,101m,15Mi,
h1-app-bb599cf94-f2pvq,100m,16Mi,
h1-app-bb599cf94-h6l5l,101m,16Mi,
h1-app-bb599cf94-q4mg8,100m,16Mi,
idx,123,LOG_TIME,2024-01-13T22:51:44,2024-01-13T16:51:44
NAME,CPU(cores),MEMORY(bytes),
h1-app-bb599cf94-4wflv,100m,15Mi,
h1-app-bb599cf94-ckqcs,101m,15Mi,
h1-app-bb599cf94-d7g6p,101m,15Mi,
h1-app-bb599cf94-f2pvq,100m,16Mi,
h1-app-bb599cf94-h6l5l,101m,16Mi,
h1-app-bb599cf94-q4mg8,100m,16Mi,
idx,124,LOG_TIME,2024-01-13T22:51:45,2024-01-13T16:51:45
NAME,CPU(cores),MEMORY(bytes),
h1-app-bb599cf94-4wflv,100m,15Mi,
h1-app-bb599cf94-ckqcs,100m,15Mi,
h1-app-bb599cf94-d7g6p,21m,2Mi,
h1-app-bb599cf94-f2pvq,101m,16Mi,
h1-app-bb599cf94-h6l5l,100m,16Mi,
h1-app-bb599cf94-q4mg8,101m,16Mi,
idx,125,LOG_TIME,2024-01-13T22:51:46,2024-01-13T16:51:46
NAME,CPU(cores),MEMORY(bytes),
h1-app-bb599cf94-4wflv,100m,15Mi,
h1-app-bb599cf94-ckqcs,100m,15Mi,
h1-app-bb599cf94-d7g6p,21m,2Mi,
h1-app-bb599cf94-f2pvq,101m,16Mi,
h1-app-bb599cf94-h6l5l,100m,16Mi,
h1-app-bb599cf94-q4mg8,101m,16Mi,
idx,126,LOG_TIME,2024-01-13T22:51:47,2024-01-13T16:51:47
NAME,CPU(cores),MEMORY(bytes),
h1-app-bb599cf94-4wflv,100m,15Mi,
h1-app-bb599cf94-ckqcs,100m,15Mi,
h1-app-bb599cf94-d7g6p,21m,2Mi,
h1-app-bb599cf94-f2pvq,101m,16Mi,
h1-app-bb599cf94-h6l5l,100m,16Mi,
h1-app-bb599cf94-q4mg8,101m,16Mi,
idx,127,LOG_TIME,2024-01-13T22:51:48,2024-01-13T16:51:48
NAME,CPU(cores),MEMORY(bytes),
h1-app-bb599cf94-4wflv,100m,15Mi,
h1-app-bb599cf94-ckqcs,100m,15Mi,
h1-app-bb599cf94-d7g6p,21m,2Mi,
h1-app-bb599cf94-f2pvq,101m,16Mi,
h1-app-bb599cf94-h6l5l,100m,16Mi,
h1-app-bb599cf94-q4mg8,101m,16Mi,
idx,128,LOG_TIME,2024-01-13T22:51:49,2024-01-13T16:51:49
NAME,CPU(cores),MEMORY(bytes),
h1-app-bb599cf94-4wflv,100m,15Mi,
h1-app-bb599cf94-ckqcs,100m,15Mi,
h1-app-bb599cf94-d7g6p,21m,2Mi,
h1-app-bb599cf94-f2pvq,101m,16Mi,
h1-app-bb599cf94-h6l5l,100m,16Mi,
h1-app-bb599cf94-q4mg8,101m,16Mi,
idx,129,LOG_TIME,2024-01-13T22:51:50,2024-01-13T16:51:50
NAME,CPU(cores),MEMORY(bytes),
h1-app-bb599cf94-4wflv,100m,15Mi,
h1-app-bb599cf94-ckqcs,100m,15Mi,
h1-app-bb599cf94-d7g6p,21m,2Mi,
h1-app-bb599cf94-f2pvq,101m,16Mi,
h1-app-bb599cf94-h6l5l,100m,16Mi,
h1-app-bb599cf94-q4mg8,101m,16Mi,
idx,130,LOG_TIME,2024-01-13T22:51:51,2024-01-13T16:51:51
NAME,CPU(cores),MEMORY(bytes),
h1-app-bb599cf94-4wflv,100m,15Mi,
h1-app-bb599cf94-ckqcs,100m,15Mi,
h1-app-bb599cf94-d7g6p,21m,2Mi,
h1-app-bb599cf94-f2pvq,101m,16Mi,
h1-app-bb599cf94-h6l5l,100m,16Mi,
h1-app-bb599cf94-q4mg8,101m,16Mi,
idx,131,LOG_TIME,2024-01-13T22:51:52,2024-01-13T16:51:52
NAME,CPU(cores),MEMORY(bytes),
h1-app-bb599cf94-4wflv,100m,15Mi,
h1-app-bb599cf94-ckqcs,100m,15Mi,
h1-app-bb599cf94-d7g6p,21m,2Mi,
h1-app-bb599cf94-f2pvq,101m,16Mi,
h1-app-bb599cf94-h6l5l,100m,16Mi,
h1-app-bb599cf94-q4mg8,101m,16Mi,
idx,132,LOG_TIME,2024-01-13T22:51:53,2024-01-13T16:51:53
NAME,CPU(cores),MEMORY(bytes),
h1-app-bb599cf94-4wflv,100m,15Mi,
h1-app-bb599cf94-ckqcs,100m,15Mi,
h1-app-bb599cf94-d7g6p,21m,2Mi,
h1-app-bb599cf94-f2pvq,101m,16Mi,
h1-app-bb599cf94-h6l5l,100m,16Mi,
h1-app-bb599cf94-q4mg8,101m,16Mi,
idx,133,LOG_TIME,2024-01-13T22:51:54,2024-01-13T16:51:54
NAME,CPU(cores),MEMORY(bytes),
h1-app-bb599cf94-4wflv,100m,15Mi,
h1-app-bb599cf94-ckqcs,100m,15Mi,
h1-app-bb599cf94-d7g6p,21m,2Mi,
h1-app-bb599cf94-f2pvq,101m,16Mi,
h1-app-bb599cf94-h6l5l,100m,16Mi,
h1-app-bb599cf94-q4mg8,101m,16Mi,
idx,134,LOG_TIME,2024-01-13T22:51:55,2024-01-13T16:51:55
NAME,CPU(cores),MEMORY(bytes),
h1-app-bb599cf94-4wflv,100m,15Mi,
h1-app-bb599cf94-ckqcs,100m,15Mi,
h1-app-bb599cf94-d7g6p,0m,2Mi,
h1-app-bb599cf94-f2pvq,100m,16Mi,
h1-app-bb599cf94-h6l5l,101m,16Mi,
h1-app-bb599cf94-q4mg8,101m,16Mi,
idx,135,LOG_TIME,2024-01-13T22:51:56,2024-01-13T16:51:56
NAME,CPU(cores),MEMORY(bytes),
h1-app-bb599cf94-4wflv,100m,15Mi,
h1-app-bb599cf94-ckqcs,100m,15Mi,
h1-app-bb599cf94-d7g6p,0m,2Mi,
h1-app-bb599cf94-f2pvq,100m,16Mi,
h1-app-bb599cf94-h6l5l,101m,16Mi,
h1-app-bb599cf94-q4mg8,101m,16Mi,
idx,136,LOG_TIME,2024-01-13T22:51:57,2024-01-13T16:51:57
NAME,CPU(cores),MEMORY(bytes),
h1-app-bb599cf94-4wflv,100m,15Mi,
h1-app-bb599cf94-ckqcs,100m,15Mi,
h1-app-bb599cf94-d7g6p,0m,2Mi,
h1-app-bb599cf94-f2pvq,100m,16Mi,
h1-app-bb599cf94-h6l5l,101m,16Mi,
h1-app-bb599cf94-q4mg8,101m,16Mi,
idx,137,LOG_TIME,2024-01-13T22:51:58,2024-01-13T16:51:58
NAME,CPU(cores),MEMORY(bytes),
h1-app-bb599cf94-4wflv,100m,15Mi,
h1-app-bb599cf94-ckqcs,100m,15Mi,
h1-app-bb599cf94-d7g6p,0m,2Mi,
h1-app-bb599cf94-f2pvq,100m,16Mi,
h1-app-bb599cf94-h6l5l,101m,16Mi,
h1-app-bb599cf94-q4mg8,101m,16Mi,
idx,138,LOG_TIME,2024-01-13T22:51:59,2024-01-13T16:51:59
NAME,CPU(cores),MEMORY(bytes),
h1-app-bb599cf94-4wflv,100m,15Mi,
h1-app-bb599cf94-ckqcs,100m,15Mi,
h1-app-bb599cf94-d7g6p,0m,2Mi,
h1-app-bb599cf94-f2pvq,100m,16Mi,
h1-app-bb599cf94-h6l5l,101m,16Mi,
h1-app-bb599cf94-q4mg8,101m,16Mi,
idx,139,LOG_TIME,2024-01-13T22:52:00,2024-01-13T16:52:00
NAME,CPU(cores),MEMORY(bytes),
h1-app-bb599cf94-4wflv,100m,15Mi,
h1-app-bb599cf94-ckqcs,100m,15Mi,
h1-app-bb599cf94-d7g6p,0m,2Mi,
h1-app-bb599cf94-f2pvq,100m,16Mi,
h1-app-bb599cf94-h6l5l,101m,16Mi,
h1-app-bb599cf94-q4mg8,101m,16Mi,
idx,140,LOG_TIME,2024-01-13T22:52:01,2024-01-13T16:52:01
NAME,CPU(cores),MEMORY(bytes),
h1-app-bb599cf94-4wflv,100m,15Mi,
h1-app-bb599cf94-ckqcs,100m,15Mi,
h1-app-bb599cf94-d7g6p,0m,2Mi,
h1-app-bb599cf94-f2pvq,100m,16Mi,
h1-app-bb599cf94-h6l5l,101m,16Mi,
h1-app-bb599cf94-q4mg8,101m,16Mi,
idx,141,LOG_TIME,2024-01-13T22:52:02,2024-01-13T16:52:02
NAME,CPU(cores),MEMORY(bytes),
h1-app-bb599cf94-4wflv,100m,15Mi,
h1-app-bb599cf94-ckqcs,100m,15Mi,
h1-app-bb599cf94-d7g6p,0m,2Mi,
h1-app-bb599cf94-f2pvq,100m,16Mi,
h1-app-bb599cf94-h6l5l,101m,16Mi,
h1-app-bb599cf94-q4mg8,101m,16Mi,
idx,142,LOG_TIME,2024-01-13T22:52:03,2024-01-13T16:52:03
NAME,CPU(cores),MEMORY(bytes),
h1-app-bb599cf94-4wflv,100m,15Mi,
h1-app-bb599cf94-ckqcs,100m,15Mi,
h1-app-bb599cf94-d7g6p,0m,2Mi,
h1-app-bb599cf94-f2pvq,100m,16Mi,
h1-app-bb599cf94-h6l5l,101m,16Mi,
h1-app-bb599cf94-q4mg8,101m,16Mi,
idx,143,LOG_TIME,2024-01-13T22:52:04,2024-01-13T16:52:04
NAME,CPU(cores),MEMORY(bytes),
h1-app-bb599cf94-4wflv,101m,15Mi,
h1-app-bb599cf94-ckqcs,101m,15Mi,
h1-app-bb599cf94-d7g6p,0m,2Mi,
h1-app-bb599cf94-f2pvq,101m,16Mi,
h1-app-bb599cf94-h6l5l,100m,16Mi,
h1-app-bb599cf94-q4mg8,100m,16Mi,
idx,144,LOG_TIME,2024-01-13T22:52:06,2024-01-13T16:52:06
NAME,CPU(cores),MEMORY(bytes),
h1-app-bb599cf94-4wflv,101m,15Mi,
h1-app-bb599cf94-ckqcs,101m,15Mi,
h1-app-bb599cf94-d7g6p,0m,2Mi,
h1-app-bb599cf94-f2pvq,101m,16Mi,
h1-app-bb599cf94-h6l5l,100m,16Mi,
h1-app-bb599cf94-q4mg8,100m,16Mi,
idx,145,LOG_TIME,2024-01-13T22:52:07,2024-01-13T16:52:07
NAME,CPU(cores),MEMORY(bytes),
h1-app-bb599cf94-4wflv,101m,15Mi,
h1-app-bb599cf94-ckqcs,101m,15Mi,
h1-app-bb599cf94-d7g6p,0m,2Mi,
h1-app-bb599cf94-f2pvq,101m,16Mi,
h1-app-bb599cf94-h6l5l,100m,16Mi,
h1-app-bb599cf94-q4mg8,100m,16Mi,
idx,146,LOG_TIME,2024-01-13T22:52:08,2024-01-13T16:52:08
NAME,CPU(cores),MEMORY(bytes),
h1-app-bb599cf94-4wflv,101m,15Mi,
h1-app-bb599cf94-ckqcs,101m,15Mi,
h1-app-bb599cf94-d7g6p,0m,2Mi,
h1-app-bb599cf94-f2pvq,101m,16Mi,
h1-app-bb599cf94-h6l5l,100m,16Mi,
h1-app-bb599cf94-q4mg8,100m,16Mi,
idx,147,LOG_TIME,2024-01-13T22:52:09,2024-01-13T16:52:09
NAME,CPU(cores),MEMORY(bytes),
h1-app-bb599cf94-4wflv,101m,15Mi,
h1-app-bb599cf94-ckqcs,101m,15Mi,
h1-app-bb599cf94-d7g6p,0m,2Mi,
h1-app-bb599cf94-f2pvq,101m,16Mi,
h1-app-bb599cf94-h6l5l,100m,16Mi,
h1-app-bb599cf94-q4mg8,100m,16Mi,
idx,148,LOG_TIME,2024-01-13T22:52:10,2024-01-13T16:52:10
NAME,CPU(cores),MEMORY(bytes),
h1-app-bb599cf94-4wflv,101m,15Mi,
h1-app-bb599cf94-ckqcs,101m,15Mi,
h1-app-bb599cf94-d7g6p,0m,2Mi,
h1-app-bb599cf94-f2pvq,101m,16Mi,
h1-app-bb599cf94-h6l5l,100m,16Mi,
h1-app-bb599cf94-q4mg8,100m,16Mi,
idx,149,LOG_TIME,2024-01-13T22:52:11,2024-01-13T16:52:11
NAME,CPU(cores),MEMORY(bytes),
h1-app-bb599cf94-4wflv,101m,15Mi,
h1-app-bb599cf94-ckqcs,101m,15Mi,
h1-app-bb599cf94-d7g6p,0m,2Mi,
h1-app-bb599cf94-f2pvq,101m,16Mi,
h1-app-bb599cf94-h6l5l,100m,16Mi,
h1-app-bb599cf94-q4mg8,100m,16Mi,
idx,150,LOG_TIME,2024-01-13T22:52:12,2024-01-13T16:52:12
NAME,CPU(cores),MEMORY(bytes),
h1-app-bb599cf94-4wflv,101m,15Mi,
h1-app-bb599cf94-ckqcs,101m,15Mi,
h1-app-bb599cf94-d7g6p,0m,2Mi,
h1-app-bb599cf94-f2pvq,101m,16Mi,
h1-app-bb599cf94-h6l5l,100m,16Mi,
h1-app-bb599cf94-q4mg8,100m,16Mi,
idx,151,LOG_TIME,2024-01-13T22:52:13,2024-01-13T16:52:13
NAME,CPU(cores),MEMORY(bytes),
h1-app-bb599cf94-4wflv,101m,15Mi,
h1-app-bb599cf94-ckqcs,101m,15Mi,
h1-app-bb599cf94-d7g6p,0m,2Mi,
h1-app-bb599cf94-f2pvq,101m,16Mi,
h1-app-bb599cf94-h6l5l,100m,16Mi,
h1-app-bb599cf94-q4mg8,100m,16Mi,
idx,152,LOG_TIME,2024-01-13T22:52:14,2024-01-13T16:52:14
NAME,CPU(cores),MEMORY(bytes),
h1-app-bb599cf94-4wflv,101m,15Mi,
h1-app-bb599cf94-ckqcs,101m,15Mi,
h1-app-bb599cf94-d7g6p,0m,2Mi,
h1-app-bb599cf94-f2pvq,101m,16Mi,
h1-app-bb599cf94-h6l5l,100m,16Mi,
h1-app-bb599cf94-q4mg8,100m,16Mi,
idx,153,LOG_TIME,2024-01-13T22:52:15,2024-01-13T16:52:15
NAME,CPU(cores),MEMORY(bytes),
h1-app-bb599cf94-4wflv,101m,15Mi,
h1-app-bb599cf94-ckqcs,100m,15Mi,
h1-app-bb599cf94-d7g6p,0m,2Mi,
h1-app-bb599cf94-f2pvq,101m,16Mi,
h1-app-bb599cf94-h6l5l,100m,16Mi,
h1-app-bb599cf94-q4mg8,98m,16Mi,
idx,154,LOG_TIME,2024-01-13T22:52:16,2024-01-13T16:52:16
NAME,CPU(cores),MEMORY(bytes),
h1-app-bb599cf94-4wflv,101m,15Mi,
h1-app-bb599cf94-ckqcs,100m,15Mi,
h1-app-bb599cf94-d7g6p,0m,2Mi,
h1-app-bb599cf94-f2pvq,101m,16Mi,
h1-app-bb599cf94-h6l5l,100m,16Mi,
h1-app-bb599cf94-q4mg8,98m,16Mi,
idx,155,LOG_TIME,2024-01-13T22:52:17,2024-01-13T16:52:17
NAME,CPU(cores),MEMORY(bytes),
h1-app-bb599cf94-4wflv,101m,15Mi,
h1-app-bb599cf94-ckqcs,100m,15Mi,
h1-app-bb599cf94-d7g6p,0m,2Mi,
h1-app-bb599cf94-f2pvq,101m,16Mi,
h1-app-bb599cf94-h6l5l,100m,16Mi,
h1-app-bb599cf94-q4mg8,98m,16Mi,
idx,156,LOG_TIME,2024-01-13T22:52:18,2024-01-13T16:52:18
NAME,CPU(cores),MEMORY(bytes),
h1-app-bb599cf94-4wflv,101m,15Mi,
h1-app-bb599cf94-ckqcs,100m,15Mi,
h1-app-bb599cf94-d7g6p,0m,2Mi,
h1-app-bb599cf94-f2pvq,101m,16Mi,
h1-app-bb599cf94-h6l5l,100m,16Mi,
h1-app-bb599cf94-q4mg8,98m,16Mi,
idx,157,LOG_TIME,2024-01-13T22:52:19,2024-01-13T16:52:19
NAME,CPU(cores),MEMORY(bytes),
h1-app-bb599cf94-4wflv,101m,15Mi,
h1-app-bb599cf94-ckqcs,100m,15Mi,
h1-app-bb599cf94-d7g6p,0m,2Mi,
h1-app-bb599cf94-f2pvq,101m,16Mi,
h1-app-bb599cf94-h6l5l,100m,16Mi,
h1-app-bb599cf94-q4mg8,98m,16Mi,
idx,158,LOG_TIME,2024-01-13T22:52:20,2024-01-13T16:52:20
NAME,CPU(cores),MEMORY(bytes),
h1-app-bb599cf94-4wflv,101m,15Mi,
h1-app-bb599cf94-ckqcs,100m,15Mi,
h1-app-bb599cf94-d7g6p,0m,2Mi,
h1-app-bb599cf94-f2pvq,101m,16Mi,
h1-app-bb599cf94-h6l5l,100m,16Mi,
h1-app-bb599cf94-q4mg8,98m,16Mi,
idx,159,LOG_TIME,2024-01-13T22:52:21,2024-01-13T16:52:21
NAME,CPU(cores),MEMORY(bytes),
h1-app-bb599cf94-4wflv,101m,15Mi,
h1-app-bb599cf94-ckqcs,100m,15Mi,
h1-app-bb599cf94-d7g6p,0m,2Mi,
h1-app-bb599cf94-f2pvq,101m,16Mi,
h1-app-bb599cf94-h6l5l,100m,16Mi,
h1-app-bb599cf94-q4mg8,98m,16Mi,
idx,160,LOG_TIME,2024-01-13T22:52:22,2024-01-13T16:52:22
NAME,CPU(cores),MEMORY(bytes),
h1-app-bb599cf94-4wflv,101m,15Mi,
h1-app-bb599cf94-ckqcs,100m,15Mi,
h1-app-bb599cf94-d7g6p,0m,2Mi,
h1-app-bb599cf94-f2pvq,101m,16Mi,
h1-app-bb599cf94-h6l5l,100m,16Mi,
h1-app-bb599cf94-q4mg8,98m,16Mi,
idx,161,LOG_TIME,2024-01-13T22:52:23,2024-01-13T16:52:23
NAME,CPU(cores),MEMORY(bytes),
h1-app-bb599cf94-4wflv,101m,15Mi,
h1-app-bb599cf94-ckqcs,100m,15Mi,
h1-app-bb599cf94-d7g6p,0m,2Mi,
h1-app-bb599cf94-f2pvq,101m,16Mi,
h1-app-bb599cf94-h6l5l,100m,16Mi,
h1-app-bb599cf94-q4mg8,98m,16Mi,
idx,162,LOG_TIME,2024-01-13T22:52:24,2024-01-13T16:52:24
NAME,CPU(cores),MEMORY(bytes),
h1-app-bb599cf94-4wflv,101m,15Mi,
h1-app-bb599cf94-ckqcs,100m,15Mi,
h1-app-bb599cf94-d7g6p,0m,2Mi,
h1-app-bb599cf94-f2pvq,101m,16Mi,
h1-app-bb599cf94-h6l5l,100m,16Mi,
h1-app-bb599cf94-q4mg8,98m,16Mi,
idx,163,LOG_TIME,2024-01-13T22:52:25,2024-01-13T16:52:25
NAME,CPU(cores),MEMORY(bytes),
h1-app-bb599cf94-4wflv,101m,15Mi,
h1-app-bb599cf94-ckqcs,100m,15Mi,
h1-app-bb599cf94-d7g6p,0m,2Mi,
h1-app-bb599cf94-f2pvq,101m,16Mi,
h1-app-bb599cf94-h6l5l,100m,16Mi,
h1-app-bb599cf94-q4mg8,101m,16Mi,
idx,164,LOG_TIME,2024-01-13T22:52:26,2024-01-13T16:52:26
NAME,CPU(cores),MEMORY(bytes),
h1-app-bb599cf94-4wflv,101m,15Mi,
h1-app-bb599cf94-ckqcs,100m,15Mi,
h1-app-bb599cf94-d7g6p,0m,2Mi,
h1-app-bb599cf94-f2pvq,101m,16Mi,
h1-app-bb599cf94-h6l5l,100m,16Mi,
h1-app-bb599cf94-q4mg8,101m,16Mi,
idx,165,LOG_TIME,2024-01-13T22:52:27,2024-01-13T16:52:27
NAME,CPU(cores),MEMORY(bytes),
h1-app-bb599cf94-4wflv,101m,15Mi,
h1-app-bb599cf94-ckqcs,100m,15Mi,
h1-app-bb599cf94-d7g6p,0m,2Mi,
h1-app-bb599cf94-f2pvq,101m,16Mi,
h1-app-bb599cf94-h6l5l,100m,16Mi,
h1-app-bb599cf94-q4mg8,101m,16Mi,
idx,166,LOG_TIME,2024-01-13T22:52:28,2024-01-13T16:52:28
NAME,CPU(cores),MEMORY(bytes),
h1-app-bb599cf94-4wflv,101m,15Mi,
h1-app-bb599cf94-ckqcs,100m,15Mi,
h1-app-bb599cf94-d7g6p,0m,2Mi,
h1-app-bb599cf94-f2pvq,101m,16Mi,
h1-app-bb599cf94-h6l5l,100m,16Mi,
h1-app-bb599cf94-q4mg8,101m,16Mi,
idx,167,LOG_TIME,2024-01-13T22:52:29,2024-01-13T16:52:29
NAME,CPU(cores),MEMORY(bytes),
h1-app-bb599cf94-4wflv,101m,15Mi,
h1-app-bb599cf94-ckqcs,100m,15Mi,
h1-app-bb599cf94-d7g6p,0m,2Mi,
h1-app-bb599cf94-f2pvq,101m,16Mi,
h1-app-bb599cf94-h6l5l,100m,16Mi,
h1-app-bb599cf94-q4mg8,101m,16Mi,
idx,168,LOG_TIME,2024-01-13T22:52:30,2024-01-13T16:52:30
NAME,CPU(cores),MEMORY(bytes),
h1-app-bb599cf94-4wflv,101m,15Mi,
h1-app-bb599cf94-ckqcs,100m,15Mi,
h1-app-bb599cf94-d7g6p,0m,2Mi,
h1-app-bb599cf94-f2pvq,101m,16Mi,
h1-app-bb599cf94-h6l5l,100m,16Mi,
h1-app-bb599cf94-q4mg8,101m,16Mi,
idx,169,LOG_TIME,2024-01-13T22:52:31,2024-01-13T16:52:31
NAME,CPU(cores),MEMORY(bytes),
h1-app-bb599cf94-4wflv,101m,15Mi,
h1-app-bb599cf94-ckqcs,100m,15Mi,
h1-app-bb599cf94-d7g6p,0m,2Mi,
h1-app-bb599cf94-f2pvq,101m,16Mi,
h1-app-bb599cf94-h6l5l,100m,16Mi,
h1-app-bb599cf94-q4mg8,101m,16Mi,
idx,170,LOG_TIME,2024-01-13T22:52:32,2024-01-13T16:52:32
NAME,CPU(cores),MEMORY(bytes),
h1-app-bb599cf94-4wflv,101m,15Mi,
h1-app-bb599cf94-ckqcs,100m,15Mi,
h1-app-bb599cf94-d7g6p,0m,2Mi,
h1-app-bb599cf94-f2pvq,101m,16Mi,
h1-app-bb599cf94-h6l5l,100m,16Mi,
h1-app-bb599cf94-q4mg8,101m,16Mi,
idx,171,LOG_TIME,2024-01-13T22:52:33,2024-01-13T16:52:33
NAME,CPU(cores),MEMORY(bytes),
h1-app-bb599cf94-4wflv,101m,15Mi,
h1-app-bb599cf94-ckqcs,100m,15Mi,
h1-app-bb599cf94-d7g6p,0m,2Mi,
h1-app-bb599cf94-f2pvq,101m,16Mi,
h1-app-bb599cf94-h6l5l,100m,16Mi,
h1-app-bb599cf94-q4mg8,101m,16Mi,
idx,172,LOG_TIME,2024-01-13T22:52:34,2024-01-13T16:52:34
NAME,CPU(cores),MEMORY(bytes),
h1-app-bb599cf94-4wflv,101m,15Mi,
h1-app-bb599cf94-ckqcs,100m,15Mi,
h1-app-bb599cf94-d7g6p,0m,2Mi,
h1-app-bb599cf94-f2pvq,101m,16Mi,
h1-app-bb599cf94-h6l5l,100m,16Mi,
h1-app-bb599cf94-q4mg8,101m,16Mi,
idx,173,LOG_TIME,2024-01-13T22:52:35,2024-01-13T16:52:35
NAME,CPU(cores),MEMORY(bytes),
h1-app-bb599cf94-4wflv,19m,2Mi,
h1-app-bb599cf94-ckqcs,21m,2Mi,
h1-app-bb599cf94-d7g6p,0m,2Mi,
h1-app-bb599cf94-f2pvq,100m,16Mi,
h1-app-bb599cf94-h6l5l,101m,16Mi,
h1-app-bb599cf94-q4mg8,101m,16Mi,
idx,174,LOG_TIME,2024-01-13T22:52:36,2024-01-13T16:52:36
NAME,CPU(cores),MEMORY(bytes),
h1-app-bb599cf94-4wflv,19m,2Mi,
h1-app-bb599cf94-ckqcs,21m,2Mi,
h1-app-bb599cf94-d7g6p,0m,2Mi,
h1-app-bb599cf94-f2pvq,100m,16Mi,
h1-app-bb599cf94-h6l5l,101m,16Mi,
h1-app-bb599cf94-q4mg8,101m,16Mi,
idx,175,LOG_TIME,2024-01-13T22:52:37,2024-01-13T16:52:37
NAME,CPU(cores),MEMORY(bytes),
h1-app-bb599cf94-4wflv,19m,2Mi,
h1-app-bb599cf94-ckqcs,21m,2Mi,
h1-app-bb599cf94-d7g6p,0m,2Mi,
h1-app-bb599cf94-f2pvq,100m,16Mi,
h1-app-bb599cf94-h6l5l,101m,16Mi,
h1-app-bb599cf94-q4mg8,101m,16Mi,
idx,176,LOG_TIME,2024-01-13T22:52:38,2024-01-13T16:52:38
NAME,CPU(cores),MEMORY(bytes),
h1-app-bb599cf94-4wflv,19m,2Mi,
h1-app-bb599cf94-ckqcs,21m,2Mi,
h1-app-bb599cf94-d7g6p,0m,2Mi,
h1-app-bb599cf94-f2pvq,100m,16Mi,
h1-app-bb599cf94-h6l5l,101m,16Mi,
h1-app-bb599cf94-q4mg8,101m,16Mi,
idx,177,LOG_TIME,2024-01-13T22:52:39,2024-01-13T16:52:39
NAME,CPU(cores),MEMORY(bytes),
h1-app-bb599cf94-4wflv,19m,2Mi,
h1-app-bb599cf94-ckqcs,21m,2Mi,
h1-app-bb599cf94-d7g6p,0m,2Mi,
h1-app-bb599cf94-f2pvq,100m,16Mi,
h1-app-bb599cf94-h6l5l,101m,16Mi,
h1-app-bb599cf94-q4mg8,101m,16Mi,
idx,178,LOG_TIME,2024-01-13T22:52:40,2024-01-13T16:52:40
NAME,CPU(cores),MEMORY(bytes),
h1-app-bb599cf94-4wflv,19m,2Mi,
h1-app-bb599cf94-ckqcs,21m,2Mi,
h1-app-bb599cf94-d7g6p,0m,2Mi,
h1-app-bb599cf94-f2pvq,100m,16Mi,
h1-app-bb599cf94-h6l5l,101m,16Mi,
h1-app-bb599cf94-q4mg8,101m,16Mi,
idx,179,LOG_TIME,2024-01-13T22:52:41,2024-01-13T16:52:41
NAME,CPU(cores),MEMORY(bytes),
h1-app-bb599cf94-4wflv,19m,2Mi,
h1-app-bb599cf94-ckqcs,21m,2Mi,
h1-app-bb599cf94-d7g6p,0m,2Mi,
h1-app-bb599cf94-f2pvq,100m,16Mi,
h1-app-bb599cf94-h6l5l,101m,16Mi,
h1-app-bb599cf94-q4mg8,101m,16Mi,
idx,180,LOG_TIME,2024-01-13T22:52:42,2024-01-13T16:52:42
NAME,CPU(cores),MEMORY(bytes),
h1-app-bb599cf94-4wflv,19m,2Mi,
h1-app-bb599cf94-ckqcs,21m,2Mi,
h1-app-bb599cf94-d7g6p,0m,2Mi,
h1-app-bb599cf94-f2pvq,100m,16Mi,
h1-app-bb599cf94-h6l5l,101m,16Mi,
h1-app-bb599cf94-q4mg8,101m,16Mi,
idx,181,LOG_TIME,2024-01-13T22:52:43,2024-01-13T16:52:43
NAME,CPU(cores),MEMORY(bytes),
h1-app-bb599cf94-4wflv,19m,2Mi,
h1-app-bb599cf94-ckqcs,21m,2Mi,
h1-app-bb599cf94-d7g6p,0m,2Mi,
h1-app-bb599cf94-f2pvq,100m,16Mi,
h1-app-bb599cf94-h6l5l,101m,16Mi,
h1-app-bb599cf94-q4mg8,101m,16Mi,
idx,182,LOG_TIME,2024-01-13T22:52:44,2024-01-13T16:52:44
NAME,CPU(cores),MEMORY(bytes),
h1-app-bb599cf94-4wflv,0m,2Mi,
h1-app-bb599cf94-ckqcs,0m,2Mi,
h1-app-bb599cf94-d7g6p,0m,2Mi,
h1-app-bb599cf94-f2pvq,100m,16Mi,
h1-app-bb599cf94-h6l5l,100m,16Mi,
h1-app-bb599cf94-q4mg8,100m,16Mi,
idx,183,LOG_TIME,2024-01-13T22:52:45,2024-01-13T16:52:45
NAME,CPU(cores),MEMORY(bytes),
h1-app-bb599cf94-4wflv,0m,2Mi,
h1-app-bb599cf94-ckqcs,0m,2Mi,
h1-app-bb599cf94-d7g6p,0m,2Mi,
h1-app-bb599cf94-f2pvq,100m,16Mi,
h1-app-bb599cf94-h6l5l,100m,16Mi,
h1-app-bb599cf94-q4mg8,100m,16Mi,
idx,184,LOG_TIME,2024-01-13T22:52:46,2024-01-13T16:52:46
NAME,CPU(cores),MEMORY(bytes),
h1-app-bb599cf94-4wflv,0m,2Mi,
h1-app-bb599cf94-ckqcs,0m,2Mi,
h1-app-bb599cf94-d7g6p,0m,2Mi,
h1-app-bb599cf94-f2pvq,100m,16Mi,
h1-app-bb599cf94-h6l5l,100m,16Mi,
h1-app-bb599cf94-q4mg8,100m,16Mi,
idx,185,LOG_TIME,2024-01-13T22:52:48,2024-01-13T16:52:48
NAME,CPU(cores),MEMORY(bytes),
h1-app-bb599cf94-4wflv,0m,2Mi,
h1-app-bb599cf94-ckqcs,0m,2Mi,
h1-app-bb599cf94-d7g6p,0m,2Mi,
h1-app-bb599cf94-f2pvq,100m,16Mi,
h1-app-bb599cf94-h6l5l,100m,16Mi,
h1-app-bb599cf94-q4mg8,100m,16Mi,
idx,186,LOG_TIME,2024-01-13T22:52:49,2024-01-13T16:52:49
NAME,CPU(cores),MEMORY(bytes),
h1-app-bb599cf94-4wflv,0m,2Mi,
h1-app-bb599cf94-ckqcs,0m,2Mi,
h1-app-bb599cf94-d7g6p,0m,2Mi,
h1-app-bb599cf94-f2pvq,100m,16Mi,
h1-app-bb599cf94-h6l5l,100m,16Mi,
h1-app-bb599cf94-q4mg8,100m,16Mi,
idx,187,LOG_TIME,2024-01-13T22:52:50,2024-01-13T16:52:50
NAME,CPU(cores),MEMORY(bytes),
h1-app-bb599cf94-4wflv,0m,2Mi,
h1-app-bb599cf94-ckqcs,0m,2Mi,
h1-app-bb599cf94-d7g6p,0m,2Mi,
h1-app-bb599cf94-f2pvq,100m,16Mi,
h1-app-bb599cf94-h6l5l,100m,16Mi,
h1-app-bb599cf94-q4mg8,100m,16Mi,
