idx,0,LOG_TIME,2023-05-14T15:53:17,2023-05-14T10:53:17
idx,1,LOG_TIME,2023-05-14T15:53:18,2023-05-14T10:53:18
idx,2,LOG_TIME,2023-05-14T15:53:19,2023-05-14T10:53:19
idx,3,LOG_TIME,2023-05-14T15:53:20,2023-05-14T10:53:20
idx,4,LOG_TIME,2023-05-14T15:53:21,2023-05-14T10:53:21
idx,5,LOG_TIME,2023-05-14T15:53:22,2023-05-14T10:53:22
idx,6,LOG_TIME,2023-05-14T15:53:23,2023-05-14T10:53:23
idx,7,LOG_TIME,2023-05-14T15:53:24,2023-05-14T10:53:24
idx,8,LOG_TIME,2023-05-14T15:53:25,2023-05-14T10:53:25
idx,9,LOG_TIME,2023-05-14T15:53:26,2023-05-14T10:53:26
idx,10,LOG_TIME,2023-05-14T15:53:27,2023-05-14T10:53:27
idx,11,LOG_TIME,2023-05-14T15:53:28,2023-05-14T10:53:28
idx,12,LOG_TIME,2023-05-14T15:53:29,2023-05-14T10:53:29
idx,13,LOG_TIME,2023-05-14T15:53:30,2023-05-14T10:53:30
idx,14,LOG_TIME,2023-05-14T15:53:31,2023-05-14T10:53:31
idx,15,LOG_TIME,2023-05-14T15:53:32,2023-05-14T10:53:32
idx,16,LOG_TIME,2023-05-14T15:53:33,2023-05-14T10:53:33
idx,17,LOG_TIME,2023-05-14T15:53:34,2023-05-14T10:53:34
NAME,CPU(cores),MEMORY(bytes),
h1-app-77f798d99c-w7nd9,101m,15Mi,
idx,18,LOG_TIME,2023-05-14T15:53:35,2023-05-14T10:53:35
NAME,CPU(cores),MEMORY(bytes),
h1-app-77f798d99c-w7nd9,101m,15Mi,
idx,19,LOG_TIME,2023-05-14T15:53:36,2023-05-14T10:53:36
NAME,CPU(cores),MEMORY(bytes),
h1-app-77f798d99c-w7nd9,101m,15Mi,
idx,20,LOG_TIME,2023-05-14T15:53:37,2023-05-14T10:53:37
NAME,CPU(cores),MEMORY(bytes),
h1-app-77f798d99c-w7nd9,101m,15Mi,
idx,21,LOG_TIME,2023-05-14T15:53:38,2023-05-14T10:53:38
NAME,CPU(cores),MEMORY(bytes),
h1-app-77f798d99c-w7nd9,101m,15Mi,
idx,22,LOG_TIME,2023-05-14T15:53:39,2023-05-14T10:53:39
NAME,CPU(cores),MEMORY(bytes),
h1-app-77f798d99c-w7nd9,101m,15Mi,
idx,23,LOG_TIME,2023-05-14T15:53:40,2023-05-14T10:53:40
NAME,CPU(cores),MEMORY(bytes),
h1-app-77f798d99c-w7nd9,101m,15Mi,
idx,24,LOG_TIME,2023-05-14T15:53:41,2023-05-14T10:53:41
NAME,CPU(cores),MEMORY(bytes),
h1-app-77f798d99c-w7nd9,101m,15Mi,
idx,25,LOG_TIME,2023-05-14T15:53:42,2023-05-14T10:53:42
NAME,CPU(cores),MEMORY(bytes),
h1-app-77f798d99c-w7nd9,101m,15Mi,
idx,26,LOG_TIME,2023-05-14T15:53:43,2023-05-14T10:53:43
NAME,CPU(cores),MEMORY(bytes),
h1-app-77f798d99c-w7nd9,101m,15Mi,
idx,27,LOG_TIME,2023-05-14T15:53:44,2023-05-14T10:53:45
NAME,CPU(cores),MEMORY(bytes),
h1-app-77f798d99c-w7nd9,101m,15Mi,
idx,28,LOG_TIME,2023-05-14T15:53:45,2023-05-14T10:53:46
NAME,CPU(cores),MEMORY(bytes),
h1-app-77f798d99c-w7nd9,101m,15Mi,
idx,29,LOG_TIME,2023-05-14T15:53:47,2023-05-14T10:53:47
NAME,CPU(cores),MEMORY(bytes),
h1-app-77f798d99c-w7nd9,101m,15Mi,
idx,30,LOG_TIME,2023-05-14T15:53:48,2023-05-14T10:53:48
NAME,CPU(cores),MEMORY(bytes),
h1-app-77f798d99c-w7nd9,101m,15Mi,
idx,31,LOG_TIME,2023-05-14T15:53:49,2023-05-14T10:53:49
NAME,CPU(cores),MEMORY(bytes),
h1-app-77f798d99c-w7nd9,101m,15Mi,
idx,32,LOG_TIME,2023-05-14T15:53:50,2023-05-14T10:53:50
NAME,CPU(cores),MEMORY(bytes),
h1-app-77f798d99c-w7nd9,101m,15Mi,
idx,33,LOG_TIME,2023-05-14T15:53:51,2023-05-14T10:53:51
NAME,CPU(cores),MEMORY(bytes),
h1-app-77f798d99c-w7nd9,101m,15Mi,
idx,34,LOG_TIME,2023-05-14T15:53:52,2023-05-14T10:53:52
NAME,CPU(cores),MEMORY(bytes),
h1-app-77f798d99c-w7nd9,101m,15Mi,
idx,35,LOG_TIME,2023-05-14T15:53:53,2023-05-14T10:53:53
NAME,CPU(cores),MEMORY(bytes),
h1-app-77f798d99c-w7nd9,101m,15Mi,
idx,36,LOG_TIME,2023-05-14T15:53:54,2023-05-14T10:53:54
NAME,CPU(cores),MEMORY(bytes),
h1-app-77f798d99c-w7nd9,101m,15Mi,
idx,37,LOG_TIME,2023-05-14T15:53:55,2023-05-14T10:53:55
NAME,CPU(cores),MEMORY(bytes),
h1-app-77f798d99c-w7nd9,100m,15Mi,
idx,38,LOG_TIME,2023-05-14T15:53:56,2023-05-14T10:53:56
NAME,CPU(cores),MEMORY(bytes),
h1-app-77f798d99c-w7nd9,100m,15Mi,
idx,39,LOG_TIME,2023-05-14T15:53:57,2023-05-14T10:53:57
NAME,CPU(cores),MEMORY(bytes),
h1-app-77f798d99c-w7nd9,100m,15Mi,
idx,40,LOG_TIME,2023-05-14T15:53:58,2023-05-14T10:53:58
NAME,CPU(cores),MEMORY(bytes),
h1-app-77f798d99c-w7nd9,100m,15Mi,
idx,41,LOG_TIME,2023-05-14T10:53:59,2023-05-14T10:53:59
NAME,CPU(cores),MEMORY(bytes),
h1-app-77f798d99c-w7nd9,100m,15Mi,
idx,42,LOG_TIME,2023-05-14T10:54:00,2023-05-14T10:54:00
NAME,CPU(cores),MEMORY(bytes),
h1-app-77f798d99c-w7nd9,100m,15Mi,
idx,43,LOG_TIME,2023-05-14T10:54:01,2023-05-14T10:54:01
NAME,CPU(cores),MEMORY(bytes),
h1-app-77f798d99c-w7nd9,100m,15Mi,
idx,44,LOG_TIME,2023-05-14T10:54:02,2023-05-14T10:54:02
NAME,CPU(cores),MEMORY(bytes),
h1-app-77f798d99c-w7nd9,100m,15Mi,
idx,45,LOG_TIME,2023-05-14T10:54:03,2023-05-14T10:54:03
NAME,CPU(cores),MEMORY(bytes),
h1-app-77f798d99c-w7nd9,100m,15Mi,
idx,46,LOG_TIME,2023-05-14T15:54:03,2023-05-14T10:54:03
NAME,CPU(cores),MEMORY(bytes),
h1-app-77f798d99c-w7nd9,100m,15Mi,
idx,47,LOG_TIME,2023-05-14T15:54:04,2023-05-14T10:54:04
NAME,CPU(cores),MEMORY(bytes),
h1-app-77f798d99c-w7nd9,100m,15Mi,
idx,48,LOG_TIME,2023-05-14T15:54:05,2023-05-14T10:54:05
NAME,CPU(cores),MEMORY(bytes),
h1-app-77f798d99c-w7nd9,100m,15Mi,
idx,49,LOG_TIME,2023-05-14T15:54:06,2023-05-14T10:54:06
NAME,CPU(cores),MEMORY(bytes),
h1-app-77f798d99c-w7nd9,100m,15Mi,
idx,50,LOG_TIME,2023-05-14T15:54:07,2023-05-14T10:54:07
NAME,CPU(cores),MEMORY(bytes),
h1-app-77f798d99c-w7nd9,100m,15Mi,
idx,51,LOG_TIME,2023-05-14T15:54:08,2023-05-14T10:54:08
NAME,CPU(cores),MEMORY(bytes),
h1-app-77f798d99c-w7nd9,100m,15Mi,
idx,52,LOG_TIME,2023-05-14T15:54:09,2023-05-14T10:54:09
NAME,CPU(cores),MEMORY(bytes),
h1-app-77f798d99c-w7nd9,100m,15Mi,
idx,53,LOG_TIME,2023-05-14T15:54:10,2023-05-14T10:54:10
NAME,CPU(cores),MEMORY(bytes),
h1-app-77f798d99c-w7nd9,100m,15Mi,
idx,54,LOG_TIME,2023-05-14T15:54:11,2023-05-14T10:54:11
NAME,CPU(cores),MEMORY(bytes),
h1-app-77f798d99c-w7nd9,100m,15Mi,
idx,55,LOG_TIME,2023-05-14T15:54:12,2023-05-14T10:54:12
NAME,CPU(cores),MEMORY(bytes),
h1-app-77f798d99c-w7nd9,100m,15Mi,
idx,56,LOG_TIME,2023-05-14T15:54:13,2023-05-14T10:54:13
NAME,CPU(cores),MEMORY(bytes),
h1-app-77f798d99c-w7nd9,100m,15Mi,
idx,57,LOG_TIME,2023-05-14T15:54:14,2023-05-14T10:54:14
NAME,CPU(cores),MEMORY(bytes),
h1-app-77f798d99c-w7nd9,100m,15Mi,
idx,58,LOG_TIME,2023-05-14T15:54:15,2023-05-14T10:54:15
NAME,CPU(cores),MEMORY(bytes),
h1-app-77f798d99c-w7nd9,100m,15Mi,
idx,59,LOG_TIME,2023-05-14T15:54:16,2023-05-14T10:54:16
NAME,CPU(cores),MEMORY(bytes),
h1-app-77f798d99c-w7nd9,100m,15Mi,
idx,60,LOG_TIME,2023-05-14T15:54:17,2023-05-14T10:54:17
NAME,CPU(cores),MEMORY(bytes),
h1-app-77f798d99c-w7nd9,100m,15Mi,
idx,61,LOG_TIME,2023-05-14T15:54:18,2023-05-14T10:54:18
NAME,CPU(cores),MEMORY(bytes),
h1-app-77f798d99c-w7nd9,100m,15Mi,
idx,62,LOG_TIME,2023-05-14T15:54:19,2023-05-14T10:54:19
NAME,CPU(cores),MEMORY(bytes),
h1-app-77f798d99c-w7nd9,100m,15Mi,
idx,63,LOG_TIME,2023-05-14T15:54:20,2023-05-14T10:54:20
NAME,CPU(cores),MEMORY(bytes),
h1-app-77f798d99c-w7nd9,100m,15Mi,
idx,64,LOG_TIME,2023-05-14T15:54:21,2023-05-14T10:54:21
NAME,CPU(cores),MEMORY(bytes),
h1-app-77f798d99c-w7nd9,100m,15Mi,
idx,65,LOG_TIME,2023-05-14T15:54:22,2023-05-14T10:54:22
NAME,CPU(cores),MEMORY(bytes),
h1-app-77f798d99c-w7nd9,100m,15Mi,
idx,66,LOG_TIME,2023-05-14T15:54:23,2023-05-14T10:54:23
NAME,CPU(cores),MEMORY(bytes),
h1-app-77f798d99c-w7nd9,100m,15Mi,
idx,67,LOG_TIME,2023-05-14T15:54:24,2023-05-14T10:54:24
NAME,CPU(cores),MEMORY(bytes),
h1-app-77f798d99c-ld8gb,101m,15Mi,
h1-app-77f798d99c-w7nd9,101m,15Mi,
idx,68,LOG_TIME,2023-05-14T15:54:25,2023-05-14T10:54:25
NAME,CPU(cores),MEMORY(bytes),
h1-app-77f798d99c-ld8gb,101m,15Mi,
h1-app-77f798d99c-w7nd9,101m,15Mi,
idx,69,LOG_TIME,2023-05-14T15:54:26,2023-05-14T10:54:26
NAME,CPU(cores),MEMORY(bytes),
h1-app-77f798d99c-ld8gb,101m,15Mi,
h1-app-77f798d99c-w7nd9,101m,15Mi,
idx,70,LOG_TIME,2023-05-14T15:54:27,2023-05-14T10:54:27
NAME,CPU(cores),MEMORY(bytes),
h1-app-77f798d99c-ld8gb,101m,15Mi,
h1-app-77f798d99c-w7nd9,101m,15Mi,
idx,71,LOG_TIME,2023-05-14T15:54:28,2023-05-14T10:54:28
NAME,CPU(cores),MEMORY(bytes),
h1-app-77f798d99c-ld8gb,101m,15Mi,
h1-app-77f798d99c-w7nd9,101m,15Mi,
idx,72,LOG_TIME,2023-05-14T15:54:29,2023-05-14T10:54:29
NAME,CPU(cores),MEMORY(bytes),
h1-app-77f798d99c-ld8gb,101m,15Mi,
h1-app-77f798d99c-w7nd9,101m,15Mi,
idx,73,LOG_TIME,2023-05-14T15:54:30,2023-05-14T10:54:30
NAME,CPU(cores),MEMORY(bytes),
h1-app-77f798d99c-ld8gb,101m,15Mi,
h1-app-77f798d99c-w7nd9,101m,15Mi,
idx,74,LOG_TIME,2023-05-14T15:54:31,2023-05-14T10:54:31
NAME,CPU(cores),MEMORY(bytes),
h1-app-77f798d99c-ld8gb,101m,15Mi,
h1-app-77f798d99c-w7nd9,101m,15Mi,
idx,75,LOG_TIME,2023-05-14T15:54:32,2023-05-14T10:54:32
NAME,CPU(cores),MEMORY(bytes),
h1-app-77f798d99c-ld8gb,101m,15Mi,
h1-app-77f798d99c-w7nd9,101m,15Mi,
idx,76,LOG_TIME,2023-05-14T15:54:33,2023-05-14T10:54:33
NAME,CPU(cores),MEMORY(bytes),
h1-app-77f798d99c-ld8gb,101m,15Mi,
h1-app-77f798d99c-w7nd9,101m,15Mi,
idx,77,LOG_TIME,2023-05-14T15:54:34,2023-05-14T10:54:34
NAME,CPU(cores),MEMORY(bytes),
h1-app-77f798d99c-ld8gb,101m,15Mi,
h1-app-77f798d99c-w7nd9,101m,15Mi,
idx,78,LOG_TIME,2023-05-14T15:54:35,2023-05-14T10:54:35
NAME,CPU(cores),MEMORY(bytes),
h1-app-77f798d99c-ld8gb,101m,15Mi,
h1-app-77f798d99c-w7nd9,101m,15Mi,
idx,79,LOG_TIME,2023-05-14T15:54:36,2023-05-14T10:54:36
NAME,CPU(cores),MEMORY(bytes),
h1-app-77f798d99c-ld8gb,101m,15Mi,
h1-app-77f798d99c-w7nd9,101m,15Mi,
idx,80,LOG_TIME,2023-05-14T15:54:37,2023-05-14T10:54:37
NAME,CPU(cores),MEMORY(bytes),
h1-app-77f798d99c-ld8gb,101m,15Mi,
h1-app-77f798d99c-w7nd9,101m,15Mi,
idx,81,LOG_TIME,2023-05-14T15:54:38,2023-05-14T10:54:38
NAME,CPU(cores),MEMORY(bytes),
h1-app-77f798d99c-ld8gb,101m,15Mi,
h1-app-77f798d99c-w7nd9,101m,15Mi,
idx,82,LOG_TIME,2023-05-14T15:54:39,2023-05-14T10:54:40
NAME,CPU(cores),MEMORY(bytes),
h1-app-77f798d99c-ld8gb,101m,15Mi,
h1-app-77f798d99c-w7nd9,101m,15Mi,
idx,83,LOG_TIME,2023-05-14T15:54:40,2023-05-14T10:54:41
NAME,CPU(cores),MEMORY(bytes),
h1-app-77f798d99c-ld8gb,101m,15Mi,
h1-app-77f798d99c-w7nd9,101m,15Mi,
idx,84,LOG_TIME,2023-05-14T15:54:41,2023-05-14T10:54:42
NAME,CPU(cores),MEMORY(bytes),
h1-app-77f798d99c-ld8gb,101m,15Mi,
h1-app-77f798d99c-w7nd9,101m,15Mi,
idx,85,LOG_TIME,2023-05-14T15:54:43,2023-05-14T10:54:43
NAME,CPU(cores),MEMORY(bytes),
h1-app-77f798d99c-ld8gb,101m,15Mi,
h1-app-77f798d99c-w7nd9,101m,15Mi,
idx,86,LOG_TIME,2023-05-14T15:54:44,2023-05-14T10:54:44
NAME,CPU(cores),MEMORY(bytes),
h1-app-77f798d99c-ld8gb,101m,15Mi,
h1-app-77f798d99c-w7nd9,101m,15Mi,
idx,87,LOG_TIME,2023-05-14T15:54:45,2023-05-14T10:54:45
NAME,CPU(cores),MEMORY(bytes),
h1-app-77f798d99c-ld8gb,101m,15Mi,
h1-app-77f798d99c-w7nd9,101m,15Mi,
idx,88,LOG_TIME,2023-05-14T15:54:46,2023-05-14T10:54:46
NAME,CPU(cores),MEMORY(bytes),
h1-app-77f798d99c-ld8gb,101m,15Mi,
h1-app-77f798d99c-w7nd9,101m,15Mi,
idx,89,LOG_TIME,2023-05-14T15:54:47,2023-05-14T10:54:47
NAME,CPU(cores),MEMORY(bytes),
h1-app-77f798d99c-ld8gb,101m,15Mi,
h1-app-77f798d99c-w7nd9,101m,15Mi,
idx,90,LOG_TIME,2023-05-14T15:54:48,2023-05-14T10:54:48
NAME,CPU(cores),MEMORY(bytes),
h1-app-77f798d99c-ld8gb,101m,15Mi,
h1-app-77f798d99c-w7nd9,101m,15Mi,
idx,91,LOG_TIME,2023-05-14T15:54:49,2023-05-14T10:54:49
NAME,CPU(cores),MEMORY(bytes),
h1-app-77f798d99c-ld8gb,101m,15Mi,
h1-app-77f798d99c-w7nd9,101m,15Mi,
idx,92,LOG_TIME,2023-05-14T15:54:50,2023-05-14T10:54:50
NAME,CPU(cores),MEMORY(bytes),
h1-app-77f798d99c-ld8gb,101m,15Mi,
h1-app-77f798d99c-w7nd9,101m,15Mi,
idx,93,LOG_TIME,2023-05-14T15:54:51,2023-05-14T10:54:51
NAME,CPU(cores),MEMORY(bytes),
h1-app-77f798d99c-ld8gb,101m,15Mi,
h1-app-77f798d99c-w7nd9,101m,15Mi,
idx,94,LOG_TIME,2023-05-14T15:54:52,2023-05-14T10:54:52
NAME,CPU(cores),MEMORY(bytes),
h1-app-77f798d99c-ld8gb,101m,15Mi,
h1-app-77f798d99c-w7nd9,101m,15Mi,
idx,95,LOG_TIME,2023-05-14T15:54:53,2023-05-14T10:54:53
NAME,CPU(cores),MEMORY(bytes),
h1-app-77f798d99c-ld8gb,101m,15Mi,
h1-app-77f798d99c-w7nd9,101m,15Mi,
idx,96,LOG_TIME,2023-05-14T15:54:54,2023-05-14T10:54:54
NAME,CPU(cores),MEMORY(bytes),
h1-app-77f798d99c-ld8gb,101m,15Mi,
h1-app-77f798d99c-w7nd9,101m,15Mi,
idx,97,LOG_TIME,2023-05-14T15:54:55,2023-05-14T10:54:55
NAME,CPU(cores),MEMORY(bytes),
h1-app-77f798d99c-ld8gb,100m,15Mi,
h1-app-77f798d99c-w7nd9,101m,15Mi,
idx,98,LOG_TIME,2023-05-14T15:54:56,2023-05-14T10:54:56
NAME,CPU(cores),MEMORY(bytes),
h1-app-77f798d99c-ld8gb,100m,15Mi,
h1-app-77f798d99c-w7nd9,101m,15Mi,
idx,99,LOG_TIME,2023-05-14T15:54:57,2023-05-14T10:54:57
NAME,CPU(cores),MEMORY(bytes),
h1-app-77f798d99c-ld8gb,100m,15Mi,
h1-app-77f798d99c-w7nd9,101m,15Mi,
idx,100,LOG_TIME,2023-05-14T15:54:58,2023-05-14T10:54:58
NAME,CPU(cores),MEMORY(bytes),
h1-app-77f798d99c-ld8gb,100m,15Mi,
h1-app-77f798d99c-w7nd9,101m,15Mi,
idx,101,LOG_TIME,2023-05-14T15:54:59,2023-05-14T10:54:59
NAME,CPU(cores),MEMORY(bytes),
h1-app-77f798d99c-ld8gb,100m,15Mi,
h1-app-77f798d99c-w7nd9,101m,15Mi,
idx,102,LOG_TIME,2023-05-14T15:55:00,2023-05-14T10:55:00
NAME,CPU(cores),MEMORY(bytes),
h1-app-77f798d99c-ld8gb,100m,15Mi,
h1-app-77f798d99c-w7nd9,101m,15Mi,
idx,103,LOG_TIME,2023-05-14T15:55:01,2023-05-14T10:55:01
NAME,CPU(cores),MEMORY(bytes),
h1-app-77f798d99c-ld8gb,100m,15Mi,
h1-app-77f798d99c-w7nd9,101m,15Mi,
idx,104,LOG_TIME,2023-05-14T15:55:02,2023-05-14T10:55:02
NAME,CPU(cores),MEMORY(bytes),
h1-app-77f798d99c-ld8gb,100m,15Mi,
h1-app-77f798d99c-w7nd9,101m,15Mi,
idx,105,LOG_TIME,2023-05-14T15:55:03,2023-05-14T10:55:03
NAME,CPU(cores),MEMORY(bytes),
h1-app-77f798d99c-ld8gb,100m,15Mi,
h1-app-77f798d99c-w7nd9,101m,15Mi,
idx,106,LOG_TIME,2023-05-14T15:55:04,2023-05-14T10:55:04
NAME,CPU(cores),MEMORY(bytes),
h1-app-77f798d99c-ld8gb,100m,15Mi,
h1-app-77f798d99c-w7nd9,101m,15Mi,
idx,107,LOG_TIME,2023-05-14T15:55:05,2023-05-14T10:55:05
NAME,CPU(cores),MEMORY(bytes),
h1-app-77f798d99c-ld8gb,101m,15Mi,
h1-app-77f798d99c-p7b7r,101m,16Mi,
h1-app-77f798d99c-pl6hv,101m,16Mi,
h1-app-77f798d99c-w7nd9,101m,15Mi,
idx,108,LOG_TIME,2023-05-14T15:55:06,2023-05-14T10:55:06
NAME,CPU(cores),MEMORY(bytes),
h1-app-77f798d99c-ld8gb,101m,15Mi,
h1-app-77f798d99c-p7b7r,101m,16Mi,
h1-app-77f798d99c-pl6hv,101m,16Mi,
h1-app-77f798d99c-w7nd9,101m,15Mi,
idx,109,LOG_TIME,2023-05-14T15:55:07,2023-05-14T10:55:07
NAME,CPU(cores),MEMORY(bytes),
h1-app-77f798d99c-ld8gb,101m,15Mi,
h1-app-77f798d99c-p7b7r,101m,16Mi,
h1-app-77f798d99c-pl6hv,101m,16Mi,
h1-app-77f798d99c-w7nd9,101m,15Mi,
idx,110,LOG_TIME,2023-05-14T15:55:08,2023-05-14T10:55:08
NAME,CPU(cores),MEMORY(bytes),
h1-app-77f798d99c-ld8gb,101m,15Mi,
h1-app-77f798d99c-p7b7r,101m,16Mi,
h1-app-77f798d99c-pl6hv,101m,16Mi,
h1-app-77f798d99c-w7nd9,101m,15Mi,
idx,111,LOG_TIME,2023-05-14T15:55:09,2023-05-14T10:55:09
NAME,CPU(cores),MEMORY(bytes),
h1-app-77f798d99c-ld8gb,101m,15Mi,
h1-app-77f798d99c-p7b7r,101m,16Mi,
h1-app-77f798d99c-pl6hv,101m,16Mi,
h1-app-77f798d99c-w7nd9,101m,15Mi,
idx,112,LOG_TIME,2023-05-14T15:55:10,2023-05-14T10:55:10
NAME,CPU(cores),MEMORY(bytes),
h1-app-77f798d99c-ld8gb,101m,15Mi,
h1-app-77f798d99c-p7b7r,101m,16Mi,
h1-app-77f798d99c-pl6hv,101m,16Mi,
h1-app-77f798d99c-w7nd9,101m,15Mi,
idx,113,LOG_TIME,2023-05-14T15:55:11,2023-05-14T10:55:11
NAME,CPU(cores),MEMORY(bytes),
h1-app-77f798d99c-ld8gb,101m,15Mi,
h1-app-77f798d99c-p7b7r,101m,16Mi,
h1-app-77f798d99c-pl6hv,101m,16Mi,
h1-app-77f798d99c-w7nd9,101m,15Mi,
idx,114,LOG_TIME,2023-05-14T15:55:12,2023-05-14T10:55:12
NAME,CPU(cores),MEMORY(bytes),
h1-app-77f798d99c-ld8gb,101m,15Mi,
h1-app-77f798d99c-p7b7r,101m,16Mi,
h1-app-77f798d99c-pl6hv,101m,16Mi,
h1-app-77f798d99c-w7nd9,101m,15Mi,
idx,115,LOG_TIME,2023-05-14T15:55:13,2023-05-14T10:55:13
NAME,CPU(cores),MEMORY(bytes),
h1-app-77f798d99c-ld8gb,101m,15Mi,
h1-app-77f798d99c-p7b7r,101m,16Mi,
h1-app-77f798d99c-pl6hv,101m,16Mi,
h1-app-77f798d99c-w7nd9,101m,15Mi,
idx,116,LOG_TIME,2023-05-14T15:55:14,2023-05-14T10:55:14
NAME,CPU(cores),MEMORY(bytes),
h1-app-77f798d99c-ld8gb,101m,15Mi,
h1-app-77f798d99c-p7b7r,101m,16Mi,
h1-app-77f798d99c-pl6hv,101m,16Mi,
h1-app-77f798d99c-w7nd9,101m,15Mi,
idx,117,LOG_TIME,2023-05-14T15:55:15,2023-05-14T10:55:15
NAME,CPU(cores),MEMORY(bytes),
h1-app-77f798d99c-ld8gb,101m,15Mi,
h1-app-77f798d99c-p7b7r,100m,16Mi,
h1-app-77f798d99c-pl6hv,101m,16Mi,
h1-app-77f798d99c-w7nd9,100m,15Mi,
idx,118,LOG_TIME,2023-05-14T15:55:16,2023-05-14T10:55:16
NAME,CPU(cores),MEMORY(bytes),
h1-app-77f798d99c-ld8gb,101m,15Mi,
h1-app-77f798d99c-p7b7r,100m,16Mi,
h1-app-77f798d99c-pl6hv,101m,16Mi,
h1-app-77f798d99c-w7nd9,100m,15Mi,
idx,119,LOG_TIME,2023-05-14T15:55:17,2023-05-14T10:55:17
NAME,CPU(cores),MEMORY(bytes),
h1-app-77f798d99c-ld8gb,101m,15Mi,
h1-app-77f798d99c-p7b7r,100m,16Mi,
h1-app-77f798d99c-pl6hv,101m,16Mi,
h1-app-77f798d99c-w7nd9,100m,15Mi,
idx,120,LOG_TIME,2023-05-14T15:55:18,2023-05-14T10:55:18
NAME,CPU(cores),MEMORY(bytes),
h1-app-77f798d99c-ld8gb,101m,15Mi,
h1-app-77f798d99c-p7b7r,100m,16Mi,
h1-app-77f798d99c-pl6hv,101m,16Mi,
h1-app-77f798d99c-w7nd9,100m,15Mi,
idx,121,LOG_TIME,2023-05-14T15:55:19,2023-05-14T10:55:19
NAME,CPU(cores),MEMORY(bytes),
h1-app-77f798d99c-ld8gb,101m,15Mi,
h1-app-77f798d99c-p7b7r,100m,16Mi,
h1-app-77f798d99c-pl6hv,101m,16Mi,
h1-app-77f798d99c-w7nd9,100m,15Mi,
idx,122,LOG_TIME,2023-05-14T15:55:20,2023-05-14T10:55:20
NAME,CPU(cores),MEMORY(bytes),
h1-app-77f798d99c-ld8gb,101m,15Mi,
h1-app-77f798d99c-p7b7r,100m,16Mi,
h1-app-77f798d99c-pl6hv,101m,16Mi,
h1-app-77f798d99c-w7nd9,100m,15Mi,
idx,123,LOG_TIME,2023-05-14T15:55:21,2023-05-14T10:55:21
NAME,CPU(cores),MEMORY(bytes),
h1-app-77f798d99c-ld8gb,101m,15Mi,
h1-app-77f798d99c-p7b7r,100m,16Mi,
h1-app-77f798d99c-pl6hv,101m,16Mi,
h1-app-77f798d99c-w7nd9,100m,15Mi,
idx,124,LOG_TIME,2023-05-14T15:55:22,2023-05-14T10:55:22
NAME,CPU(cores),MEMORY(bytes),
h1-app-77f798d99c-ld8gb,101m,15Mi,
h1-app-77f798d99c-p7b7r,100m,16Mi,
h1-app-77f798d99c-pl6hv,101m,16Mi,
h1-app-77f798d99c-w7nd9,100m,15Mi,
idx,125,LOG_TIME,2023-05-14T15:55:23,2023-05-14T10:55:23
NAME,CPU(cores),MEMORY(bytes),
h1-app-77f798d99c-ld8gb,101m,15Mi,
h1-app-77f798d99c-p7b7r,100m,16Mi,
h1-app-77f798d99c-pl6hv,101m,16Mi,
h1-app-77f798d99c-w7nd9,100m,15Mi,
idx,126,LOG_TIME,2023-05-14T15:55:24,2023-05-14T10:55:24
NAME,CPU(cores),MEMORY(bytes),
h1-app-77f798d99c-ld8gb,101m,15Mi,
h1-app-77f798d99c-p7b7r,100m,16Mi,
h1-app-77f798d99c-pl6hv,101m,16Mi,
h1-app-77f798d99c-w7nd9,100m,15Mi,
idx,127,LOG_TIME,2023-05-14T15:55:25,2023-05-14T10:55:25
NAME,CPU(cores),MEMORY(bytes),
h1-app-77f798d99c-8zxr4,101m,16Mi,
h1-app-77f798d99c-ld8gb,101m,15Mi,
h1-app-77f798d99c-p7b7r,101m,16Mi,
h1-app-77f798d99c-pl6hv,101m,16Mi,
h1-app-77f798d99c-w7nd9,100m,15Mi,
idx,128,LOG_TIME,2023-05-14T15:55:26,2023-05-14T10:55:26
NAME,CPU(cores),MEMORY(bytes),
h1-app-77f798d99c-8zxr4,101m,16Mi,
h1-app-77f798d99c-ld8gb,101m,15Mi,
h1-app-77f798d99c-p7b7r,101m,16Mi,
h1-app-77f798d99c-pl6hv,101m,16Mi,
h1-app-77f798d99c-w7nd9,100m,15Mi,
idx,129,LOG_TIME,2023-05-14T15:55:27,2023-05-14T10:55:27
NAME,CPU(cores),MEMORY(bytes),
h1-app-77f798d99c-8zxr4,101m,16Mi,
h1-app-77f798d99c-ld8gb,101m,15Mi,
h1-app-77f798d99c-p7b7r,101m,16Mi,
h1-app-77f798d99c-pl6hv,101m,16Mi,
h1-app-77f798d99c-w7nd9,100m,15Mi,
idx,130,LOG_TIME,2023-05-14T15:55:28,2023-05-14T10:55:28
NAME,CPU(cores),MEMORY(bytes),
h1-app-77f798d99c-8zxr4,101m,16Mi,
h1-app-77f798d99c-ld8gb,101m,15Mi,
h1-app-77f798d99c-p7b7r,101m,16Mi,
h1-app-77f798d99c-pl6hv,101m,16Mi,
h1-app-77f798d99c-w7nd9,100m,15Mi,
idx,131,LOG_TIME,2023-05-14T15:55:29,2023-05-14T10:55:29
NAME,CPU(cores),MEMORY(bytes),
h1-app-77f798d99c-8zxr4,101m,16Mi,
h1-app-77f798d99c-ld8gb,101m,15Mi,
h1-app-77f798d99c-p7b7r,101m,16Mi,
h1-app-77f798d99c-pl6hv,101m,16Mi,
h1-app-77f798d99c-w7nd9,100m,15Mi,
idx,132,LOG_TIME,2023-05-14T15:55:30,2023-05-14T10:55:30
NAME,CPU(cores),MEMORY(bytes),
h1-app-77f798d99c-8zxr4,101m,16Mi,
h1-app-77f798d99c-ld8gb,101m,15Mi,
h1-app-77f798d99c-p7b7r,101m,16Mi,
h1-app-77f798d99c-pl6hv,101m,16Mi,
h1-app-77f798d99c-w7nd9,100m,15Mi,
idx,133,LOG_TIME,2023-05-14T15:55:31,2023-05-14T10:55:31
NAME,CPU(cores),MEMORY(bytes),
h1-app-77f798d99c-8zxr4,101m,16Mi,
h1-app-77f798d99c-ld8gb,101m,15Mi,
h1-app-77f798d99c-p7b7r,101m,16Mi,
h1-app-77f798d99c-pl6hv,101m,16Mi,
h1-app-77f798d99c-w7nd9,100m,15Mi,
idx,134,LOG_TIME,2023-05-14T15:55:32,2023-05-14T10:55:32
NAME,CPU(cores),MEMORY(bytes),
h1-app-77f798d99c-8zxr4,101m,16Mi,
h1-app-77f798d99c-ld8gb,101m,15Mi,
h1-app-77f798d99c-p7b7r,101m,16Mi,
h1-app-77f798d99c-pl6hv,101m,16Mi,
h1-app-77f798d99c-w7nd9,100m,15Mi,
idx,135,LOG_TIME,2023-05-14T15:55:33,2023-05-14T10:55:33
NAME,CPU(cores),MEMORY(bytes),
h1-app-77f798d99c-8zxr4,101m,16Mi,
h1-app-77f798d99c-ld8gb,101m,15Mi,
h1-app-77f798d99c-p7b7r,101m,16Mi,
h1-app-77f798d99c-pl6hv,101m,16Mi,
h1-app-77f798d99c-w7nd9,100m,15Mi,
idx,136,LOG_TIME,2023-05-14T15:55:34,2023-05-14T10:55:34
NAME,CPU(cores),MEMORY(bytes),
h1-app-77f798d99c-8zxr4,101m,16Mi,
h1-app-77f798d99c-ld8gb,101m,15Mi,
h1-app-77f798d99c-p7b7r,101m,16Mi,
h1-app-77f798d99c-pl6hv,101m,16Mi,
h1-app-77f798d99c-w7nd9,100m,15Mi,
idx,137,LOG_TIME,2023-05-14T15:55:35,2023-05-14T10:55:35
NAME,CPU(cores),MEMORY(bytes),
h1-app-77f798d99c-8zxr4,101m,16Mi,
h1-app-77f798d99c-ld8gb,101m,15Mi,
h1-app-77f798d99c-p7b7r,101m,16Mi,
h1-app-77f798d99c-pl6hv,101m,16Mi,
h1-app-77f798d99c-w7nd9,100m,15Mi,
idx,138,LOG_TIME,2023-05-14T15:55:36,2023-05-14T10:55:36
NAME,CPU(cores),MEMORY(bytes),
h1-app-77f798d99c-7b4d8,101m,15Mi,
h1-app-77f798d99c-8zxr4,101m,16Mi,
h1-app-77f798d99c-ld8gb,101m,15Mi,
h1-app-77f798d99c-p7b7r,101m,16Mi,
h1-app-77f798d99c-pl6hv,101m,16Mi,
h1-app-77f798d99c-w7nd9,37m,2Mi,
idx,139,LOG_TIME,2023-05-14T15:55:37,2023-05-14T10:55:37
NAME,CPU(cores),MEMORY(bytes),
h1-app-77f798d99c-7b4d8,101m,15Mi,
h1-app-77f798d99c-8zxr4,101m,16Mi,
h1-app-77f798d99c-ld8gb,101m,15Mi,
h1-app-77f798d99c-p7b7r,101m,16Mi,
h1-app-77f798d99c-pl6hv,101m,16Mi,
h1-app-77f798d99c-w7nd9,37m,2Mi,
idx,140,LOG_TIME,2023-05-14T15:55:38,2023-05-14T10:55:38
NAME,CPU(cores),MEMORY(bytes),
h1-app-77f798d99c-7b4d8,101m,15Mi,
h1-app-77f798d99c-8zxr4,101m,16Mi,
h1-app-77f798d99c-ld8gb,101m,15Mi,
h1-app-77f798d99c-p7b7r,101m,16Mi,
h1-app-77f798d99c-pl6hv,101m,16Mi,
h1-app-77f798d99c-w7nd9,37m,2Mi,
idx,141,LOG_TIME,2023-05-14T15:55:39,2023-05-14T10:55:39
NAME,CPU(cores),MEMORY(bytes),
h1-app-77f798d99c-7b4d8,101m,15Mi,
h1-app-77f798d99c-8zxr4,101m,16Mi,
h1-app-77f798d99c-ld8gb,101m,15Mi,
h1-app-77f798d99c-p7b7r,101m,16Mi,
h1-app-77f798d99c-pl6hv,101m,16Mi,
h1-app-77f798d99c-w7nd9,37m,2Mi,
idx,142,LOG_TIME,2023-05-14T15:55:40,2023-05-14T10:55:40
NAME,CPU(cores),MEMORY(bytes),
h1-app-77f798d99c-7b4d8,101m,15Mi,
h1-app-77f798d99c-8zxr4,101m,16Mi,
h1-app-77f798d99c-ld8gb,101m,15Mi,
h1-app-77f798d99c-p7b7r,101m,16Mi,
h1-app-77f798d99c-pl6hv,101m,16Mi,
h1-app-77f798d99c-w7nd9,37m,2Mi,
idx,143,LOG_TIME,2023-05-14T15:55:41,2023-05-14T10:55:41
NAME,CPU(cores),MEMORY(bytes),
h1-app-77f798d99c-7b4d8,101m,15Mi,
h1-app-77f798d99c-8zxr4,101m,16Mi,
h1-app-77f798d99c-ld8gb,101m,15Mi,
h1-app-77f798d99c-p7b7r,101m,16Mi,
h1-app-77f798d99c-pl6hv,101m,16Mi,
h1-app-77f798d99c-w7nd9,37m,2Mi,
idx,144,LOG_TIME,2023-05-14T15:55:42,2023-05-14T10:55:42
NAME,CPU(cores),MEMORY(bytes),
h1-app-77f798d99c-7b4d8,101m,15Mi,
h1-app-77f798d99c-8zxr4,101m,16Mi,
h1-app-77f798d99c-ld8gb,101m,15Mi,
h1-app-77f798d99c-p7b7r,101m,16Mi,
h1-app-77f798d99c-pl6hv,101m,16Mi,
h1-app-77f798d99c-w7nd9,37m,2Mi,
idx,145,LOG_TIME,2023-05-14T15:55:43,2023-05-14T10:55:43
NAME,CPU(cores),MEMORY(bytes),
h1-app-77f798d99c-7b4d8,101m,15Mi,
h1-app-77f798d99c-8zxr4,101m,16Mi,
h1-app-77f798d99c-ld8gb,101m,15Mi,
h1-app-77f798d99c-p7b7r,101m,16Mi,
h1-app-77f798d99c-pl6hv,101m,16Mi,
h1-app-77f798d99c-w7nd9,37m,2Mi,
idx,146,LOG_TIME,2023-05-14T15:55:44,2023-05-14T10:55:44
NAME,CPU(cores),MEMORY(bytes),
h1-app-77f798d99c-7b4d8,101m,15Mi,
h1-app-77f798d99c-8zxr4,100m,16Mi,
h1-app-77f798d99c-ld8gb,100m,15Mi,
h1-app-77f798d99c-p7b7r,101m,16Mi,
h1-app-77f798d99c-pl6hv,100m,16Mi,
h1-app-77f798d99c-w7nd9,37m,2Mi,
idx,147,LOG_TIME,2023-05-14T15:55:45,2023-05-14T10:55:45
NAME,CPU(cores),MEMORY(bytes),
h1-app-77f798d99c-7b4d8,101m,15Mi,
h1-app-77f798d99c-8zxr4,100m,16Mi,
h1-app-77f798d99c-ld8gb,100m,15Mi,
h1-app-77f798d99c-p7b7r,101m,16Mi,
h1-app-77f798d99c-pl6hv,100m,16Mi,
h1-app-77f798d99c-w7nd9,37m,2Mi,
idx,148,LOG_TIME,2023-05-14T15:55:46,2023-05-14T10:55:47
NAME,CPU(cores),MEMORY(bytes),
h1-app-77f798d99c-7b4d8,101m,15Mi,
h1-app-77f798d99c-8zxr4,100m,16Mi,
h1-app-77f798d99c-ld8gb,100m,15Mi,
h1-app-77f798d99c-p7b7r,101m,16Mi,
h1-app-77f798d99c-pl6hv,100m,16Mi,
h1-app-77f798d99c-w7nd9,37m,2Mi,
idx,149,LOG_TIME,2023-05-14T15:55:48,2023-05-14T10:55:48
NAME,CPU(cores),MEMORY(bytes),
h1-app-77f798d99c-7b4d8,101m,15Mi,
h1-app-77f798d99c-8zxr4,100m,16Mi,
h1-app-77f798d99c-ld8gb,100m,15Mi,
h1-app-77f798d99c-p7b7r,101m,16Mi,
h1-app-77f798d99c-pl6hv,100m,16Mi,
h1-app-77f798d99c-w7nd9,37m,2Mi,
idx,150,LOG_TIME,2023-05-14T15:55:49,2023-05-14T10:55:49
NAME,CPU(cores),MEMORY(bytes),
h1-app-77f798d99c-7b4d8,101m,15Mi,
h1-app-77f798d99c-8zxr4,100m,16Mi,
h1-app-77f798d99c-ld8gb,100m,15Mi,
h1-app-77f798d99c-p7b7r,101m,16Mi,
h1-app-77f798d99c-pl6hv,100m,16Mi,
h1-app-77f798d99c-w7nd9,37m,2Mi,
idx,151,LOG_TIME,2023-05-14T15:55:50,2023-05-14T10:55:50
NAME,CPU(cores),MEMORY(bytes),
h1-app-77f798d99c-7b4d8,101m,15Mi,
h1-app-77f798d99c-8zxr4,100m,16Mi,
h1-app-77f798d99c-ld8gb,100m,15Mi,
h1-app-77f798d99c-p7b7r,101m,16Mi,
h1-app-77f798d99c-pl6hv,100m,16Mi,
h1-app-77f798d99c-w7nd9,37m,2Mi,
idx,152,LOG_TIME,2023-05-14T15:55:51,2023-05-14T10:55:51
NAME,CPU(cores),MEMORY(bytes),
h1-app-77f798d99c-7b4d8,101m,15Mi,
h1-app-77f798d99c-8zxr4,100m,16Mi,
h1-app-77f798d99c-ld8gb,100m,15Mi,
h1-app-77f798d99c-p7b7r,101m,16Mi,
h1-app-77f798d99c-pl6hv,100m,16Mi,
h1-app-77f798d99c-w7nd9,37m,2Mi,
idx,153,LOG_TIME,2023-05-14T15:55:52,2023-05-14T10:55:52
NAME,CPU(cores),MEMORY(bytes),
h1-app-77f798d99c-7b4d8,101m,15Mi,
h1-app-77f798d99c-8zxr4,100m,16Mi,
h1-app-77f798d99c-ld8gb,100m,15Mi,
h1-app-77f798d99c-p7b7r,101m,16Mi,
h1-app-77f798d99c-pl6hv,100m,16Mi,
h1-app-77f798d99c-w7nd9,37m,2Mi,
idx,154,LOG_TIME,2023-05-14T15:55:53,2023-05-14T10:55:53
NAME,CPU(cores),MEMORY(bytes),
h1-app-77f798d99c-7b4d8,101m,15Mi,
h1-app-77f798d99c-8zxr4,100m,16Mi,
h1-app-77f798d99c-ld8gb,100m,15Mi,
h1-app-77f798d99c-p7b7r,101m,16Mi,
h1-app-77f798d99c-pl6hv,100m,16Mi,
h1-app-77f798d99c-w7nd9,37m,2Mi,
idx,155,LOG_TIME,2023-05-14T15:55:54,2023-05-14T10:55:54
NAME,CPU(cores),MEMORY(bytes),
h1-app-77f798d99c-7b4d8,101m,15Mi,
h1-app-77f798d99c-8zxr4,100m,16Mi,
h1-app-77f798d99c-ld8gb,100m,15Mi,
h1-app-77f798d99c-p7b7r,101m,16Mi,
h1-app-77f798d99c-pl6hv,100m,16Mi,
h1-app-77f798d99c-w7nd9,37m,2Mi,
idx,156,LOG_TIME,2023-05-14T15:55:55,2023-05-14T10:55:55
NAME,CPU(cores),MEMORY(bytes),
h1-app-77f798d99c-7b4d8,101m,15Mi,
h1-app-77f798d99c-8zxr4,100m,16Mi,
h1-app-77f798d99c-9wm7g,100m,16Mi,
h1-app-77f798d99c-ctc2h,101m,16Mi,
h1-app-77f798d99c-ld8gb,101m,15Mi,
h1-app-77f798d99c-p7b7r,101m,16Mi,
h1-app-77f798d99c-pl6hv,100m,16Mi,
h1-app-77f798d99c-w7nd9,0m,2Mi,
idx,157,LOG_TIME,2023-05-14T15:55:56,2023-05-14T10:55:56
NAME,CPU(cores),MEMORY(bytes),
h1-app-77f798d99c-7b4d8,101m,15Mi,
h1-app-77f798d99c-8zxr4,100m,16Mi,
h1-app-77f798d99c-9wm7g,100m,16Mi,
h1-app-77f798d99c-ctc2h,101m,16Mi,
h1-app-77f798d99c-ld8gb,101m,15Mi,
h1-app-77f798d99c-p7b7r,101m,16Mi,
h1-app-77f798d99c-pl6hv,100m,16Mi,
h1-app-77f798d99c-w7nd9,0m,2Mi,
idx,158,LOG_TIME,2023-05-14T15:55:57,2023-05-14T10:55:57
NAME,CPU(cores),MEMORY(bytes),
h1-app-77f798d99c-7b4d8,101m,15Mi,
h1-app-77f798d99c-8zxr4,100m,16Mi,
h1-app-77f798d99c-9wm7g,100m,16Mi,
h1-app-77f798d99c-ctc2h,101m,16Mi,
h1-app-77f798d99c-ld8gb,101m,15Mi,
h1-app-77f798d99c-p7b7r,101m,16Mi,
h1-app-77f798d99c-pl6hv,100m,16Mi,
h1-app-77f798d99c-w7nd9,0m,2Mi,
idx,159,LOG_TIME,2023-05-14T15:55:58,2023-05-14T10:55:58
NAME,CPU(cores),MEMORY(bytes),
h1-app-77f798d99c-7b4d8,101m,15Mi,
h1-app-77f798d99c-8zxr4,100m,16Mi,
h1-app-77f798d99c-9wm7g,100m,16Mi,
h1-app-77f798d99c-ctc2h,101m,16Mi,
h1-app-77f798d99c-ld8gb,101m,15Mi,
h1-app-77f798d99c-p7b7r,101m,16Mi,
h1-app-77f798d99c-pl6hv,100m,16Mi,
h1-app-77f798d99c-w7nd9,0m,2Mi,
idx,160,LOG_TIME,2023-05-14T15:55:59,2023-05-14T10:55:59
NAME,CPU(cores),MEMORY(bytes),
h1-app-77f798d99c-7b4d8,101m,15Mi,
h1-app-77f798d99c-8zxr4,100m,16Mi,
h1-app-77f798d99c-9wm7g,100m,16Mi,
h1-app-77f798d99c-ctc2h,101m,16Mi,
h1-app-77f798d99c-ld8gb,101m,15Mi,
h1-app-77f798d99c-p7b7r,101m,16Mi,
h1-app-77f798d99c-pl6hv,100m,16Mi,
h1-app-77f798d99c-w7nd9,0m,2Mi,
idx,161,LOG_TIME,2023-05-14T15:56:00,2023-05-14T10:56:00
NAME,CPU(cores),MEMORY(bytes),
h1-app-77f798d99c-7b4d8,101m,15Mi,
h1-app-77f798d99c-8zxr4,100m,16Mi,
h1-app-77f798d99c-9wm7g,100m,16Mi,
h1-app-77f798d99c-ctc2h,101m,16Mi,
h1-app-77f798d99c-ld8gb,101m,15Mi,
h1-app-77f798d99c-p7b7r,101m,16Mi,
h1-app-77f798d99c-pl6hv,100m,16Mi,
h1-app-77f798d99c-w7nd9,0m,2Mi,
idx,162,LOG_TIME,2023-05-14T15:56:01,2023-05-14T10:56:01
NAME,CPU(cores),MEMORY(bytes),
h1-app-77f798d99c-7b4d8,101m,15Mi,
h1-app-77f798d99c-8zxr4,100m,16Mi,
h1-app-77f798d99c-9wm7g,100m,16Mi,
h1-app-77f798d99c-ctc2h,101m,16Mi,
h1-app-77f798d99c-ld8gb,101m,15Mi,
h1-app-77f798d99c-p7b7r,101m,16Mi,
h1-app-77f798d99c-pl6hv,100m,16Mi,
h1-app-77f798d99c-w7nd9,0m,2Mi,
idx,163,LOG_TIME,2023-05-14T15:56:02,2023-05-14T10:56:02
NAME,CPU(cores),MEMORY(bytes),
h1-app-77f798d99c-7b4d8,101m,15Mi,
h1-app-77f798d99c-8zxr4,100m,16Mi,
h1-app-77f798d99c-9wm7g,100m,16Mi,
h1-app-77f798d99c-ctc2h,101m,16Mi,
h1-app-77f798d99c-ld8gb,101m,15Mi,
h1-app-77f798d99c-p7b7r,101m,16Mi,
h1-app-77f798d99c-pl6hv,100m,16Mi,
h1-app-77f798d99c-w7nd9,0m,2Mi,
idx,164,LOG_TIME,2023-05-14T15:56:03,2023-05-14T10:56:03
NAME,CPU(cores),MEMORY(bytes),
h1-app-77f798d99c-7b4d8,101m,15Mi,
h1-app-77f798d99c-8zxr4,100m,16Mi,
h1-app-77f798d99c-9wm7g,100m,16Mi,
h1-app-77f798d99c-ctc2h,101m,16Mi,
h1-app-77f798d99c-ld8gb,101m,15Mi,
h1-app-77f798d99c-p7b7r,101m,16Mi,
h1-app-77f798d99c-pl6hv,100m,16Mi,
h1-app-77f798d99c-w7nd9,0m,2Mi,
idx,165,LOG_TIME,2023-05-14T15:56:04,2023-05-14T10:56:04
NAME,CPU(cores),MEMORY(bytes),
h1-app-77f798d99c-7b4d8,101m,15Mi,
h1-app-77f798d99c-8zxr4,100m,16Mi,
h1-app-77f798d99c-9wm7g,100m,16Mi,
h1-app-77f798d99c-ctc2h,101m,16Mi,
h1-app-77f798d99c-ld8gb,101m,15Mi,
h1-app-77f798d99c-p7b7r,101m,16Mi,
h1-app-77f798d99c-pl6hv,100m,16Mi,
h1-app-77f798d99c-w7nd9,0m,2Mi,
idx,166,LOG_TIME,2023-05-14T15:56:05,2023-05-14T10:56:05
NAME,CPU(cores),MEMORY(bytes),
h1-app-77f798d99c-7b4d8,101m,15Mi,
h1-app-77f798d99c-8zxr4,100m,16Mi,
h1-app-77f798d99c-99qj2,101m,16Mi,
h1-app-77f798d99c-9wm7g,101m,16Mi,
h1-app-77f798d99c-ctc2h,101m,16Mi,
h1-app-77f798d99c-ld8gb,101m,15Mi,
h1-app-77f798d99c-p7b7r,101m,16Mi,
h1-app-77f798d99c-pl6hv,100m,16Mi,
h1-app-77f798d99c-v9p5p,101m,16Mi,
h1-app-77f798d99c-w7nd9,0m,2Mi,
idx,167,LOG_TIME,2023-05-14T15:56:06,2023-05-14T10:56:06
NAME,CPU(cores),MEMORY(bytes),
h1-app-77f798d99c-7b4d8,101m,15Mi,
h1-app-77f798d99c-8zxr4,100m,16Mi,
h1-app-77f798d99c-99qj2,101m,16Mi,
h1-app-77f798d99c-9wm7g,101m,16Mi,
h1-app-77f798d99c-ctc2h,101m,16Mi,
h1-app-77f798d99c-ld8gb,101m,15Mi,
h1-app-77f798d99c-p7b7r,101m,16Mi,
h1-app-77f798d99c-pl6hv,100m,16Mi,
h1-app-77f798d99c-v9p5p,101m,16Mi,
h1-app-77f798d99c-w7nd9,0m,2Mi,
idx,168,LOG_TIME,2023-05-14T15:56:07,2023-05-14T10:56:07
NAME,CPU(cores),MEMORY(bytes),
h1-app-77f798d99c-7b4d8,101m,15Mi,
h1-app-77f798d99c-8zxr4,100m,16Mi,
h1-app-77f798d99c-99qj2,101m,16Mi,
h1-app-77f798d99c-9wm7g,101m,16Mi,
h1-app-77f798d99c-ctc2h,101m,16Mi,
h1-app-77f798d99c-ld8gb,101m,15Mi,
h1-app-77f798d99c-p7b7r,101m,16Mi,
h1-app-77f798d99c-pl6hv,100m,16Mi,
h1-app-77f798d99c-v9p5p,101m,16Mi,
h1-app-77f798d99c-w7nd9,0m,2Mi,
idx,169,LOG_TIME,2023-05-14T15:56:08,2023-05-14T10:56:08
NAME,CPU(cores),MEMORY(bytes),
h1-app-77f798d99c-7b4d8,101m,15Mi,
h1-app-77f798d99c-8zxr4,100m,16Mi,
h1-app-77f798d99c-99qj2,101m,16Mi,
h1-app-77f798d99c-9wm7g,101m,16Mi,
h1-app-77f798d99c-ctc2h,101m,16Mi,
h1-app-77f798d99c-ld8gb,101m,15Mi,
h1-app-77f798d99c-p7b7r,101m,16Mi,
h1-app-77f798d99c-pl6hv,100m,16Mi,
h1-app-77f798d99c-v9p5p,101m,16Mi,
h1-app-77f798d99c-w7nd9,0m,2Mi,
idx,170,LOG_TIME,2023-05-14T15:56:09,2023-05-14T10:56:09
NAME,CPU(cores),MEMORY(bytes),
h1-app-77f798d99c-7b4d8,101m,15Mi,
h1-app-77f798d99c-8zxr4,100m,16Mi,
h1-app-77f798d99c-99qj2,101m,16Mi,
h1-app-77f798d99c-9wm7g,101m,16Mi,
h1-app-77f798d99c-ctc2h,101m,16Mi,
h1-app-77f798d99c-ld8gb,101m,15Mi,
h1-app-77f798d99c-p7b7r,101m,16Mi,
h1-app-77f798d99c-pl6hv,100m,16Mi,
h1-app-77f798d99c-v9p5p,101m,16Mi,
h1-app-77f798d99c-w7nd9,0m,2Mi,
idx,171,LOG_TIME,2023-05-14T15:56:10,2023-05-14T10:56:10
NAME,CPU(cores),MEMORY(bytes),
h1-app-77f798d99c-7b4d8,101m,15Mi,
h1-app-77f798d99c-8zxr4,100m,16Mi,
h1-app-77f798d99c-99qj2,101m,16Mi,
h1-app-77f798d99c-9wm7g,101m,16Mi,
h1-app-77f798d99c-ctc2h,101m,16Mi,
h1-app-77f798d99c-ld8gb,101m,15Mi,
h1-app-77f798d99c-p7b7r,101m,16Mi,
h1-app-77f798d99c-pl6hv,100m,16Mi,
h1-app-77f798d99c-v9p5p,101m,16Mi,
h1-app-77f798d99c-w7nd9,0m,2Mi,
idx,172,LOG_TIME,2023-05-14T15:56:11,2023-05-14T10:56:11
NAME,CPU(cores),MEMORY(bytes),
h1-app-77f798d99c-7b4d8,101m,15Mi,
h1-app-77f798d99c-8zxr4,100m,16Mi,
h1-app-77f798d99c-99qj2,101m,16Mi,
h1-app-77f798d99c-9wm7g,101m,16Mi,
h1-app-77f798d99c-ctc2h,101m,16Mi,
h1-app-77f798d99c-ld8gb,101m,15Mi,
h1-app-77f798d99c-p7b7r,101m,16Mi,
h1-app-77f798d99c-pl6hv,100m,16Mi,
h1-app-77f798d99c-v9p5p,101m,16Mi,
h1-app-77f798d99c-w7nd9,0m,2Mi,
idx,173,LOG_TIME,2023-05-14T15:56:12,2023-05-14T10:56:12
NAME,CPU(cores),MEMORY(bytes),
h1-app-77f798d99c-7b4d8,101m,15Mi,
h1-app-77f798d99c-8zxr4,100m,16Mi,
h1-app-77f798d99c-99qj2,101m,16Mi,
h1-app-77f798d99c-9wm7g,101m,16Mi,
h1-app-77f798d99c-ctc2h,101m,16Mi,
h1-app-77f798d99c-ld8gb,101m,15Mi,
h1-app-77f798d99c-p7b7r,101m,16Mi,
h1-app-77f798d99c-pl6hv,100m,16Mi,
h1-app-77f798d99c-v9p5p,101m,16Mi,
h1-app-77f798d99c-w7nd9,0m,2Mi,
idx,174,LOG_TIME,2023-05-14T15:56:13,2023-05-14T10:56:13
NAME,CPU(cores),MEMORY(bytes),
h1-app-77f798d99c-7b4d8,101m,15Mi,
h1-app-77f798d99c-8zxr4,100m,16Mi,
h1-app-77f798d99c-99qj2,101m,16Mi,
h1-app-77f798d99c-9wm7g,101m,16Mi,
h1-app-77f798d99c-ctc2h,101m,16Mi,
h1-app-77f798d99c-ld8gb,101m,15Mi,
h1-app-77f798d99c-p7b7r,101m,16Mi,
h1-app-77f798d99c-pl6hv,100m,16Mi,
h1-app-77f798d99c-v9p5p,101m,16Mi,
h1-app-77f798d99c-w7nd9,0m,2Mi,
idx,175,LOG_TIME,2023-05-14T15:56:14,2023-05-14T10:56:14
NAME,CPU(cores),MEMORY(bytes),
h1-app-77f798d99c-7b4d8,101m,15Mi,
h1-app-77f798d99c-8zxr4,100m,16Mi,
h1-app-77f798d99c-99qj2,101m,16Mi,
h1-app-77f798d99c-9wm7g,101m,16Mi,
h1-app-77f798d99c-ctc2h,101m,16Mi,
h1-app-77f798d99c-ld8gb,101m,15Mi,
h1-app-77f798d99c-p7b7r,101m,16Mi,
h1-app-77f798d99c-pl6hv,100m,16Mi,
h1-app-77f798d99c-v9p5p,101m,16Mi,
h1-app-77f798d99c-w7nd9,0m,2Mi,
idx,176,LOG_TIME,2023-05-14T15:56:15,2023-05-14T10:56:15
NAME,CPU(cores),MEMORY(bytes),
h1-app-77f798d99c-7b4d8,101m,15Mi,
h1-app-77f798d99c-8zxr4,100m,16Mi,
h1-app-77f798d99c-99qj2,100m,16Mi,
h1-app-77f798d99c-9wm7g,101m,16Mi,
h1-app-77f798d99c-ctc2h,101m,16Mi,
h1-app-77f798d99c-ld8gb,100m,15Mi,
h1-app-77f798d99c-p7b7r,100m,16Mi,
h1-app-77f798d99c-pl6hv,101m,16Mi,
h1-app-77f798d99c-v9p5p,100m,16Mi,
h1-app-77f798d99c-w7nd9,0m,2Mi,
idx,177,LOG_TIME,2023-05-14T15:56:16,2023-05-14T10:56:16
NAME,CPU(cores),MEMORY(bytes),
h1-app-77f798d99c-7b4d8,101m,15Mi,
h1-app-77f798d99c-8zxr4,100m,16Mi,
h1-app-77f798d99c-99qj2,100m,16Mi,
h1-app-77f798d99c-9wm7g,101m,16Mi,
h1-app-77f798d99c-ctc2h,101m,16Mi,
h1-app-77f798d99c-ld8gb,100m,15Mi,
h1-app-77f798d99c-p7b7r,100m,16Mi,
h1-app-77f798d99c-pl6hv,101m,16Mi,
h1-app-77f798d99c-v9p5p,100m,16Mi,
h1-app-77f798d99c-w7nd9,0m,2Mi,
idx,178,LOG_TIME,2023-05-14T15:56:17,2023-05-14T10:56:17
NAME,CPU(cores),MEMORY(bytes),
h1-app-77f798d99c-7b4d8,101m,15Mi,
h1-app-77f798d99c-8zxr4,100m,16Mi,
h1-app-77f798d99c-99qj2,100m,16Mi,
h1-app-77f798d99c-9wm7g,101m,16Mi,
h1-app-77f798d99c-ctc2h,101m,16Mi,
h1-app-77f798d99c-ld8gb,100m,15Mi,
h1-app-77f798d99c-p7b7r,100m,16Mi,
h1-app-77f798d99c-pl6hv,101m,16Mi,
h1-app-77f798d99c-v9p5p,100m,16Mi,
h1-app-77f798d99c-w7nd9,0m,2Mi,
idx,179,LOG_TIME,2023-05-14T15:56:18,2023-05-14T10:56:18
NAME,CPU(cores),MEMORY(bytes),
h1-app-77f798d99c-7b4d8,101m,15Mi,
h1-app-77f798d99c-8zxr4,100m,16Mi,
h1-app-77f798d99c-99qj2,100m,16Mi,
h1-app-77f798d99c-9wm7g,101m,16Mi,
h1-app-77f798d99c-ctc2h,101m,16Mi,
h1-app-77f798d99c-ld8gb,100m,15Mi,
h1-app-77f798d99c-p7b7r,100m,16Mi,
h1-app-77f798d99c-pl6hv,101m,16Mi,
h1-app-77f798d99c-v9p5p,100m,16Mi,
h1-app-77f798d99c-w7nd9,0m,2Mi,
idx,180,LOG_TIME,2023-05-14T15:56:19,2023-05-14T10:56:19
NAME,CPU(cores),MEMORY(bytes),
h1-app-77f798d99c-7b4d8,101m,15Mi,
h1-app-77f798d99c-8zxr4,100m,16Mi,
h1-app-77f798d99c-99qj2,100m,16Mi,
h1-app-77f798d99c-9wm7g,101m,16Mi,
h1-app-77f798d99c-ctc2h,101m,16Mi,
h1-app-77f798d99c-ld8gb,100m,15Mi,
h1-app-77f798d99c-p7b7r,100m,16Mi,
h1-app-77f798d99c-pl6hv,101m,16Mi,
h1-app-77f798d99c-v9p5p,100m,16Mi,
h1-app-77f798d99c-w7nd9,0m,2Mi,
idx,181,LOG_TIME,2023-05-14T15:56:20,2023-05-14T10:56:20
NAME,CPU(cores),MEMORY(bytes),
h1-app-77f798d99c-7b4d8,101m,15Mi,
h1-app-77f798d99c-8zxr4,100m,16Mi,
h1-app-77f798d99c-99qj2,100m,16Mi,
h1-app-77f798d99c-9wm7g,101m,16Mi,
h1-app-77f798d99c-ctc2h,101m,16Mi,
h1-app-77f798d99c-ld8gb,100m,15Mi,
h1-app-77f798d99c-p7b7r,100m,16Mi,
h1-app-77f798d99c-pl6hv,101m,16Mi,
h1-app-77f798d99c-v9p5p,100m,16Mi,
h1-app-77f798d99c-w7nd9,0m,2Mi,
idx,182,LOG_TIME,2023-05-14T15:56:21,2023-05-14T10:56:21
NAME,CPU(cores),MEMORY(bytes),
h1-app-77f798d99c-7b4d8,101m,15Mi,
h1-app-77f798d99c-8zxr4,100m,16Mi,
h1-app-77f798d99c-99qj2,100m,16Mi,
h1-app-77f798d99c-9wm7g,101m,16Mi,
h1-app-77f798d99c-ctc2h,101m,16Mi,
h1-app-77f798d99c-ld8gb,100m,15Mi,
h1-app-77f798d99c-p7b7r,100m,16Mi,
h1-app-77f798d99c-pl6hv,101m,16Mi,
h1-app-77f798d99c-v9p5p,100m,16Mi,
h1-app-77f798d99c-w7nd9,0m,2Mi,
idx,183,LOG_TIME,2023-05-14T15:56:22,2023-05-14T10:56:22
NAME,CPU(cores),MEMORY(bytes),
h1-app-77f798d99c-7b4d8,101m,15Mi,
h1-app-77f798d99c-8zxr4,100m,16Mi,
h1-app-77f798d99c-99qj2,100m,16Mi,
h1-app-77f798d99c-9wm7g,101m,16Mi,
h1-app-77f798d99c-ctc2h,101m,16Mi,
h1-app-77f798d99c-ld8gb,100m,15Mi,
h1-app-77f798d99c-p7b7r,100m,16Mi,
h1-app-77f798d99c-pl6hv,101m,16Mi,
h1-app-77f798d99c-v9p5p,100m,16Mi,
h1-app-77f798d99c-w7nd9,0m,2Mi,
idx,184,LOG_TIME,2023-05-14T15:56:23,2023-05-14T10:56:23
NAME,CPU(cores),MEMORY(bytes),
h1-app-77f798d99c-7b4d8,101m,15Mi,
h1-app-77f798d99c-8zxr4,100m,16Mi,
h1-app-77f798d99c-99qj2,100m,16Mi,
h1-app-77f798d99c-9wm7g,101m,16Mi,
h1-app-77f798d99c-ctc2h,101m,16Mi,
h1-app-77f798d99c-ld8gb,100m,15Mi,
h1-app-77f798d99c-p7b7r,100m,16Mi,
h1-app-77f798d99c-pl6hv,101m,16Mi,
h1-app-77f798d99c-v9p5p,100m,16Mi,
h1-app-77f798d99c-w7nd9,0m,2Mi,
idx,185,LOG_TIME,2023-05-14T15:56:24,2023-05-14T10:56:24
NAME,CPU(cores),MEMORY(bytes),
h1-app-77f798d99c-7b4d8,101m,15Mi,
h1-app-77f798d99c-8zxr4,100m,16Mi,
h1-app-77f798d99c-99qj2,100m,16Mi,
h1-app-77f798d99c-9wm7g,101m,16Mi,
h1-app-77f798d99c-ctc2h,101m,16Mi,
h1-app-77f798d99c-ld8gb,100m,15Mi,
h1-app-77f798d99c-p7b7r,100m,16Mi,
h1-app-77f798d99c-pl6hv,101m,16Mi,
h1-app-77f798d99c-v9p5p,100m,16Mi,
h1-app-77f798d99c-w7nd9,0m,2Mi,
idx,186,LOG_TIME,2023-05-14T15:56:25,2023-05-14T10:56:25
NAME,CPU(cores),MEMORY(bytes),
h1-app-77f798d99c-7b4d8,100m,15Mi,
h1-app-77f798d99c-8zxr4,100m,16Mi,
h1-app-77f798d99c-99qj2,100m,16Mi,
h1-app-77f798d99c-9wm7g,100m,16Mi,
h1-app-77f798d99c-ctc2h,101m,16Mi,
h1-app-77f798d99c-ld8gb,51m,2Mi,
h1-app-77f798d99c-p7b7r,100m,16Mi,
h1-app-77f798d99c-pl6hv,101m,16Mi,
h1-app-77f798d99c-v9p5p,101m,16Mi,
h1-app-77f798d99c-w7nd9,0m,2Mi,
idx,187,LOG_TIME,2023-05-14T15:56:26,2023-05-14T10:56:26
NAME,CPU(cores),MEMORY(bytes),
h1-app-77f798d99c-7b4d8,100m,15Mi,
h1-app-77f798d99c-8zxr4,100m,16Mi,
h1-app-77f798d99c-99qj2,100m,16Mi,
h1-app-77f798d99c-9wm7g,100m,16Mi,
h1-app-77f798d99c-ctc2h,101m,16Mi,
h1-app-77f798d99c-ld8gb,51m,2Mi,
h1-app-77f798d99c-p7b7r,100m,16Mi,
h1-app-77f798d99c-pl6hv,101m,16Mi,
h1-app-77f798d99c-v9p5p,101m,16Mi,
h1-app-77f798d99c-w7nd9,0m,2Mi,
idx,188,LOG_TIME,2023-05-14T15:56:27,2023-05-14T10:56:27
NAME,CPU(cores),MEMORY(bytes),
h1-app-77f798d99c-7b4d8,100m,15Mi,
h1-app-77f798d99c-8zxr4,100m,16Mi,
h1-app-77f798d99c-99qj2,100m,16Mi,
h1-app-77f798d99c-9wm7g,100m,16Mi,
h1-app-77f798d99c-ctc2h,101m,16Mi,
h1-app-77f798d99c-ld8gb,51m,2Mi,
h1-app-77f798d99c-p7b7r,100m,16Mi,
h1-app-77f798d99c-pl6hv,101m,16Mi,
h1-app-77f798d99c-v9p5p,101m,16Mi,
h1-app-77f798d99c-w7nd9,0m,2Mi,
idx,189,LOG_TIME,2023-05-14T15:56:28,2023-05-14T10:56:28
NAME,CPU(cores),MEMORY(bytes),
h1-app-77f798d99c-7b4d8,100m,15Mi,
h1-app-77f798d99c-8zxr4,100m,16Mi,
h1-app-77f798d99c-99qj2,100m,16Mi,
h1-app-77f798d99c-9wm7g,100m,16Mi,
h1-app-77f798d99c-ctc2h,101m,16Mi,
h1-app-77f798d99c-ld8gb,51m,2Mi,
h1-app-77f798d99c-p7b7r,100m,16Mi,
h1-app-77f798d99c-pl6hv,101m,16Mi,
h1-app-77f798d99c-v9p5p,101m,16Mi,
h1-app-77f798d99c-w7nd9,0m,2Mi,
idx,190,LOG_TIME,2023-05-14T15:56:29,2023-05-14T10:56:29
NAME,CPU(cores),MEMORY(bytes),
h1-app-77f798d99c-7b4d8,100m,15Mi,
h1-app-77f798d99c-8zxr4,100m,16Mi,
h1-app-77f798d99c-99qj2,100m,16Mi,
h1-app-77f798d99c-9wm7g,100m,16Mi,
h1-app-77f798d99c-ctc2h,101m,16Mi,
h1-app-77f798d99c-ld8gb,51m,2Mi,
h1-app-77f798d99c-p7b7r,100m,16Mi,
h1-app-77f798d99c-pl6hv,101m,16Mi,
h1-app-77f798d99c-v9p5p,101m,16Mi,
h1-app-77f798d99c-w7nd9,0m,2Mi,
idx,191,LOG_TIME,2023-05-14T15:56:30,2023-05-14T10:56:30
NAME,CPU(cores),MEMORY(bytes),
h1-app-77f798d99c-7b4d8,100m,15Mi,
h1-app-77f798d99c-8zxr4,100m,16Mi,
h1-app-77f798d99c-99qj2,100m,16Mi,
h1-app-77f798d99c-9wm7g,100m,16Mi,
h1-app-77f798d99c-ctc2h,101m,16Mi,
h1-app-77f798d99c-ld8gb,51m,2Mi,
h1-app-77f798d99c-p7b7r,100m,16Mi,
h1-app-77f798d99c-pl6hv,101m,16Mi,
h1-app-77f798d99c-v9p5p,101m,16Mi,
h1-app-77f798d99c-w7nd9,0m,2Mi,
idx,192,LOG_TIME,2023-05-14T15:56:31,2023-05-14T10:56:31
NAME,CPU(cores),MEMORY(bytes),
h1-app-77f798d99c-7b4d8,100m,15Mi,
h1-app-77f798d99c-8zxr4,100m,16Mi,
h1-app-77f798d99c-99qj2,100m,16Mi,
h1-app-77f798d99c-9wm7g,100m,16Mi,
h1-app-77f798d99c-ctc2h,101m,16Mi,
h1-app-77f798d99c-ld8gb,51m,2Mi,
h1-app-77f798d99c-p7b7r,100m,16Mi,
h1-app-77f798d99c-pl6hv,101m,16Mi,
h1-app-77f798d99c-v9p5p,101m,16Mi,
h1-app-77f798d99c-w7nd9,0m,2Mi,
idx,193,LOG_TIME,2023-05-14T15:56:32,2023-05-14T10:56:32
NAME,CPU(cores),MEMORY(bytes),
h1-app-77f798d99c-7b4d8,100m,15Mi,
h1-app-77f798d99c-8zxr4,100m,16Mi,
h1-app-77f798d99c-99qj2,100m,16Mi,
h1-app-77f798d99c-9wm7g,100m,16Mi,
h1-app-77f798d99c-ctc2h,101m,16Mi,
h1-app-77f798d99c-ld8gb,51m,2Mi,
h1-app-77f798d99c-p7b7r,100m,16Mi,
h1-app-77f798d99c-pl6hv,101m,16Mi,
h1-app-77f798d99c-v9p5p,101m,16Mi,
h1-app-77f798d99c-w7nd9,0m,2Mi,
idx,194,LOG_TIME,2023-05-14T15:56:33,2023-05-14T10:56:33
NAME,CPU(cores),MEMORY(bytes),
h1-app-77f798d99c-7b4d8,100m,15Mi,
h1-app-77f798d99c-8zxr4,100m,16Mi,
h1-app-77f798d99c-99qj2,100m,16Mi,
h1-app-77f798d99c-9wm7g,100m,16Mi,
h1-app-77f798d99c-ctc2h,101m,16Mi,
h1-app-77f798d99c-ld8gb,51m,2Mi,
h1-app-77f798d99c-p7b7r,100m,16Mi,
h1-app-77f798d99c-pl6hv,101m,16Mi,
h1-app-77f798d99c-v9p5p,101m,16Mi,
h1-app-77f798d99c-w7nd9,0m,2Mi,
idx,195,LOG_TIME,2023-05-14T15:56:34,2023-05-14T10:56:34
NAME,CPU(cores),MEMORY(bytes),
h1-app-77f798d99c-7b4d8,101m,15Mi,
h1-app-77f798d99c-8zxr4,101m,16Mi,
h1-app-77f798d99c-99qj2,101m,16Mi,
h1-app-77f798d99c-9wm7g,101m,16Mi,
h1-app-77f798d99c-ctc2h,101m,16Mi,
h1-app-77f798d99c-ld8gb,0m,2Mi,
h1-app-77f798d99c-p7b7r,100m,16Mi,
h1-app-77f798d99c-pl6hv,102m,16Mi,
h1-app-77f798d99c-v9p5p,101m,16Mi,
h1-app-77f798d99c-w7nd9,0m,2Mi,
idx,196,LOG_TIME,2023-05-14T15:56:35,2023-05-14T10:56:35
NAME,CPU(cores),MEMORY(bytes),
h1-app-77f798d99c-7b4d8,101m,15Mi,
h1-app-77f798d99c-8zxr4,101m,16Mi,
h1-app-77f798d99c-99qj2,101m,16Mi,
h1-app-77f798d99c-9wm7g,101m,16Mi,
h1-app-77f798d99c-ctc2h,101m,16Mi,
h1-app-77f798d99c-ld8gb,0m,2Mi,
h1-app-77f798d99c-p7b7r,100m,16Mi,
h1-app-77f798d99c-pl6hv,102m,16Mi,
h1-app-77f798d99c-v9p5p,101m,16Mi,
h1-app-77f798d99c-w7nd9,0m,2Mi,
idx,197,LOG_TIME,2023-05-14T15:56:36,2023-05-14T10:56:36
NAME,CPU(cores),MEMORY(bytes),
h1-app-77f798d99c-7b4d8,101m,15Mi,
h1-app-77f798d99c-8zxr4,101m,16Mi,
h1-app-77f798d99c-99qj2,101m,16Mi,
h1-app-77f798d99c-9wm7g,101m,16Mi,
h1-app-77f798d99c-ctc2h,101m,16Mi,
h1-app-77f798d99c-ld8gb,0m,2Mi,
h1-app-77f798d99c-p7b7r,100m,16Mi,
h1-app-77f798d99c-pl6hv,102m,16Mi,
h1-app-77f798d99c-v9p5p,101m,16Mi,
h1-app-77f798d99c-w7nd9,0m,2Mi,
idx,198,LOG_TIME,2023-05-14T15:56:37,2023-05-14T10:56:37
NAME,CPU(cores),MEMORY(bytes),
h1-app-77f798d99c-7b4d8,101m,15Mi,
h1-app-77f798d99c-8zxr4,101m,16Mi,
h1-app-77f798d99c-99qj2,101m,16Mi,
h1-app-77f798d99c-9wm7g,101m,16Mi,
h1-app-77f798d99c-ctc2h,101m,16Mi,
h1-app-77f798d99c-ld8gb,0m,2Mi,
h1-app-77f798d99c-p7b7r,100m,16Mi,
h1-app-77f798d99c-pl6hv,102m,16Mi,
h1-app-77f798d99c-v9p5p,101m,16Mi,
h1-app-77f798d99c-w7nd9,0m,2Mi,
