idx,0,LOG_TIME,2023-05-15T17:49:28,2023-05-15T12:49:28
NAME,CPU(cores),MEMORY(bytes),
h1-app-bb599cf94-kmx9d,101m,16Mi,
idx,1,LOG_TIME,2023-05-15T17:49:29,2023-05-15T12:49:29
NAME,CPU(cores),MEMORY(bytes),
h1-app-bb599cf94-kmx9d,101m,16Mi,
idx,2,LOG_TIME,2023-05-15T17:49:30,2023-05-15T12:49:30
NAME,CPU(cores),MEMORY(bytes),
h1-app-bb599cf94-kmx9d,101m,16Mi,
idx,3,LOG_TIME,2023-05-15T17:49:31,2023-05-15T12:49:31
NAME,CPU(cores),MEMORY(bytes),
h1-app-bb599cf94-kmx9d,101m,16Mi,
idx,4,LOG_TIME,2023-05-15T17:49:32,2023-05-15T12:49:32
NAME,CPU(cores),MEMORY(bytes),
h1-app-bb599cf94-kmx9d,101m,16Mi,
idx,5,LOG_TIME,2023-05-15T17:49:33,2023-05-15T12:49:33
NAME,CPU(cores),MEMORY(bytes),
h1-app-bb599cf94-kmx9d,101m,16Mi,
idx,6,LOG_TIME,2023-05-15T17:49:34,2023-05-15T12:49:34
NAME,CPU(cores),MEMORY(bytes),
h1-app-bb599cf94-kmx9d,101m,16Mi,
idx,7,LOG_TIME,2023-05-15T17:49:35,2023-05-15T12:49:35
NAME,CPU(cores),MEMORY(bytes),
h1-app-bb599cf94-kmx9d,101m,16Mi,
idx,8,LOG_TIME,2023-05-15T17:49:36,2023-05-15T12:49:36
NAME,CPU(cores),MEMORY(bytes),
h1-app-bb599cf94-kmx9d,101m,16Mi,
idx,9,LOG_TIME,2023-05-15T17:49:37,2023-05-15T12:49:37
NAME,CPU(cores),MEMORY(bytes),
h1-app-bb599cf94-kmx9d,101m,16Mi,
idx,10,LOG_TIME,2023-05-15T17:49:38,2023-05-15T12:49:38
NAME,CPU(cores),MEMORY(bytes),
h1-app-bb599cf94-kmx9d,101m,16Mi,
idx,11,LOG_TIME,2023-05-15T17:49:39,2023-05-15T12:49:39
NAME,CPU(cores),MEMORY(bytes),
h1-app-bb599cf94-kmx9d,101m,16Mi,
idx,12,LOG_TIME,2023-05-15T17:49:40,2023-05-15T12:49:40
NAME,CPU(cores),MEMORY(bytes),
h1-app-bb599cf94-kmx9d,101m,16Mi,
idx,13,LOG_TIME,2023-05-15T17:49:41,2023-05-15T12:49:41
NAME,CPU(cores),MEMORY(bytes),
h1-app-bb599cf94-kmx9d,101m,16Mi,
idx,14,LOG_TIME,2023-05-15T17:49:42,2023-05-15T12:49:42
NAME,CPU(cores),MEMORY(bytes),
h1-app-bb599cf94-kmx9d,101m,16Mi,
idx,15,LOG_TIME,2023-05-15T17:49:43,2023-05-15T12:49:43
NAME,CPU(cores),MEMORY(bytes),
h1-app-bb599cf94-kmx9d,101m,16Mi,
idx,16,LOG_TIME,2023-05-15T17:49:44,2023-05-15T12:49:44
NAME,CPU(cores),MEMORY(bytes),
h1-app-bb599cf94-kmx9d,101m,16Mi,
idx,17,LOG_TIME,2023-05-15T17:49:45,2023-05-15T12:49:45
NAME,CPU(cores),MEMORY(bytes),
h1-app-bb599cf94-kmx9d,100m,16Mi,
idx,18,LOG_TIME,2023-05-15T17:49:46,2023-05-15T12:49:46
NAME,CPU(cores),MEMORY(bytes),
h1-app-bb599cf94-kmx9d,100m,16Mi,
idx,19,LOG_TIME,2023-05-15T17:49:47,2023-05-15T12:49:47
NAME,CPU(cores),MEMORY(bytes),
h1-app-bb599cf94-kmx9d,100m,16Mi,
idx,20,LOG_TIME,2023-05-15T17:49:48,2023-05-15T12:49:48
NAME,CPU(cores),MEMORY(bytes),
h1-app-bb599cf94-kmx9d,100m,16Mi,
idx,21,LOG_TIME,2023-05-15T17:49:49,2023-05-15T12:49:49
NAME,CPU(cores),MEMORY(bytes),
h1-app-bb599cf94-kmx9d,100m,16Mi,
idx,22,LOG_TIME,2023-05-15T17:49:50,2023-05-15T12:49:50
NAME,CPU(cores),MEMORY(bytes),
h1-app-bb599cf94-kmx9d,100m,16Mi,
idx,23,LOG_TIME,2023-05-15T17:49:51,2023-05-15T12:49:51
NAME,CPU(cores),MEMORY(bytes),
h1-app-bb599cf94-kmx9d,100m,16Mi,
idx,24,LOG_TIME,2023-05-15T17:49:52,2023-05-15T12:49:52
NAME,CPU(cores),MEMORY(bytes),
h1-app-bb599cf94-kmx9d,100m,16Mi,
idx,25,LOG_TIME,2023-05-15T17:49:53,2023-05-15T12:49:53
NAME,CPU(cores),MEMORY(bytes),
h1-app-bb599cf94-kmx9d,100m,16Mi,
idx,26,LOG_TIME,2023-05-15T17:49:54,2023-05-15T12:49:54
NAME,CPU(cores),MEMORY(bytes),
h1-app-bb599cf94-kmx9d,100m,16Mi,
idx,27,LOG_TIME,2023-05-15T17:49:55,2023-05-15T12:49:55
NAME,CPU(cores),MEMORY(bytes),
h1-app-bb599cf94-kmx9d,100m,16Mi,
idx,28,LOG_TIME,2023-05-15T17:49:56,2023-05-15T12:49:56
NAME,CPU(cores),MEMORY(bytes),
h1-app-bb599cf94-kmx9d,100m,16Mi,
idx,29,LOG_TIME,2023-05-15T17:49:57,2023-05-15T12:49:57
NAME,CPU(cores),MEMORY(bytes),
h1-app-bb599cf94-kmx9d,100m,16Mi,
idx,30,LOG_TIME,2023-05-15T17:49:58,2023-05-15T12:49:58
NAME,CPU(cores),MEMORY(bytes),
h1-app-bb599cf94-kmx9d,100m,16Mi,
idx,31,LOG_TIME,2023-05-15T17:49:59,2023-05-15T12:49:59
NAME,CPU(cores),MEMORY(bytes),
h1-app-bb599cf94-kmx9d,100m,16Mi,
idx,32,LOG_TIME,2023-05-15T17:50:00,2023-05-15T12:50:00
NAME,CPU(cores),MEMORY(bytes),
h1-app-bb599cf94-kmx9d,100m,16Mi,
idx,33,LOG_TIME,2023-05-15T17:50:01,2023-05-15T12:50:01
NAME,CPU(cores),MEMORY(bytes),
h1-app-bb599cf94-kmx9d,100m,16Mi,
idx,34,LOG_TIME,2023-05-15T17:50:03,2023-05-15T12:50:03
NAME,CPU(cores),MEMORY(bytes),
h1-app-bb599cf94-kmx9d,100m,16Mi,
idx,35,LOG_TIME,2023-05-15T17:50:04,2023-05-15T12:50:04
NAME,CPU(cores),MEMORY(bytes),
h1-app-bb599cf94-kmx9d,100m,16Mi,
idx,36,LOG_TIME,2023-05-15T17:50:05,2023-05-15T12:50:05
NAME,CPU(cores),MEMORY(bytes),
h1-app-bb599cf94-kmx9d,101m,16Mi,
idx,37,LOG_TIME,2023-05-15T17:50:06,2023-05-15T12:50:06
NAME,CPU(cores),MEMORY(bytes),
h1-app-bb599cf94-kmx9d,101m,16Mi,
idx,38,LOG_TIME,2023-05-15T17:50:07,2023-05-15T12:50:07
NAME,CPU(cores),MEMORY(bytes),
h1-app-bb599cf94-kmx9d,101m,16Mi,
idx,39,LOG_TIME,2023-05-15T17:50:08,2023-05-15T12:50:08
NAME,CPU(cores),MEMORY(bytes),
h1-app-bb599cf94-kmx9d,101m,16Mi,
idx,40,LOG_TIME,2023-05-15T17:50:09,2023-05-15T12:50:09
NAME,CPU(cores),MEMORY(bytes),
h1-app-bb599cf94-kmx9d,101m,16Mi,
idx,41,LOG_TIME,2023-05-15T17:50:10,2023-05-15T12:50:10
NAME,CPU(cores),MEMORY(bytes),
h1-app-bb599cf94-kmx9d,101m,16Mi,
idx,42,LOG_TIME,2023-05-15T17:50:11,2023-05-15T12:50:11
NAME,CPU(cores),MEMORY(bytes),
h1-app-bb599cf94-kmx9d,101m,16Mi,
idx,43,LOG_TIME,2023-05-15T17:50:12,2023-05-15T12:50:12
NAME,CPU(cores),MEMORY(bytes),
h1-app-bb599cf94-kmx9d,101m,16Mi,
idx,44,LOG_TIME,2023-05-15T17:50:13,2023-05-15T12:50:13
NAME,CPU(cores),MEMORY(bytes),
h1-app-bb599cf94-kmx9d,101m,16Mi,
idx,45,LOG_TIME,2023-05-15T17:50:14,2023-05-15T12:50:14
NAME,CPU(cores),MEMORY(bytes),
h1-app-bb599cf94-kmx9d,101m,16Mi,
idx,46,LOG_TIME,2023-05-15T17:50:15,2023-05-15T12:50:15
NAME,CPU(cores),MEMORY(bytes),
h1-app-bb599cf94-kmx9d,100m,16Mi,
idx,47,LOG_TIME,2023-05-15T17:50:16,2023-05-15T12:50:16
NAME,CPU(cores),MEMORY(bytes),
h1-app-bb599cf94-kmx9d,100m,16Mi,
idx,48,LOG_TIME,2023-05-15T17:50:17,2023-05-15T12:50:17
NAME,CPU(cores),MEMORY(bytes),
h1-app-bb599cf94-kmx9d,100m,16Mi,
idx,49,LOG_TIME,2023-05-15T17:50:18,2023-05-15T12:50:18
NAME,CPU(cores),MEMORY(bytes),
h1-app-bb599cf94-kmx9d,100m,16Mi,
idx,50,LOG_TIME,2023-05-15T17:50:19,2023-05-15T12:50:19
NAME,CPU(cores),MEMORY(bytes),
h1-app-bb599cf94-kmx9d,100m,16Mi,
idx,51,LOG_TIME,2023-05-15T17:50:20,2023-05-15T12:50:20
NAME,CPU(cores),MEMORY(bytes),
h1-app-bb599cf94-kmx9d,100m,16Mi,
idx,52,LOG_TIME,2023-05-15T17:50:21,2023-05-15T12:50:21
NAME,CPU(cores),MEMORY(bytes),
h1-app-bb599cf94-kmx9d,100m,16Mi,
idx,53,LOG_TIME,2023-05-15T17:50:22,2023-05-15T12:50:22
NAME,CPU(cores),MEMORY(bytes),
h1-app-bb599cf94-kmx9d,100m,16Mi,
idx,54,LOG_TIME,2023-05-15T17:50:23,2023-05-15T12:50:23
NAME,CPU(cores),MEMORY(bytes),
h1-app-bb599cf94-kmx9d,100m,16Mi,
idx,55,LOG_TIME,2023-05-15T17:50:24,2023-05-15T12:50:24
NAME,CPU(cores),MEMORY(bytes),
h1-app-bb599cf94-kmx9d,100m,16Mi,
idx,56,LOG_TIME,2023-05-15T17:50:25,2023-05-15T12:50:25
NAME,CPU(cores),MEMORY(bytes),
h1-app-bb599cf94-6pgr6,101m,15Mi,
h1-app-bb599cf94-kmx9d,100m,16Mi,
idx,57,LOG_TIME,2023-05-15T17:50:26,2023-05-15T12:50:26
NAME,CPU(cores),MEMORY(bytes),
h1-app-bb599cf94-6pgr6,101m,15Mi,
h1-app-bb599cf94-kmx9d,100m,16Mi,
idx,58,LOG_TIME,2023-05-15T17:50:27,2023-05-15T12:50:27
NAME,CPU(cores),MEMORY(bytes),
h1-app-bb599cf94-6pgr6,101m,15Mi,
h1-app-bb599cf94-kmx9d,100m,16Mi,
idx,59,LOG_TIME,2023-05-15T17:50:28,2023-05-15T12:50:28
NAME,CPU(cores),MEMORY(bytes),
h1-app-bb599cf94-6pgr6,101m,15Mi,
h1-app-bb599cf94-kmx9d,100m,16Mi,
idx,60,LOG_TIME,2023-05-15T17:50:29,2023-05-15T12:50:29
NAME,CPU(cores),MEMORY(bytes),
h1-app-bb599cf94-6pgr6,101m,15Mi,
h1-app-bb599cf94-kmx9d,100m,16Mi,
idx,61,LOG_TIME,2023-05-15T17:50:30,2023-05-15T12:50:30
NAME,CPU(cores),MEMORY(bytes),
h1-app-bb599cf94-6pgr6,101m,15Mi,
h1-app-bb599cf94-kmx9d,100m,16Mi,
idx,62,LOG_TIME,2023-05-15T17:50:31,2023-05-15T12:50:31
NAME,CPU(cores),MEMORY(bytes),
h1-app-bb599cf94-6pgr6,101m,15Mi,
h1-app-bb599cf94-kmx9d,100m,16Mi,
idx,63,LOG_TIME,2023-05-15T17:50:32,2023-05-15T12:50:32
NAME,CPU(cores),MEMORY(bytes),
h1-app-bb599cf94-6pgr6,101m,15Mi,
h1-app-bb599cf94-kmx9d,100m,16Mi,
idx,64,LOG_TIME,2023-05-15T17:50:33,2023-05-15T12:50:33
NAME,CPU(cores),MEMORY(bytes),
h1-app-bb599cf94-6pgr6,101m,15Mi,
h1-app-bb599cf94-kmx9d,100m,16Mi,
idx,65,LOG_TIME,2023-05-15T17:50:34,2023-05-15T12:50:34
NAME,CPU(cores),MEMORY(bytes),
h1-app-bb599cf94-6pgr6,101m,15Mi,
h1-app-bb599cf94-kmx9d,100m,16Mi,
idx,66,LOG_TIME,2023-05-15T17:50:35,2023-05-15T12:50:35
NAME,CPU(cores),MEMORY(bytes),
h1-app-bb599cf94-6pgr6,100m,15Mi,
h1-app-bb599cf94-kmx9d,100m,16Mi,
idx,67,LOG_TIME,2023-05-15T17:50:36,2023-05-15T12:50:36
NAME,CPU(cores),MEMORY(bytes),
h1-app-bb599cf94-6pgr6,100m,15Mi,
h1-app-bb599cf94-kmx9d,100m,16Mi,
idx,68,LOG_TIME,2023-05-15T17:50:37,2023-05-15T12:50:37
NAME,CPU(cores),MEMORY(bytes),
h1-app-bb599cf94-6pgr6,100m,15Mi,
h1-app-bb599cf94-kmx9d,100m,16Mi,
idx,69,LOG_TIME,2023-05-15T17:50:38,2023-05-15T12:50:38
NAME,CPU(cores),MEMORY(bytes),
h1-app-bb599cf94-6pgr6,100m,15Mi,
h1-app-bb599cf94-kmx9d,100m,16Mi,
idx,70,LOG_TIME,2023-05-15T17:50:39,2023-05-15T12:50:39
NAME,CPU(cores),MEMORY(bytes),
h1-app-bb599cf94-6pgr6,100m,15Mi,
h1-app-bb599cf94-kmx9d,100m,16Mi,
idx,71,LOG_TIME,2023-05-15T17:50:40,2023-05-15T12:50:40
NAME,CPU(cores),MEMORY(bytes),
h1-app-bb599cf94-6pgr6,100m,15Mi,
h1-app-bb599cf94-kmx9d,100m,16Mi,
idx,72,LOG_TIME,2023-05-15T17:50:41,2023-05-15T12:50:41
NAME,CPU(cores),MEMORY(bytes),
h1-app-bb599cf94-6pgr6,100m,15Mi,
h1-app-bb599cf94-kmx9d,100m,16Mi,
idx,73,LOG_TIME,2023-05-15T17:50:42,2023-05-15T12:50:42
NAME,CPU(cores),MEMORY(bytes),
h1-app-bb599cf94-6pgr6,100m,15Mi,
h1-app-bb599cf94-kmx9d,100m,16Mi,
idx,74,LOG_TIME,2023-05-15T17:50:43,2023-05-15T12:50:43
NAME,CPU(cores),MEMORY(bytes),
h1-app-bb599cf94-6pgr6,100m,15Mi,
h1-app-bb599cf94-kmx9d,100m,16Mi,
idx,75,LOG_TIME,2023-05-15T17:50:44,2023-05-15T12:50:44
NAME,CPU(cores),MEMORY(bytes),
h1-app-bb599cf94-6pgr6,100m,15Mi,
h1-app-bb599cf94-kmx9d,101m,16Mi,
idx,76,LOG_TIME,2023-05-15T17:50:45,2023-05-15T12:50:45
NAME,CPU(cores),MEMORY(bytes),
h1-app-bb599cf94-6pgr6,100m,15Mi,
h1-app-bb599cf94-kmx9d,101m,16Mi,
idx,77,LOG_TIME,2023-05-15T17:50:46,2023-05-15T12:50:46
NAME,CPU(cores),MEMORY(bytes),
h1-app-bb599cf94-6pgr6,100m,15Mi,
h1-app-bb599cf94-kmx9d,101m,16Mi,
idx,78,LOG_TIME,2023-05-15T17:50:47,2023-05-15T12:50:47
NAME,CPU(cores),MEMORY(bytes),
h1-app-bb599cf94-6pgr6,100m,15Mi,
h1-app-bb599cf94-kmx9d,101m,16Mi,
idx,79,LOG_TIME,2023-05-15T17:50:48,2023-05-15T12:50:48
NAME,CPU(cores),MEMORY(bytes),
h1-app-bb599cf94-6pgr6,100m,15Mi,
h1-app-bb599cf94-kmx9d,101m,16Mi,
idx,80,LOG_TIME,2023-05-15T17:50:49,2023-05-15T12:50:49
NAME,CPU(cores),MEMORY(bytes),
h1-app-bb599cf94-6pgr6,100m,15Mi,
h1-app-bb599cf94-kmx9d,101m,16Mi,
idx,81,LOG_TIME,2023-05-15T17:50:50,2023-05-15T12:50:50
NAME,CPU(cores),MEMORY(bytes),
h1-app-bb599cf94-6pgr6,100m,15Mi,
h1-app-bb599cf94-kmx9d,101m,16Mi,
idx,82,LOG_TIME,2023-05-15T17:50:51,2023-05-15T12:50:51
NAME,CPU(cores),MEMORY(bytes),
h1-app-bb599cf94-6pgr6,100m,15Mi,
h1-app-bb599cf94-kmx9d,101m,16Mi,
idx,83,LOG_TIME,2023-05-15T17:50:52,2023-05-15T12:50:52
NAME,CPU(cores),MEMORY(bytes),
h1-app-bb599cf94-6pgr6,100m,15Mi,
h1-app-bb599cf94-kmx9d,101m,16Mi,
idx,84,LOG_TIME,2023-05-15T17:50:53,2023-05-15T12:50:53
NAME,CPU(cores),MEMORY(bytes),
h1-app-bb599cf94-6pgr6,100m,15Mi,
h1-app-bb599cf94-kmx9d,101m,16Mi,
idx,85,LOG_TIME,2023-05-15T17:50:54,2023-05-15T12:50:54
NAME,CPU(cores),MEMORY(bytes),
h1-app-bb599cf94-6pgr6,100m,15Mi,
h1-app-bb599cf94-kmx9d,102m,16Mi,
idx,86,LOG_TIME,2023-05-15T17:50:55,2023-05-15T12:50:55
NAME,CPU(cores),MEMORY(bytes),
h1-app-bb599cf94-6pgr6,100m,15Mi,
h1-app-bb599cf94-kmx9d,102m,16Mi,
idx,87,LOG_TIME,2023-05-15T17:50:56,2023-05-15T12:50:56
NAME,CPU(cores),MEMORY(bytes),
h1-app-bb599cf94-6pgr6,100m,15Mi,
h1-app-bb599cf94-kmx9d,102m,16Mi,
idx,88,LOG_TIME,2023-05-15T17:50:57,2023-05-15T12:50:57
NAME,CPU(cores),MEMORY(bytes),
h1-app-bb599cf94-6pgr6,100m,15Mi,
h1-app-bb599cf94-kmx9d,102m,16Mi,
idx,89,LOG_TIME,2023-05-15T17:50:58,2023-05-15T12:50:58
NAME,CPU(cores),MEMORY(bytes),
h1-app-bb599cf94-6pgr6,100m,15Mi,
h1-app-bb599cf94-kmx9d,102m,16Mi,
idx,90,LOG_TIME,2023-05-15T17:50:59,2023-05-15T12:50:59
NAME,CPU(cores),MEMORY(bytes),
h1-app-bb599cf94-6pgr6,100m,15Mi,
h1-app-bb599cf94-kmx9d,102m,16Mi,
idx,91,LOG_TIME,2023-05-15T17:51:00,2023-05-15T12:51:00
NAME,CPU(cores),MEMORY(bytes),
h1-app-bb599cf94-6pgr6,100m,15Mi,
h1-app-bb599cf94-kmx9d,102m,16Mi,
idx,92,LOG_TIME,2023-05-15T17:51:01,2023-05-15T12:51:01
NAME,CPU(cores),MEMORY(bytes),
h1-app-bb599cf94-6pgr6,100m,15Mi,
h1-app-bb599cf94-kmx9d,102m,16Mi,
idx,93,LOG_TIME,2023-05-15T17:51:03,2023-05-15T12:51:03
NAME,CPU(cores),MEMORY(bytes),
h1-app-bb599cf94-6pgr6,100m,15Mi,
h1-app-bb599cf94-kmx9d,102m,16Mi,
idx,94,LOG_TIME,2023-05-15T17:51:04,2023-05-15T12:51:04
NAME,CPU(cores),MEMORY(bytes),
h1-app-bb599cf94-6pgr6,100m,15Mi,
h1-app-bb599cf94-kmx9d,102m,16Mi,
idx,95,LOG_TIME,2023-05-15T17:51:05,2023-05-15T12:51:05
NAME,CPU(cores),MEMORY(bytes),
h1-app-bb599cf94-427l7,101m,16Mi,
h1-app-bb599cf94-6pgr6,101m,15Mi,
h1-app-bb599cf94-fvblg,101m,16Mi,
h1-app-bb599cf94-kmx9d,100m,16Mi,
idx,96,LOG_TIME,2023-05-15T17:51:06,2023-05-15T12:51:06
NAME,CPU(cores),MEMORY(bytes),
h1-app-bb599cf94-427l7,101m,16Mi,
h1-app-bb599cf94-6pgr6,101m,15Mi,
h1-app-bb599cf94-fvblg,101m,16Mi,
h1-app-bb599cf94-kmx9d,100m,16Mi,
idx,97,LOG_TIME,2023-05-15T17:51:07,2023-05-15T12:51:07
NAME,CPU(cores),MEMORY(bytes),
h1-app-bb599cf94-427l7,101m,16Mi,
h1-app-bb599cf94-6pgr6,101m,15Mi,
h1-app-bb599cf94-fvblg,101m,16Mi,
h1-app-bb599cf94-kmx9d,100m,16Mi,
idx,98,LOG_TIME,2023-05-15T17:51:08,2023-05-15T12:51:08
NAME,CPU(cores),MEMORY(bytes),
h1-app-bb599cf94-427l7,101m,16Mi,
h1-app-bb599cf94-6pgr6,101m,15Mi,
h1-app-bb599cf94-fvblg,101m,16Mi,
h1-app-bb599cf94-kmx9d,100m,16Mi,
idx,99,LOG_TIME,2023-05-15T17:51:09,2023-05-15T12:51:09
NAME,CPU(cores),MEMORY(bytes),
h1-app-bb599cf94-427l7,101m,16Mi,
h1-app-bb599cf94-6pgr6,101m,15Mi,
h1-app-bb599cf94-fvblg,101m,16Mi,
h1-app-bb599cf94-kmx9d,100m,16Mi,
idx,100,LOG_TIME,2023-05-15T17:51:10,2023-05-15T12:51:10
NAME,CPU(cores),MEMORY(bytes),
h1-app-bb599cf94-427l7,101m,16Mi,
h1-app-bb599cf94-6pgr6,101m,15Mi,
h1-app-bb599cf94-fvblg,101m,16Mi,
h1-app-bb599cf94-kmx9d,100m,16Mi,
idx,101,LOG_TIME,2023-05-15T17:51:11,2023-05-15T12:51:11
NAME,CPU(cores),MEMORY(bytes),
h1-app-bb599cf94-427l7,101m,16Mi,
h1-app-bb599cf94-6pgr6,101m,15Mi,
h1-app-bb599cf94-fvblg,101m,16Mi,
h1-app-bb599cf94-kmx9d,100m,16Mi,
idx,102,LOG_TIME,2023-05-15T17:51:12,2023-05-15T12:51:12
NAME,CPU(cores),MEMORY(bytes),
h1-app-bb599cf94-427l7,101m,16Mi,
h1-app-bb599cf94-6pgr6,101m,15Mi,
h1-app-bb599cf94-fvblg,101m,16Mi,
h1-app-bb599cf94-kmx9d,100m,16Mi,
idx,103,LOG_TIME,2023-05-15T17:51:13,2023-05-15T12:51:13
NAME,CPU(cores),MEMORY(bytes),
h1-app-bb599cf94-427l7,101m,16Mi,
h1-app-bb599cf94-6pgr6,101m,15Mi,
h1-app-bb599cf94-fvblg,101m,16Mi,
h1-app-bb599cf94-kmx9d,100m,16Mi,
idx,104,LOG_TIME,2023-05-15T17:51:14,2023-05-15T12:51:14
NAME,CPU(cores),MEMORY(bytes),
h1-app-bb599cf94-427l7,101m,16Mi,
h1-app-bb599cf94-6pgr6,101m,15Mi,
h1-app-bb599cf94-fvblg,101m,16Mi,
h1-app-bb599cf94-kmx9d,100m,16Mi,
idx,105,LOG_TIME,2023-05-15T17:51:15,2023-05-15T12:51:15
NAME,CPU(cores),MEMORY(bytes),
h1-app-bb599cf94-427l7,101m,16Mi,
h1-app-bb599cf94-6pgr6,99m,15Mi,
h1-app-bb599cf94-fvblg,100m,16Mi,
h1-app-bb599cf94-kmx9d,101m,16Mi,
idx,106,LOG_TIME,2023-05-15T17:51:16,2023-05-15T12:51:16
NAME,CPU(cores),MEMORY(bytes),
h1-app-bb599cf94-427l7,101m,16Mi,
h1-app-bb599cf94-6pgr6,99m,15Mi,
h1-app-bb599cf94-fvblg,100m,16Mi,
h1-app-bb599cf94-kmx9d,101m,16Mi,
idx,107,LOG_TIME,2023-05-15T17:51:17,2023-05-15T12:51:17
NAME,CPU(cores),MEMORY(bytes),
h1-app-bb599cf94-427l7,101m,16Mi,
h1-app-bb599cf94-6pgr6,99m,15Mi,
h1-app-bb599cf94-fvblg,100m,16Mi,
h1-app-bb599cf94-kmx9d,101m,16Mi,
idx,108,LOG_TIME,2023-05-15T17:51:18,2023-05-15T12:51:18
NAME,CPU(cores),MEMORY(bytes),
h1-app-bb599cf94-427l7,101m,16Mi,
h1-app-bb599cf94-6pgr6,99m,15Mi,
h1-app-bb599cf94-fvblg,100m,16Mi,
h1-app-bb599cf94-kmx9d,101m,16Mi,
idx,109,LOG_TIME,2023-05-15T17:51:19,2023-05-15T12:51:19
NAME,CPU(cores),MEMORY(bytes),
h1-app-bb599cf94-427l7,101m,16Mi,
h1-app-bb599cf94-6pgr6,99m,15Mi,
h1-app-bb599cf94-fvblg,100m,16Mi,
h1-app-bb599cf94-kmx9d,101m,16Mi,
