idx,0,LOG_TIME,2023-05-01T06:42:42,2023-05-01T01:42:42
NAME,REFERENCE,TARGETS,MINPODS,MAXPODS,REPLICAS,AGE
nginx-deployment,Deployment/nginx-deployment,0%/50%,3,12,6,8m54s
idx,1,LOG_TIME,2023-05-01T06:42:42,2023-05-01T01:42:42
NAME,REFERENCE,TARGETS,MINPODS,MAXPODS,REPLICAS,AGE
nginx-deployment,Deployment/nginx-deployment,0%/50%,3,12,6,8m55s
idx,2,LOG_TIME,2023-05-01T06:42:42,2023-05-01T01:42:42
NAME,REFERENCE,TARGETS,MINPODS,MAXPODS,REPLICAS,AGE
nginx-deployment,Deployment/nginx-deployment,0%/50%,3,12,6,8m56s
idx,3,LOG_TIME,2023-05-01T06:42:42,2023-05-01T01:42:42
NAME,REFERENCE,TARGETS,MINPODS,MAXPODS,REPLICAS,AGE
nginx-deployment,Deployment/nginx-deployment,0%/50%,3,12,6,8m57s
idx,4,LOG_TIME,2023-05-01T06:42:42,2023-05-01T01:42:42
NAME,REFERENCE,TARGETS,MINPODS,MAXPODS,REPLICAS,AGE
nginx-deployment,Deployment/nginx-deployment,0%/50%,3,12,6,8m58s
idx,5,LOG_TIME,2023-05-01T06:42:42,2023-05-01T01:42:42
NAME,REFERENCE,TARGETS,MINPODS,MAXPODS,REPLICAS,AGE
nginx-deployment,Deployment/nginx-deployment,0%/50%,3,12,6,8m59s
idx,6,LOG_TIME,2023-05-01T06:42:42,2023-05-01T01:42:42
NAME,REFERENCE,TARGETS,MINPODS,MAXPODS,REPLICAS,AGE
nginx-deployment,Deployment/nginx-deployment,0%/50%,3,12,6,9m
idx,7,LOG_TIME,2023-05-01T06:42:42,2023-05-01T01:42:42
NAME,REFERENCE,TARGETS,MINPODS,MAXPODS,REPLICAS,AGE
nginx-deployment,Deployment/nginx-deployment,0%/50%,3,12,6,9m1s
idx,8,LOG_TIME,2023-05-01T06:42:42,2023-05-01T01:42:42
NAME,REFERENCE,TARGETS,MINPODS,MAXPODS,REPLICAS,AGE
nginx-deployment,Deployment/nginx-deployment,0%/50%,3,12,6,9m2s
idx,9,LOG_TIME,2023-05-01T06:42:42,2023-05-01T01:42:42
NAME,REFERENCE,TARGETS,MINPODS,MAXPODS,REPLICAS,AGE
nginx-deployment,Deployment/nginx-deployment,0%/50%,3,12,6,9m3s
idx,10,LOG_TIME,2023-05-01T06:42:42,2023-05-01T01:42:42
NAME,REFERENCE,TARGETS,MINPODS,MAXPODS,REPLICAS,AGE
nginx-deployment,Deployment/nginx-deployment,0%/50%,3,12,6,9m4s
idx,11,LOG_TIME,2023-05-01T06:42:42,2023-05-01T01:42:42
NAME,REFERENCE,TARGETS,MINPODS,MAXPODS,REPLICAS,AGE
nginx-deployment,Deployment/nginx-deployment,0%/50%,3,12,6,9m5s
idx,12,LOG_TIME,2023-05-01T06:42:42,2023-05-01T01:42:42
NAME,REFERENCE,TARGETS,MINPODS,MAXPODS,REPLICAS,AGE
nginx-deployment,Deployment/nginx-deployment,0%/50%,3,12,6,9m6s
idx,13,LOG_TIME,2023-05-01T06:42:42,2023-05-01T01:42:42
NAME,REFERENCE,TARGETS,MINPODS,MAXPODS,REPLICAS,AGE
nginx-deployment,Deployment/nginx-deployment,0%/50%,3,12,6,9m7s
idx,14,LOG_TIME,2023-05-01T06:42:42,2023-05-01T01:42:42
NAME,REFERENCE,TARGETS,MINPODS,MAXPODS,REPLICAS,AGE
nginx-deployment,Deployment/nginx-deployment,0%/50%,3,12,6,9m8s
idx,15,LOG_TIME,2023-05-01T06:42:42,2023-05-01T01:42:42
NAME,REFERENCE,TARGETS,MINPODS,MAXPODS,REPLICAS,AGE
nginx-deployment,Deployment/nginx-deployment,0%/50%,3,12,6,9m9s
idx,16,LOG_TIME,2023-05-01T06:42:42,2023-05-01T01:42:42
NAME,REFERENCE,TARGETS,MINPODS,MAXPODS,REPLICAS,AGE
nginx-deployment,Deployment/nginx-deployment,0%/50%,3,12,6,9m10s
idx,17,LOG_TIME,2023-05-01T06:42:42,2023-05-01T01:42:42
NAME,REFERENCE,TARGETS,MINPODS,MAXPODS,REPLICAS,AGE
nginx-deployment,Deployment/nginx-deployment,0%/50%,3,12,6,9m11s
idx,18,LOG_TIME,2023-05-01T06:42:42,2023-05-01T01:42:42
NAME,REFERENCE,TARGETS,MINPODS,MAXPODS,REPLICAS,AGE
nginx-deployment,Deployment/nginx-deployment,0%/50%,3,12,6,9m12s
idx,19,LOG_TIME,2023-05-01T06:42:42,2023-05-01T01:42:42
NAME,REFERENCE,TARGETS,MINPODS,MAXPODS,REPLICAS,AGE
nginx-deployment,Deployment/nginx-deployment,0%/50%,3,12,6,9m13s
idx,20,LOG_TIME,2023-05-01T06:42:42,2023-05-01T01:42:42
NAME,REFERENCE,TARGETS,MINPODS,MAXPODS,REPLICAS,AGE
nginx-deployment,Deployment/nginx-deployment,0%/50%,3,12,6,9m14s
idx,21,LOG_TIME,2023-05-01T06:42:42,2023-05-01T01:42:42
NAME,REFERENCE,TARGETS,MINPODS,MAXPODS,REPLICAS,AGE
nginx-deployment,Deployment/nginx-deployment,0%/50%,3,12,6,9m15s
idx,22,LOG_TIME,2023-05-01T06:42:42,2023-05-01T01:42:42
NAME,REFERENCE,TARGETS,MINPODS,MAXPODS,REPLICAS,AGE
nginx-deployment,Deployment/nginx-deployment,0%/50%,3,12,6,9m16s
idx,23,LOG_TIME,2023-05-01T06:42:42,2023-05-01T01:42:42
NAME,REFERENCE,TARGETS,MINPODS,MAXPODS,REPLICAS,AGE
nginx-deployment,Deployment/nginx-deployment,<unknown>/50%,3,12,1,9m18s
idx,24,LOG_TIME,2023-05-01T06:42:42,2023-05-01T01:42:42
NAME,REFERENCE,TARGETS,MINPODS,MAXPODS,REPLICAS,AGE
nginx-deployment,Deployment/nginx-deployment,<unknown>/50%,3,12,1,9m19s
idx,25,LOG_TIME,2023-05-01T06:42:42,2023-05-01T01:42:42
NAME,REFERENCE,TARGETS,MINPODS,MAXPODS,REPLICAS,AGE
nginx-deployment,Deployment/nginx-deployment,<unknown>/50%,3,12,1,9m20s
idx,26,LOG_TIME,2023-05-01T06:42:42,2023-05-01T01:42:42
NAME,REFERENCE,TARGETS,MINPODS,MAXPODS,REPLICAS,AGE
nginx-deployment,Deployment/nginx-deployment,<unknown>/50%,3,12,1,9m21s
idx,27,LOG_TIME,2023-05-01T06:42:42,2023-05-01T01:42:42
NAME,REFERENCE,TARGETS,MINPODS,MAXPODS,REPLICAS,AGE
nginx-deployment,Deployment/nginx-deployment,<unknown>/50%,3,12,1,9m22s
idx,28,LOG_TIME,2023-05-01T06:42:42,2023-05-01T01:42:42
NAME,REFERENCE,TARGETS,MINPODS,MAXPODS,REPLICAS,AGE
nginx-deployment,Deployment/nginx-deployment,<unknown>/50%,3,12,1,9m23s
idx,29,LOG_TIME,2023-05-01T06:42:42,2023-05-01T01:42:42
NAME,REFERENCE,TARGETS,MINPODS,MAXPODS,REPLICAS,AGE
nginx-deployment,Deployment/nginx-deployment,<unknown>/50%,3,12,1,9m24s
idx,30,LOG_TIME,2023-05-01T06:42:42,2023-05-01T01:42:42
NAME,REFERENCE,TARGETS,MINPODS,MAXPODS,REPLICAS,AGE
nginx-deployment,Deployment/nginx-deployment,<unknown>/50%,3,12,1,9m25s
idx,31,LOG_TIME,2023-05-01T06:42:42,2023-05-01T01:42:42
NAME,REFERENCE,TARGETS,MINPODS,MAXPODS,REPLICAS,AGE
nginx-deployment,Deployment/nginx-deployment,<unknown>/50%,3,12,1,9m26s
idx,32,LOG_TIME,2023-05-01T06:42:42,2023-05-01T01:42:42
NAME,REFERENCE,TARGETS,MINPODS,MAXPODS,REPLICAS,AGE
nginx-deployment,Deployment/nginx-deployment,<unknown>/50%,3,12,1,9m27s
idx,33,LOG_TIME,2023-05-01T06:42:42,2023-05-01T01:42:42
NAME,REFERENCE,TARGETS,MINPODS,MAXPODS,REPLICAS,AGE
nginx-deployment,Deployment/nginx-deployment,<unknown>/50%,3,12,1,9m28s
idx,34,LOG_TIME,2023-05-01T06:42:42,2023-05-01T01:42:42
NAME,REFERENCE,TARGETS,MINPODS,MAXPODS,REPLICAS,AGE
nginx-deployment,Deployment/nginx-deployment,<unknown>/50%,3,12,1,9m29s
idx,35,LOG_TIME,2023-05-01T06:42:42,2023-05-01T01:42:42
NAME,REFERENCE,TARGETS,MINPODS,MAXPODS,REPLICAS,AGE
nginx-deployment,Deployment/nginx-deployment,<unknown>/50%,3,12,1,9m30s
idx,36,LOG_TIME,2023-05-01T06:42:42,2023-05-01T01:42:42
NAME,REFERENCE,TARGETS,MINPODS,MAXPODS,REPLICAS,AGE
nginx-deployment,Deployment/nginx-deployment,<unknown>/50%,3,12,1,9m31s
idx,37,LOG_TIME,2023-05-01T06:42:42,2023-05-01T01:42:42
NAME,REFERENCE,TARGETS,MINPODS,MAXPODS,REPLICAS,AGE
nginx-deployment,Deployment/nginx-deployment,<unknown>/50%,3,12,1,9m32s
idx,38,LOG_TIME,2023-05-01T06:42:42,2023-05-01T01:42:42
NAME,REFERENCE,TARGETS,MINPODS,MAXPODS,REPLICAS,AGE
nginx-deployment,Deployment/nginx-deployment,<unknown>/50%,3,12,3,9m33s
idx,39,LOG_TIME,2023-05-01T06:42:42,2023-05-01T01:42:42
NAME,REFERENCE,TARGETS,MINPODS,MAXPODS,REPLICAS,AGE
nginx-deployment,Deployment/nginx-deployment,<unknown>/50%,3,12,3,9m34s
idx,40,LOG_TIME,2023-05-01T06:42:42,2023-05-01T01:42:42
NAME,REFERENCE,TARGETS,MINPODS,MAXPODS,REPLICAS,AGE
nginx-deployment,Deployment/nginx-deployment,<unknown>/50%,3,12,3,9m35s
idx,41,LOG_TIME,2023-05-01T06:42:42,2023-05-01T01:42:42
NAME,REFERENCE,TARGETS,MINPODS,MAXPODS,REPLICAS,AGE
nginx-deployment,Deployment/nginx-deployment,<unknown>/50%,3,12,3,9m36s
idx,42,LOG_TIME,2023-05-01T06:42:42,2023-05-01T01:42:42
NAME,REFERENCE,TARGETS,MINPODS,MAXPODS,REPLICAS,AGE
nginx-deployment,Deployment/nginx-deployment,<unknown>/50%,3,12,3,9m37s
idx,43,LOG_TIME,2023-05-01T06:42:42,2023-05-01T01:42:42
NAME,REFERENCE,TARGETS,MINPODS,MAXPODS,REPLICAS,AGE
nginx-deployment,Deployment/nginx-deployment,<unknown>/50%,3,12,3,9m38s
idx,44,LOG_TIME,2023-05-01T06:42:42,2023-05-01T01:42:42
NAME,REFERENCE,TARGETS,MINPODS,MAXPODS,REPLICAS,AGE
nginx-deployment,Deployment/nginx-deployment,<unknown>/50%,3,12,3,9m39s
idx,45,LOG_TIME,2023-05-01T06:42:42,2023-05-01T01:42:42
NAME,REFERENCE,TARGETS,MINPODS,MAXPODS,REPLICAS,AGE
nginx-deployment,Deployment/nginx-deployment,<unknown>/50%,3,12,3,9m40s
idx,46,LOG_TIME,2023-05-01T06:42:42,2023-05-01T01:42:42
NAME,REFERENCE,TARGETS,MINPODS,MAXPODS,REPLICAS,AGE
nginx-deployment,Deployment/nginx-deployment,<unknown>/50%,3,12,3,9m41s
idx,47,LOG_TIME,2023-05-01T06:42:42,2023-05-01T01:42:42
NAME,REFERENCE,TARGETS,MINPODS,MAXPODS,REPLICAS,AGE
nginx-deployment,Deployment/nginx-deployment,<unknown>/50%,3,12,3,9m42s
idx,48,LOG_TIME,2023-05-01T06:42:42,2023-05-01T01:42:42
NAME,REFERENCE,TARGETS,MINPODS,MAXPODS,REPLICAS,AGE
nginx-deployment,Deployment/nginx-deployment,<unknown>/50%,3,12,3,9m43s
idx,49,LOG_TIME,2023-05-01T06:42:42,2023-05-01T01:42:42
NAME,REFERENCE,TARGETS,MINPODS,MAXPODS,REPLICAS,AGE
nginx-deployment,Deployment/nginx-deployment,<unknown>/50%,3,12,3,9m44s
idx,50,LOG_TIME,2023-05-01T06:42:42,2023-05-01T01:42:42
NAME,REFERENCE,TARGETS,MINPODS,MAXPODS,REPLICAS,AGE
nginx-deployment,Deployment/nginx-deployment,<unknown>/50%,3,12,3,9m45s
idx,51,LOG_TIME,2023-05-01T06:42:42,2023-05-01T01:42:42
NAME,REFERENCE,TARGETS,MINPODS,MAXPODS,REPLICAS,AGE
nginx-deployment,Deployment/nginx-deployment,<unknown>/50%,3,12,3,9m46s
idx,52,LOG_TIME,2023-05-01T06:42:42,2023-05-01T01:42:42
NAME,REFERENCE,TARGETS,MINPODS,MAXPODS,REPLICAS,AGE
nginx-deployment,Deployment/nginx-deployment,<unknown>/50%,3,12,3,9m47s
idx,53,LOG_TIME,2023-05-01T06:42:42,2023-05-01T01:42:42
NAME,REFERENCE,TARGETS,MINPODS,MAXPODS,REPLICAS,AGE
nginx-deployment,Deployment/nginx-deployment,1%/50%,3,12,3,9m48s
idx,54,LOG_TIME,2023-05-01T06:42:42,2023-05-01T01:42:42
NAME,REFERENCE,TARGETS,MINPODS,MAXPODS,REPLICAS,AGE
nginx-deployment,Deployment/nginx-deployment,1%/50%,3,12,3,9m49s
idx,55,LOG_TIME,2023-05-01T06:42:42,2023-05-01T01:42:42
NAME,REFERENCE,TARGETS,MINPODS,MAXPODS,REPLICAS,AGE
nginx-deployment,Deployment/nginx-deployment,1%/50%,3,12,3,9m50s
idx,56,LOG_TIME,2023-05-01T06:42:42,2023-05-01T01:42:42
NAME,REFERENCE,TARGETS,MINPODS,MAXPODS,REPLICAS,AGE
nginx-deployment,Deployment/nginx-deployment,1%/50%,3,12,3,9m51s
idx,57,LOG_TIME,2023-05-01T06:42:42,2023-05-01T01:42:42
NAME,REFERENCE,TARGETS,MINPODS,MAXPODS,REPLICAS,AGE
nginx-deployment,Deployment/nginx-deployment,1%/50%,3,12,3,9m52s
idx,58,LOG_TIME,2023-05-01T06:42:42,2023-05-01T01:42:42
NAME,REFERENCE,TARGETS,MINPODS,MAXPODS,REPLICAS,AGE
nginx-deployment,Deployment/nginx-deployment,1%/50%,3,12,3,9m53s
idx,59,LOG_TIME,2023-05-01T06:42:42,2023-05-01T01:42:42
NAME,REFERENCE,TARGETS,MINPODS,MAXPODS,REPLICAS,AGE
nginx-deployment,Deployment/nginx-deployment,1%/50%,3,12,3,9m54s
idx,60,LOG_TIME,2023-05-01T06:42:42,2023-05-01T01:42:42
NAME,REFERENCE,TARGETS,MINPODS,MAXPODS,REPLICAS,AGE
nginx-deployment,Deployment/nginx-deployment,1%/50%,3,12,3,9m55s
idx,61,LOG_TIME,2023-05-01T06:42:42,2023-05-01T01:42:42
NAME,REFERENCE,TARGETS,MINPODS,MAXPODS,REPLICAS,AGE
nginx-deployment,Deployment/nginx-deployment,1%/50%,3,12,3,9m56s
idx,62,LOG_TIME,2023-05-01T06:42:42,2023-05-01T01:42:42
NAME,REFERENCE,TARGETS,MINPODS,MAXPODS,REPLICAS,AGE
nginx-deployment,Deployment/nginx-deployment,1%/50%,3,12,3,9m57s
idx,63,LOG_TIME,2023-05-01T06:42:42,2023-05-01T01:42:42
NAME,REFERENCE,TARGETS,MINPODS,MAXPODS,REPLICAS,AGE
nginx-deployment,Deployment/nginx-deployment,1%/50%,3,12,3,9m58s
idx,64,LOG_TIME,2023-05-01T06:42:42,2023-05-01T01:42:42
NAME,REFERENCE,TARGETS,MINPODS,MAXPODS,REPLICAS,AGE
nginx-deployment,Deployment/nginx-deployment,1%/50%,3,12,3,9m59s
idx,65,LOG_TIME,2023-05-01T06:42:42,2023-05-01T01:42:42
NAME,REFERENCE,TARGETS,MINPODS,MAXPODS,REPLICAS,AGE
nginx-deployment,Deployment/nginx-deployment,1%/50%,3,12,3,10m
idx,66,LOG_TIME,2023-05-01T06:42:42,2023-05-01T01:42:42
NAME,REFERENCE,TARGETS,MINPODS,MAXPODS,REPLICAS,AGE
nginx-deployment,Deployment/nginx-deployment,1%/50%,3,12,3,10m
idx,67,LOG_TIME,2023-05-01T06:42:42,2023-05-01T01:42:42
NAME,REFERENCE,TARGETS,MINPODS,MAXPODS,REPLICAS,AGE
nginx-deployment,Deployment/nginx-deployment,1%/50%,3,12,3,10m
idx,68,LOG_TIME,2023-05-01T06:42:42,2023-05-01T01:42:42
NAME,REFERENCE,TARGETS,MINPODS,MAXPODS,REPLICAS,AGE
nginx-deployment,Deployment/nginx-deployment,0%/50%,3,12,6,10m
idx,69,LOG_TIME,2023-05-01T06:42:42,2023-05-01T01:42:42
NAME,REFERENCE,TARGETS,MINPODS,MAXPODS,REPLICAS,AGE
nginx-deployment,Deployment/nginx-deployment,0%/50%,3,12,6,10m
idx,70,LOG_TIME,2023-05-01T06:42:42,2023-05-01T01:42:42
NAME,REFERENCE,TARGETS,MINPODS,MAXPODS,REPLICAS,AGE
nginx-deployment,Deployment/nginx-deployment,0%/50%,3,12,6,10m
idx,71,LOG_TIME,2023-05-01T06:42:42,2023-05-01T01:42:42
NAME,REFERENCE,TARGETS,MINPODS,MAXPODS,REPLICAS,AGE
nginx-deployment,Deployment/nginx-deployment,0%/50%,3,12,6,10m
idx,72,LOG_TIME,2023-05-01T06:42:42,2023-05-01T01:42:42
NAME,REFERENCE,TARGETS,MINPODS,MAXPODS,REPLICAS,AGE
nginx-deployment,Deployment/nginx-deployment,0%/50%,3,12,6,10m
idx,73,LOG_TIME,2023-05-01T06:42:42,2023-05-01T01:42:42
NAME,REFERENCE,TARGETS,MINPODS,MAXPODS,REPLICAS,AGE
nginx-deployment,Deployment/nginx-deployment,0%/50%,3,12,6,10m
idx,74,LOG_TIME,2023-05-01T06:42:42,2023-05-01T01:42:42
NAME,REFERENCE,TARGETS,MINPODS,MAXPODS,REPLICAS,AGE
nginx-deployment,Deployment/nginx-deployment,0%/50%,3,12,6,10m
idx,75,LOG_TIME,2023-05-01T06:42:42,2023-05-01T01:42:42
NAME,REFERENCE,TARGETS,MINPODS,MAXPODS,REPLICAS,AGE
nginx-deployment,Deployment/nginx-deployment,0%/50%,3,12,6,10m
idx,76,LOG_TIME,2023-05-01T06:42:42,2023-05-01T01:42:42
NAME,REFERENCE,TARGETS,MINPODS,MAXPODS,REPLICAS,AGE
nginx-deployment,Deployment/nginx-deployment,0%/50%,3,12,6,10m
idx,77,LOG_TIME,2023-05-01T06:42:42,2023-05-01T01:42:42
NAME,REFERENCE,TARGETS,MINPODS,MAXPODS,REPLICAS,AGE
nginx-deployment,Deployment/nginx-deployment,0%/50%,3,12,6,10m
idx,78,LOG_TIME,2023-05-01T06:42:42,2023-05-01T01:42:42
NAME,REFERENCE,TARGETS,MINPODS,MAXPODS,REPLICAS,AGE
nginx-deployment,Deployment/nginx-deployment,0%/50%,3,12,6,10m
idx,79,LOG_TIME,2023-05-01T06:42:42,2023-05-01T01:42:42
NAME,REFERENCE,TARGETS,MINPODS,MAXPODS,REPLICAS,AGE
nginx-deployment,Deployment/nginx-deployment,0%/50%,3,12,6,10m
idx,80,LOG_TIME,2023-05-01T06:42:42,2023-05-01T01:42:42
NAME,REFERENCE,TARGETS,MINPODS,MAXPODS,REPLICAS,AGE
nginx-deployment,Deployment/nginx-deployment,0%/50%,3,12,6,10m
idx,81,LOG_TIME,2023-05-01T06:42:42,2023-05-01T01:42:42
NAME,REFERENCE,TARGETS,MINPODS,MAXPODS,REPLICAS,AGE
nginx-deployment,Deployment/nginx-deployment,0%/50%,3,12,6,10m
idx,82,LOG_TIME,2023-05-01T06:42:42,2023-05-01T01:42:42
NAME,REFERENCE,TARGETS,MINPODS,MAXPODS,REPLICAS,AGE
nginx-deployment,Deployment/nginx-deployment,0%/50%,3,12,6,10m
idx,83,LOG_TIME,2023-05-01T06:42:42,2023-05-01T01:42:42
NAME,REFERENCE,TARGETS,MINPODS,MAXPODS,REPLICAS,AGE
nginx-deployment,Deployment/nginx-deployment,0%/50%,3,12,6,10m
idx,84,LOG_TIME,2023-05-01T06:42:42,2023-05-01T01:42:42
NAME,REFERENCE,TARGETS,MINPODS,MAXPODS,REPLICAS,AGE
nginx-deployment,Deployment/nginx-deployment,0%/50%,3,12,6,10m
idx,85,LOG_TIME,2023-05-01T06:42:42,2023-05-01T01:42:42
NAME,REFERENCE,TARGETS,MINPODS,MAXPODS,REPLICAS,AGE
nginx-deployment,Deployment/nginx-deployment,0%/50%,3,12,6,10m
idx,86,LOG_TIME,2023-05-01T06:42:42,2023-05-01T01:42:42
NAME,REFERENCE,TARGETS,MINPODS,MAXPODS,REPLICAS,AGE
nginx-deployment,Deployment/nginx-deployment,0%/50%,3,12,6,10m
idx,87,LOG_TIME,2023-05-01T06:42:42,2023-05-01T01:42:42
NAME,REFERENCE,TARGETS,MINPODS,MAXPODS,REPLICAS,AGE
nginx-deployment,Deployment/nginx-deployment,0%/50%,3,12,6,10m
idx,88,LOG_TIME,2023-05-01T06:42:42,2023-05-01T01:42:42
NAME,REFERENCE,TARGETS,MINPODS,MAXPODS,REPLICAS,AGE
nginx-deployment,Deployment/nginx-deployment,0%/50%,3,12,6,10m
idx,89,LOG_TIME,2023-05-01T06:42:42,2023-05-01T01:42:42
NAME,REFERENCE,TARGETS,MINPODS,MAXPODS,REPLICAS,AGE
nginx-deployment,Deployment/nginx-deployment,0%/50%,3,12,6,10m
idx,90,LOG_TIME,2023-05-01T06:42:42,2023-05-01T01:42:42
NAME,REFERENCE,TARGETS,MINPODS,MAXPODS,REPLICAS,AGE
nginx-deployment,Deployment/nginx-deployment,0%/50%,3,12,6,10m
idx,91,LOG_TIME,2023-05-01T06:42:42,2023-05-01T01:42:42
NAME,REFERENCE,TARGETS,MINPODS,MAXPODS,REPLICAS,AGE
nginx-deployment,Deployment/nginx-deployment,0%/50%,3,12,6,10m
idx,92,LOG_TIME,2023-05-01T06:42:42,2023-05-01T01:42:42
NAME,REFERENCE,TARGETS,MINPODS,MAXPODS,REPLICAS,AGE
nginx-deployment,Deployment/nginx-deployment,0%/50%,3,12,6,10m
idx,93,LOG_TIME,2023-05-01T06:42:42,2023-05-01T01:42:42
NAME,REFERENCE,TARGETS,MINPODS,MAXPODS,REPLICAS,AGE
nginx-deployment,Deployment/nginx-deployment,0%/50%,3,12,6,10m
idx,94,LOG_TIME,2023-05-01T06:42:42,2023-05-01T01:42:42
NAME,REFERENCE,TARGETS,MINPODS,MAXPODS,REPLICAS,AGE
nginx-deployment,Deployment/nginx-deployment,0%/50%,3,12,6,10m
idx,95,LOG_TIME,2023-05-01T06:42:42,2023-05-01T01:42:42
NAME,REFERENCE,TARGETS,MINPODS,MAXPODS,REPLICAS,AGE
nginx-deployment,Deployment/nginx-deployment,0%/50%,3,12,6,10m
idx,96,LOG_TIME,2023-05-01T06:42:42,2023-05-01T01:42:42
NAME,REFERENCE,TARGETS,MINPODS,MAXPODS,REPLICAS,AGE
nginx-deployment,Deployment/nginx-deployment,0%/50%,3,12,6,10m
idx,97,LOG_TIME,2023-05-01T06:42:42,2023-05-01T01:42:42
NAME,REFERENCE,TARGETS,MINPODS,MAXPODS,REPLICAS,AGE
nginx-deployment,Deployment/nginx-deployment,0%/50%,3,12,6,10m
idx,98,LOG_TIME,2023-05-01T06:42:42,2023-05-01T01:42:42
NAME,REFERENCE,TARGETS,MINPODS,MAXPODS,REPLICAS,AGE
nginx-deployment,Deployment/nginx-deployment,0%/50%,3,12,6,10m
idx,99,LOG_TIME,2023-05-01T06:42:42,2023-05-01T01:42:42
NAME,REFERENCE,TARGETS,MINPODS,MAXPODS,REPLICAS,AGE
nginx-deployment,Deployment/nginx-deployment,0%/50%,3,12,6,10m
idx,100,LOG_TIME,2023-05-01T06:42:42,2023-05-01T01:42:42
NAME,REFERENCE,TARGETS,MINPODS,MAXPODS,REPLICAS,AGE
nginx-deployment,Deployment/nginx-deployment,0%/50%,3,12,6,10m
idx,101,LOG_TIME,2023-05-01T06:42:42,2023-05-01T01:42:42
NAME,REFERENCE,TARGETS,MINPODS,MAXPODS,REPLICAS,AGE
nginx-deployment,Deployment/nginx-deployment,0%/50%,3,12,6,10m
idx,102,LOG_TIME,2023-05-01T06:42:42,2023-05-01T01:42:42
NAME,REFERENCE,TARGETS,MINPODS,MAXPODS,REPLICAS,AGE
nginx-deployment,Deployment/nginx-deployment,0%/50%,3,12,6,10m
idx,103,LOG_TIME,2023-05-01T06:42:42,2023-05-01T01:42:42
NAME,REFERENCE,TARGETS,MINPODS,MAXPODS,REPLICAS,AGE
nginx-deployment,Deployment/nginx-deployment,0%/50%,3,12,6,10m
idx,104,LOG_TIME,2023-05-01T06:42:42,2023-05-01T01:42:42
NAME,REFERENCE,TARGETS,MINPODS,MAXPODS,REPLICAS,AGE
nginx-deployment,Deployment/nginx-deployment,0%/50%,3,12,6,10m
idx,105,LOG_TIME,2023-05-01T06:42:42,2023-05-01T01:42:42
NAME,REFERENCE,TARGETS,MINPODS,MAXPODS,REPLICAS,AGE
nginx-deployment,Deployment/nginx-deployment,0%/50%,3,12,6,10m
idx,106,LOG_TIME,2023-05-01T06:42:42,2023-05-01T01:42:42
NAME,REFERENCE,TARGETS,MINPODS,MAXPODS,REPLICAS,AGE
nginx-deployment,Deployment/nginx-deployment,0%/50%,3,12,6,10m
idx,107,LOG_TIME,2023-05-01T06:42:42,2023-05-01T01:42:42
NAME,REFERENCE,TARGETS,MINPODS,MAXPODS,REPLICAS,AGE
nginx-deployment,Deployment/nginx-deployment,0%/50%,3,12,6,10m
idx,108,LOG_TIME,2023-05-01T06:42:42,2023-05-01T01:42:42
NAME,REFERENCE,TARGETS,MINPODS,MAXPODS,REPLICAS,AGE
nginx-deployment,Deployment/nginx-deployment,0%/50%,3,12,6,10m
idx,109,LOG_TIME,2023-05-01T06:42:42,2023-05-01T01:42:42
NAME,REFERENCE,TARGETS,MINPODS,MAXPODS,REPLICAS,AGE
nginx-deployment,Deployment/nginx-deployment,0%/50%,3,12,6,10m
idx,110,LOG_TIME,2023-05-01T06:42:42,2023-05-01T01:42:42
NAME,REFERENCE,TARGETS,MINPODS,MAXPODS,REPLICAS,AGE
nginx-deployment,Deployment/nginx-deployment,0%/50%,3,12,6,10m
idx,111,LOG_TIME,2023-05-01T06:42:42,2023-05-01T01:42:42
NAME,REFERENCE,TARGETS,MINPODS,MAXPODS,REPLICAS,AGE
nginx-deployment,Deployment/nginx-deployment,0%/50%,3,12,6,10m
idx,112,LOG_TIME,2023-05-01T06:42:42,2023-05-01T01:42:42
NAME,REFERENCE,TARGETS,MINPODS,MAXPODS,REPLICAS,AGE
nginx-deployment,Deployment/nginx-deployment,0%/50%,3,12,6,10m
idx,113,LOG_TIME,2023-05-01T06:42:42,2023-05-01T01:42:42
NAME,REFERENCE,TARGETS,MINPODS,MAXPODS,REPLICAS,AGE
nginx-deployment,Deployment/nginx-deployment,0%/50%,3,12,6,10m
idx,114,LOG_TIME,2023-05-01T06:42:42,2023-05-01T01:42:42
NAME,REFERENCE,TARGETS,MINPODS,MAXPODS,REPLICAS,AGE
nginx-deployment,Deployment/nginx-deployment,0%/50%,3,12,6,10m
idx,115,LOG_TIME,2023-05-01T06:42:42,2023-05-01T01:42:42
NAME,REFERENCE,TARGETS,MINPODS,MAXPODS,REPLICAS,AGE
nginx-deployment,Deployment/nginx-deployment,0%/50%,3,12,6,10m
idx,116,LOG_TIME,2023-05-01T06:42:42,2023-05-01T01:42:42
NAME,REFERENCE,TARGETS,MINPODS,MAXPODS,REPLICAS,AGE
nginx-deployment,Deployment/nginx-deployment,0%/50%,3,12,6,10m
idx,117,LOG_TIME,2023-05-01T06:42:42,2023-05-01T01:42:42
NAME,REFERENCE,TARGETS,MINPODS,MAXPODS,REPLICAS,AGE
nginx-deployment,Deployment/nginx-deployment,0%/50%,3,12,6,10m
idx,118,LOG_TIME,2023-05-01T06:42:42,2023-05-01T01:42:42
NAME,REFERENCE,TARGETS,MINPODS,MAXPODS,REPLICAS,AGE
nginx-deployment,Deployment/nginx-deployment,0%/50%,3,12,6,10m
idx,119,LOG_TIME,2023-05-01T06:42:42,2023-05-01T01:42:42
NAME,REFERENCE,TARGETS,MINPODS,MAXPODS,REPLICAS,AGE
nginx-deployment,Deployment/nginx-deployment,0%/50%,3,12,6,10m
idx,120,LOG_TIME,2023-05-01T06:42:42,2023-05-01T01:42:42
NAME,REFERENCE,TARGETS,MINPODS,MAXPODS,REPLICAS,AGE
nginx-deployment,Deployment/nginx-deployment,0%/50%,3,12,6,10m
idx,121,LOG_TIME,2023-05-01T06:42:42,2023-05-01T01:42:42
NAME,REFERENCE,TARGETS,MINPODS,MAXPODS,REPLICAS,AGE
nginx-deployment,Deployment/nginx-deployment,0%/50%,3,12,6,10m
idx,122,LOG_TIME,2023-05-01T06:42:42,2023-05-01T01:42:42
NAME,REFERENCE,TARGETS,MINPODS,MAXPODS,REPLICAS,AGE
nginx-deployment,Deployment/nginx-deployment,0%/50%,3,12,6,10m
idx,123,LOG_TIME,2023-05-01T06:42:42,2023-05-01T01:42:42
NAME,REFERENCE,TARGETS,MINPODS,MAXPODS,REPLICAS,AGE
nginx-deployment,Deployment/nginx-deployment,0%/50%,3,12,6,11m
idx,124,LOG_TIME,2023-05-01T06:42:42,2023-05-01T01:42:42
NAME,REFERENCE,TARGETS,MINPODS,MAXPODS,REPLICAS,AGE
nginx-deployment,Deployment/nginx-deployment,0%/50%,3,12,6,11m
idx,125,LOG_TIME,2023-05-01T06:42:42,2023-05-01T01:42:42
NAME,REFERENCE,TARGETS,MINPODS,MAXPODS,REPLICAS,AGE
nginx-deployment,Deployment/nginx-deployment,0%/50%,3,12,6,11m
idx,126,LOG_TIME,2023-05-01T06:42:42,2023-05-01T01:42:42
NAME,REFERENCE,TARGETS,MINPODS,MAXPODS,REPLICAS,AGE
nginx-deployment,Deployment/nginx-deployment,0%/50%,3,12,6,11m
idx,127,LOG_TIME,2023-05-01T06:42:42,2023-05-01T01:42:42
NAME,REFERENCE,TARGETS,MINPODS,MAXPODS,REPLICAS,AGE
nginx-deployment,Deployment/nginx-deployment,0%/50%,3,12,6,11m
idx,128,LOG_TIME,2023-05-01T06:42:42,2023-05-01T01:42:42
NAME,REFERENCE,TARGETS,MINPODS,MAXPODS,REPLICAS,AGE
nginx-deployment,Deployment/nginx-deployment,0%/50%,3,12,6,11m
idx,129,LOG_TIME,2023-05-01T06:42:42,2023-05-01T01:42:42
NAME,REFERENCE,TARGETS,MINPODS,MAXPODS,REPLICAS,AGE
nginx-deployment,Deployment/nginx-deployment,0%/50%,3,12,6,11m
idx,130,LOG_TIME,2023-05-01T06:42:42,2023-05-01T01:42:42
NAME,REFERENCE,TARGETS,MINPODS,MAXPODS,REPLICAS,AGE
nginx-deployment,Deployment/nginx-deployment,0%/50%,3,12,6,11m
idx,131,LOG_TIME,2023-05-01T06:42:42,2023-05-01T01:42:42
NAME,REFERENCE,TARGETS,MINPODS,MAXPODS,REPLICAS,AGE
nginx-deployment,Deployment/nginx-deployment,0%/50%,3,12,6,11m
idx,132,LOG_TIME,2023-05-01T06:42:42,2023-05-01T01:42:42
NAME,REFERENCE,TARGETS,MINPODS,MAXPODS,REPLICAS,AGE
nginx-deployment,Deployment/nginx-deployment,0%/50%,3,12,6,11m
idx,133,LOG_TIME,2023-05-01T06:42:42,2023-05-01T01:42:42
NAME,REFERENCE,TARGETS,MINPODS,MAXPODS,REPLICAS,AGE
nginx-deployment,Deployment/nginx-deployment,0%/50%,3,12,6,11m
idx,134,LOG_TIME,2023-05-01T06:42:42,2023-05-01T01:42:42
NAME,REFERENCE,TARGETS,MINPODS,MAXPODS,REPLICAS,AGE
nginx-deployment,Deployment/nginx-deployment,0%/50%,3,12,6,11m
idx,135,LOG_TIME,2023-05-01T06:42:42,2023-05-01T01:42:42
NAME,REFERENCE,TARGETS,MINPODS,MAXPODS,REPLICAS,AGE
nginx-deployment,Deployment/nginx-deployment,0%/50%,3,12,6,11m
idx,136,LOG_TIME,2023-05-01T06:42:42,2023-05-01T01:42:42
NAME,REFERENCE,TARGETS,MINPODS,MAXPODS,REPLICAS,AGE
nginx-deployment,Deployment/nginx-deployment,0%/50%,3,12,6,11m
idx,137,LOG_TIME,2023-05-01T06:42:42,2023-05-01T01:42:42
NAME,REFERENCE,TARGETS,MINPODS,MAXPODS,REPLICAS,AGE
nginx-deployment,Deployment/nginx-deployment,0%/50%,3,12,6,11m
idx,138,LOG_TIME,2023-05-01T06:42:42,2023-05-01T01:42:42
NAME,REFERENCE,TARGETS,MINPODS,MAXPODS,REPLICAS,AGE
nginx-deployment,Deployment/nginx-deployment,0%/50%,3,12,6,11m
idx,139,LOG_TIME,2023-05-01T06:42:42,2023-05-01T01:42:42
NAME,REFERENCE,TARGETS,MINPODS,MAXPODS,REPLICAS,AGE
nginx-deployment,Deployment/nginx-deployment,0%/50%,3,12,6,11m
idx,140,LOG_TIME,2023-05-01T06:42:42,2023-05-01T01:42:42
NAME,REFERENCE,TARGETS,MINPODS,MAXPODS,REPLICAS,AGE
nginx-deployment,Deployment/nginx-deployment,0%/50%,3,12,6,11m
idx,141,LOG_TIME,2023-05-01T06:42:42,2023-05-01T01:42:42
NAME,REFERENCE,TARGETS,MINPODS,MAXPODS,REPLICAS,AGE
nginx-deployment,Deployment/nginx-deployment,0%/50%,3,12,6,11m
idx,142,LOG_TIME,2023-05-01T06:42:42,2023-05-01T01:42:42
NAME,REFERENCE,TARGETS,MINPODS,MAXPODS,REPLICAS,AGE
nginx-deployment,Deployment/nginx-deployment,0%/50%,3,12,6,11m
idx,143,LOG_TIME,2023-05-01T06:42:42,2023-05-01T01:42:42
NAME,REFERENCE,TARGETS,MINPODS,MAXPODS,REPLICAS,AGE
nginx-deployment,Deployment/nginx-deployment,0%/50%,3,12,6,11m
idx,144,LOG_TIME,2023-05-01T06:42:42,2023-05-01T01:42:42
NAME,REFERENCE,TARGETS,MINPODS,MAXPODS,REPLICAS,AGE
nginx-deployment,Deployment/nginx-deployment,0%/50%,3,12,6,11m
idx,145,LOG_TIME,2023-05-01T06:42:42,2023-05-01T01:42:42
NAME,REFERENCE,TARGETS,MINPODS,MAXPODS,REPLICAS,AGE
nginx-deployment,Deployment/nginx-deployment,0%/50%,3,12,6,11m
idx,146,LOG_TIME,2023-05-01T06:42:42,2023-05-01T01:42:42
NAME,REFERENCE,TARGETS,MINPODS,MAXPODS,REPLICAS,AGE
nginx-deployment,Deployment/nginx-deployment,0%/50%,3,12,6,11m
idx,147,LOG_TIME,2023-05-01T06:42:42,2023-05-01T01:42:42
NAME,REFERENCE,TARGETS,MINPODS,MAXPODS,REPLICAS,AGE
nginx-deployment,Deployment/nginx-deployment,0%/50%,3,12,6,11m
idx,148,LOG_TIME,2023-05-01T06:42:42,2023-05-01T01:42:42
NAME,REFERENCE,TARGETS,MINPODS,MAXPODS,REPLICAS,AGE
nginx-deployment,Deployment/nginx-deployment,0%/50%,3,12,6,11m
idx,149,LOG_TIME,2023-05-01T06:42:42,2023-05-01T01:42:42
NAME,REFERENCE,TARGETS,MINPODS,MAXPODS,REPLICAS,AGE
nginx-deployment,Deployment/nginx-deployment,0%/50%,3,12,6,11m
idx,150,LOG_TIME,2023-05-01T06:42:42,2023-05-01T01:42:42
NAME,REFERENCE,TARGETS,MINPODS,MAXPODS,REPLICAS,AGE
nginx-deployment,Deployment/nginx-deployment,0%/50%,3,12,6,11m
idx,151,LOG_TIME,2023-05-01T06:42:42,2023-05-01T01:42:42
NAME,REFERENCE,TARGETS,MINPODS,MAXPODS,REPLICAS,AGE
nginx-deployment,Deployment/nginx-deployment,0%/50%,3,12,6,11m
idx,152,LOG_TIME,2023-05-01T06:42:42,2023-05-01T01:42:42
NAME,REFERENCE,TARGETS,MINPODS,MAXPODS,REPLICAS,AGE
nginx-deployment,Deployment/nginx-deployment,0%/50%,3,12,6,11m
idx,153,LOG_TIME,2023-05-01T06:42:42,2023-05-01T01:42:42
NAME,REFERENCE,TARGETS,MINPODS,MAXPODS,REPLICAS,AGE
nginx-deployment,Deployment/nginx-deployment,0%/50%,3,12,6,11m
idx,154,LOG_TIME,2023-05-01T06:42:42,2023-05-01T01:42:42
NAME,REFERENCE,TARGETS,MINPODS,MAXPODS,REPLICAS,AGE
nginx-deployment,Deployment/nginx-deployment,0%/50%,3,12,6,11m
idx,155,LOG_TIME,2023-05-01T06:42:42,2023-05-01T01:42:42
NAME,REFERENCE,TARGETS,MINPODS,MAXPODS,REPLICAS,AGE
nginx-deployment,Deployment/nginx-deployment,0%/50%,3,12,6,11m
idx,156,LOG_TIME,2023-05-01T06:42:42,2023-05-01T01:42:42
NAME,REFERENCE,TARGETS,MINPODS,MAXPODS,REPLICAS,AGE
nginx-deployment,Deployment/nginx-deployment,0%/50%,3,12,6,11m
idx,157,LOG_TIME,2023-05-01T06:42:42,2023-05-01T01:42:42
NAME,REFERENCE,TARGETS,MINPODS,MAXPODS,REPLICAS,AGE
nginx-deployment,Deployment/nginx-deployment,0%/50%,3,12,6,11m
idx,158,LOG_TIME,2023-05-01T06:42:42,2023-05-01T01:42:42
NAME,REFERENCE,TARGETS,MINPODS,MAXPODS,REPLICAS,AGE
nginx-deployment,Deployment/nginx-deployment,0%/50%,3,12,6,11m
idx,159,LOG_TIME,2023-05-01T06:42:42,2023-05-01T01:42:42
NAME,REFERENCE,TARGETS,MINPODS,MAXPODS,REPLICAS,AGE
nginx-deployment,Deployment/nginx-deployment,0%/50%,3,12,6,11m
idx,160,LOG_TIME,2023-05-01T06:42:42,2023-05-01T01:42:42
NAME,REFERENCE,TARGETS,MINPODS,MAXPODS,REPLICAS,AGE
nginx-deployment,Deployment/nginx-deployment,0%/50%,3,12,6,11m
idx,161,LOG_TIME,2023-05-01T06:42:42,2023-05-01T01:42:42
NAME,REFERENCE,TARGETS,MINPODS,MAXPODS,REPLICAS,AGE
nginx-deployment,Deployment/nginx-deployment,0%/50%,3,12,6,11m
idx,162,LOG_TIME,2023-05-01T06:42:42,2023-05-01T01:42:42
NAME,REFERENCE,TARGETS,MINPODS,MAXPODS,REPLICAS,AGE
nginx-deployment,Deployment/nginx-deployment,0%/50%,3,12,6,11m
